[0:06:39.538543974] [9643] [1;32m INFO [1;37mCamera [1;34mcamera_manager.cpp:340 [0mlibcamera v0.6.0+rpt20251202
[0:06:39.546765008] [9663] [1;32m INFO [1;37mRPI [1;34mpisp.cpp:720 [0mlibpisp version 1.3.0
[0:06:39.549151990] [9663] [1;32m INFO [1;37mIPAProxy [1;34mipa_proxy.cpp:180 [0mUsing tuning file /usr/share/libcamera/ipa/rpi/pisp/imx477.json
[0:06:39.556061129] [9663] [1;32m INFO [1;37mCamera [1;34mcamera_manager.cpp:223 [0mAdding camera '/base/axi/pcie@1000120000/rp1/i2c@88000/imx477@1a' for pipeline handler rpi/pisp
[0:06:39.556088943] [9663] [1;32m INFO [1;37mRPI [1;34mpisp.cpp:1181 [0mRegistered camera /base/axi/pcie@1000120000/rp1/i2c@88000/imx477@1a to CFE device /dev/media1 and ISP device /dev/media0 using PiSP variant BCM2712_D0
[0:06:39.558921785] [9643] [1;32m INFO [1;37mCamera [1;34mcamera.cpp:1215 [0mconfiguring streams: (0) 4056x3040-BGR888/sRGB (1) 4056x3040-BGGR_PISP_COMP1/RAW
[0:06:39.559013357] [9663] [1;32m INFO [1;37mRPI [1;34mpisp.cpp:1485 [0mSensor: /base/axi/pcie@1000120000/rp1/i2c@88000/imx477@1a - Selected sensor format: 4056x3040-SBGGR12_1X12/RAW - Selected CFE format: 4056x3040-PC1B/RAW
Traceback (most recent call last):
  File "/home/pi/pi_trigger_2pics_BGR.py", line 261, in <module>
    main()
    ~~~~^^
  File "/home/pi/pi_trigger_2pics_BGR.py", line 143, in main
    udp_sock = setup_multicast_socket()
  File "/home/pi/pi_trigger_2pics_BGR.py", line 120, in setup_multicast_socket
    s.setsockopt(socket.IPPROTO_IP, socket.IP_ADD_MEMBERSHIP, mreq)
    ~~~~~~~~~~~~^^^^^^^^^^^^^^^^^^^^^^^^^^^^^^^^^^^^^^^^^^^^^^^^^^^
OSError: [Errno 19] No such device
[0:00:09.873512654] [1127] [1;32m INFO [1;37mCamera [1;34mcamera_manager.cpp:340 [0mlibcamera v0.6.0+rpt20251202
[0:00:09.882576077] [1164] [1;32m INFO [1;37mRPI [1;34mpisp.cpp:720 [0mlibpisp version 1.3.0
[0:00:09.899776461] [1164] [1;32m INFO [1;37mIPAProxy [1;34mipa_proxy.cpp:180 [0mUsing tuning file /usr/share/libcamera/ipa/rpi/pisp/imx477.json
[0:00:09.907208254] [1164] [1;32m INFO [1;37mCamera [1;34mcamera_manager.cpp:223 [0mAdding camera '/base/axi/pcie@1000120000/rp1/i2c@88000/imx477@1a' for pipeline handler rpi/pisp
[0:00:09.907236235] [1164] [1;32m INFO [1;37mRPI [1;34mpisp.cpp:1181 [0mRegistered camera /base/axi/pcie@1000120000/rp1/i2c@88000/imx477@1a to CFE device /dev/media2 and ISP device /dev/media0 using PiSP variant BCM2712_D0
[0:00:09.910497994] [1127] [1;32m INFO [1;37mCamera [1;34mcamera.cpp:1215 [0mconfiguring streams: (0) 4056x3040-BGR888/sRGB (1) 4056x3040-BGGR_PISP_COMP1/RAW
[0:00:09.910600417] [1164] [1;32m INFO [1;37mRPI [1;34mpisp.cpp:1485 [0mSensor: /base/axi/pcie@1000120000/rp1/i2c@88000/imx477@1a - Selected sensor format: 4056x3040-SBGGR12_1X12/RAW - Selected CFE format: 4056x3040-PC1B/RAW
Traceback (most recent call last):
  File "/home/pi/pi_trigger_2pics_BGR.py", line 273, in <module>
    main()
    ~~~~^^
  File "/home/pi/pi_trigger_2pics_BGR.py", line 155, in main
    udp_sock = setup_multicast_socket()
  File "/home/pi/pi_trigger_2pics_BGR.py", line 126, in setup_multicast_socket
    iface_ip = _get_default_ip()
  File "/home/pi/pi_trigger_2pics_BGR.py", line 121, in _get_default_ip
    tmp.connect(("192.168.178.5", 80))
    ~~~~~~~~~~~^^^^^^^^^^^^^^^^^^^^^^^
OSError: [Errno 101] Network is unreachable
[0:00:09.819430722] [1129] [1;32m INFO [1;37mCamera [1;34mcamera_manager.cpp:340 [0mlibcamera v0.6.0+rpt20251202
[0:00:09.828286297] [1166] [1;32m INFO [1;37mRPI [1;34mpisp.cpp:720 [0mlibpisp version 1.3.0
[0:00:09.845169411] [1166] [1;32m INFO [1;37mIPAProxy [1;34mipa_proxy.cpp:180 [0mUsing tuning file /usr/share/libcamera/ipa/rpi/pisp/imx477.json
[0:00:09.852538002] [1166] [1;32m INFO [1;37mCamera [1;34mcamera_manager.cpp:223 [0mAdding camera '/base/axi/pcie@1000120000/rp1/i2c@88000/imx477@1a' for pipeline handler rpi/pisp
[0:00:09.852564668] [1166] [1;32m INFO [1;37mRPI [1;34mpisp.cpp:1181 [0mRegistered camera /base/axi/pcie@1000120000/rp1/i2c@88000/imx477@1a to CFE device /dev/media0 and ISP device /dev/media2 using PiSP variant BCM2712_D0
[0:00:09.855622320] [1129] [1;32m INFO [1;37mCamera [1;34mcamera.cpp:1215 [0mconfiguring streams: (0) 4056x3040-BGR888/sRGB (1) 4056x3040-BGGR_PISP_COMP1/RAW
[0:00:09.855715466] [1166] [1;32m INFO [1;37mRPI [1;34mpisp.cpp:1485 [0mSensor: /base/axi/pcie@1000120000/rp1/i2c@88000/imx477@1a - Selected sensor format: 4056x3040-SBGGR12_1X12/RAW - Selected CFE format: 4056x3040-PC1B/RAW
Traceback (most recent call last):
  File "/home/pi/pi_trigger_2pics_BGR.py", line 273, in <module>
    main()
    ~~~~^^
  File "/home/pi/pi_trigger_2pics_BGR.py", line 155, in main
    udp_sock = setup_multicast_socket()
  File "/home/pi/pi_trigger_2pics_BGR.py", line 126, in setup_multicast_socket
    iface_ip = _get_default_ip()
  File "/home/pi/pi_trigger_2pics_BGR.py", line 121, in _get_default_ip
    tmp.connect(("192.168.178.5", 80))
    ~~~~~~~~~~~^^^^^^^^^^^^^^^^^^^^^^^
OSError: [Errno 101] Network is unreachable
[0:00:09.683209154] [1118] [1;32m INFO [1;37mCamera [1;34mcamera_manager.cpp:340 [0mlibcamera v0.6.0+rpt20251202
[0:00:09.692055025] [1164] [1;32m INFO [1;37mRPI [1;34mpisp.cpp:720 [0mlibpisp version 1.3.0
[0:00:09.708006753] [1164] [1;32m INFO [1;37mIPAProxy [1;34mipa_proxy.cpp:180 [0mUsing tuning file /usr/share/libcamera/ipa/rpi/pisp/imx477.json
[0:00:09.715456083] [1164] [1;32m INFO [1;37mCamera [1;34mcamera_manager.cpp:223 [0mAdding camera '/base/axi/pcie@1000120000/rp1/i2c@88000/imx477@1a' for pipeline handler rpi/pisp
[0:00:09.715483638] [1164] [1;32m INFO [1;37mRPI [1;34mpisp.cpp:1181 [0mRegistered camera /base/axi/pcie@1000120000/rp1/i2c@88000/imx477@1a to CFE device /dev/media1 and ISP device /dev/media0 using PiSP variant BCM2712_D0
[0:00:09.718897449] [1118] [1;32m INFO [1;37mCamera [1;34mcamera.cpp:1215 [0mconfiguring streams: (0) 4056x3040-BGR888/sRGB (1) 4056x3040-BGGR_PISP_COMP1/RAW
[0:00:09.719001187] [1164] [1;32m INFO [1;37mRPI [1;34mpisp.cpp:1485 [0mSensor: /base/axi/pcie@1000120000/rp1/i2c@88000/imx477@1a - Selected sensor format: 4056x3040-SBGGR12_1X12/RAW - Selected CFE format: 4056x3040-PC1B/RAW
Traceback (most recent call last):
  File "/home/pi/pi_trigger_2pics_BGR.py", line 273, in <module>
    main()
    ~~~~^^
  File "/home/pi/pi_trigger_2pics_BGR.py", line 155, in main
    udp_sock = setup_multicast_socket()
  File "/home/pi/pi_trigger_2pics_BGR.py", line 126, in setup_multicast_socket
    iface_ip = _get_default_ip()
  File "/home/pi/pi_trigger_2pics_BGR.py", line 121, in _get_default_ip
    tmp.connect(("192.168.178.5", 80))
    ~~~~~~~~~~~^^^^^^^^^^^^^^^^^^^^^^^
OSError: [Errno 101] Network is unreachable
Traceback (most recent call last):
  File "/home/pi/pi_trigger_2pics_BGR.py", line 273, in <module>
    main()
    ~~~~^^
  File "/home/pi/pi_trigger_2pics_BGR.py", line 155, in main
    udp_sock = setup_multicast_socket()
  File "/home/pi/pi_trigger_2pics_BGR.py", line 126, in setup_multicast_socket
    iface_ip = _get_default_ip()
  File "/home/pi/pi_trigger_2pics_BGR.py", line 121, in _get_default_ip
    tmp.connect(("192.168.178.5", 80))
    ~~~~~~~~~~~^^^^^^^^^^^^^^^^^^^^^^^
OSError: [Errno 101] Network is unreachable
Traceback (most recent call last):
  File "/home/pi/pi_trigger_2pics_BGR.py", line 273, in <module>
    main()
    ~~~~^^
  File "/home/pi/pi_trigger_2pics_BGR.py", line 155, in main
    udp_sock = setup_multicast_socket()
  File "/home/pi/pi_trigger_2pics_BGR.py", line 126, in setup_multicast_socket
    iface_ip = _get_default_ip()
  File "/home/pi/pi_trigger_2pics_BGR.py", line 121, in _get_default_ip
    tmp.connect(("192.168.178.5", 80))
    ~~~~~~~~~~~^^^^^^^^^^^^^^^^^^^^^^^
OSError: [Errno 101] Network is unreachable
Traceback (most recent call last):
  File "/home/pi/pi_trigger_2pics_BGR.py", line 273, in <module>
    main()
    ~~~~^^
  File "/home/pi/pi_trigger_2pics_BGR.py", line 155, in main
    udp_sock = setup_multicast_socket()
  File "/home/pi/pi_trigger_2pics_BGR.py", line 126, in setup_multicast_socket
    iface_ip = _get_default_ip()
  File "/home/pi/pi_trigger_2pics_BGR.py", line 121, in _get_default_ip
    tmp.connect(("192.168.178.5", 80))
    ~~~~~~~~~~~^^^^^^^^^^^^^^^^^^^^^^^
OSError: [Errno 101] Network is unreachable
Traceback (most recent call last):
  File "/home/pi/pi_trigger_2pics_BGR.py", line 273, in <module>
    main()
    ~~~~^^
  File "/home/pi/pi_trigger_2pics_BGR.py", line 155, in main
    udp_sock = setup_multicast_socket()
  File "/home/pi/pi_trigger_2pics_BGR.py", line 126, in setup_multicast_socket
    iface_ip = _get_default_ip()
  File "/home/pi/pi_trigger_2pics_BGR.py", line 121, in _get_default_ip
    tmp.connect(("192.168.178.5", 80))
    ~~~~~~~~~~~^^^^^^^^^^^^^^^^^^^^^^^
OSError: [Errno 101] Network is unreachable
[0:02:08.445043153] [3718] [1;32m INFO [1;37mCamera [1;34mcamera_manager.cpp:340 [0mlibcamera v0.6.0+rpt20251202
[0:02:08.453278555] [3739] [1;32m INFO [1;37mRPI [1;34mpisp.cpp:720 [0mlibpisp version 1.3.0
[0:02:08.455638445] [3739] [1;32m INFO [1;37mIPAProxy [1;34mipa_proxy.cpp:180 [0mUsing tuning file /usr/share/libcamera/ipa/rpi/pisp/imx477.json
[0:02:08.462357234] [3739] [1;32m INFO [1;37mCamera [1;34mcamera_manager.cpp:223 [0mAdding camera '/base/axi/pcie@1000120000/rp1/i2c@88000/imx477@1a' for pipeline handler rpi/pisp
[0:02:08.462384511] [3739] [1;32m INFO [1;37mRPI [1;34mpisp.cpp:1181 [0mRegistered camera /base/axi/pcie@1000120000/rp1/i2c@88000/imx477@1a to CFE device /dev/media0 and ISP device /dev/media1 using PiSP variant BCM2712_D0
[0:02:08.465332239] [3718] [1;32m INFO [1;37mCamera [1;34mcamera.cpp:1215 [0mconfiguring streams: (0) 4056x3040-BGR888/sRGB (1) 4056x3040-BGGR_PISP_COMP1/RAW
[0:02:08.465432922] [3739] [1;32m INFO [1;37mRPI [1;34mpisp.cpp:1485 [0mSensor: /base/axi/pcie@1000120000/rp1/i2c@88000/imx477@1a - Selected sensor format: 4056x3040-SBGGR12_1X12/RAW - Selected CFE format: 4056x3040-PC1B/RAW
[0:03:11.854420900] [5084] [1;32m INFO [1;37mCamera [1;34mcamera_manager.cpp:340 [0mlibcamera v0.6.0+rpt20251202
[0:03:11.862620270] [5103] [1;32m INFO [1;37mRPI [1;34mpisp.cpp:720 [0mlibpisp version 1.3.0
[0:03:11.864984821] [5103] [1;32m INFO [1;37mIPAProxy [1;34mipa_proxy.cpp:180 [0mUsing tuning file /usr/share/libcamera/ipa/rpi/pisp/imx477.json
[0:03:11.871699658] [5103] [1;32m INFO [1;37mCamera [1;34mcamera_manager.cpp:223 [0mAdding camera '/base/axi/pcie@1000120000/rp1/i2c@88000/imx477@1a' for pipeline handler rpi/pisp
[0:03:11.871725880] [5103] [1;32m INFO [1;37mRPI [1;34mpisp.cpp:1181 [0mRegistered camera /base/axi/pcie@1000120000/rp1/i2c@88000/imx477@1a to CFE device /dev/media0 and ISP device /dev/media1 using PiSP variant BCM2712_D0
[0:03:11.874651688] [5084] [1;32m INFO [1;37mCamera [1;34mcamera.cpp:1215 [0mconfiguring streams: (0) 4056x3040-BGR888/sRGB (1) 4056x3040-BGGR_PISP_COMP1/RAW
[0:03:11.874751559] [5103] [1;32m INFO [1;37mRPI [1;34mpisp.cpp:1485 [0mSensor: /base/axi/pcie@1000120000/rp1/i2c@88000/imx477@1a - Selected sensor format: 4056x3040-SBGGR12_1X12/RAW - Selected CFE format: 4056x3040-PC1B/RAW
Traceback (most recent call last):
  File "/home/pi/pi_trigger_2pics_BGR.py", line 273, in <module>
    main()
    ~~~~^^
  File "/home/pi/pi_trigger_2pics_BGR.py", line 155, in main
    udp_sock = setup_multicast_socket()
  File "/home/pi/pi_trigger_2pics_BGR.py", line 126, in setup_multicast_socket
    iface_ip = _get_default_ip()
  File "/home/pi/pi_trigger_2pics_BGR.py", line 121, in _get_default_ip
    tmp.connect(("192.168.178.5", 80))
    ~~~~~~~~~~~^^^^^^^^^^^^^^^^^^^^^^^
OSError: [Errno 101] Network is unreachable
Traceback (most recent call last):
  File "/home/pi/pi_trigger_2pics_BGR.py", line 273, in <module>
    main()
    ~~~~^^
  File "/home/pi/pi_trigger_2pics_BGR.py", line 155, in main
    udp_sock = setup_multicast_socket()
  File "/home/pi/pi_trigger_2pics_BGR.py", line 126, in setup_multicast_socket
    iface_ip = _get_default_ip()
  File "/home/pi/pi_trigger_2pics_BGR.py", line 121, in _get_default_ip
    tmp.connect(("192.168.178.5", 80))
    ~~~~~~~~~~~^^^^^^^^^^^^^^^^^^^^^^^
OSError: [Errno 101] Network is unreachable
Traceback (most recent call last):
  File "/home/pi/pi_trigger_2pics_BGR.py", line 273, in <module>
    main()
    ~~~~^^
  File "/home/pi/pi_trigger_2pics_BGR.py", line 155, in main
    udp_sock = setup_multicast_socket()
  File "/home/pi/pi_trigger_2pics_BGR.py", line 126, in setup_multicast_socket
    iface_ip = _get_default_ip()
  File "/home/pi/pi_trigger_2pics_BGR.py", line 121, in _get_default_ip
    tmp.connect(("192.168.178.5", 80))
    ~~~~~~~~~~~^^^^^^^^^^^^^^^^^^^^^^^
OSError: [Errno 101] Network is unreachable
Traceback (most recent call last):
  File "/home/pi/pi_trigger_2pics_BGR.py", line 273, in <module>
    main()
    ~~~~^^
  File "/home/pi/pi_trigger_2pics_BGR.py", line 155, in main
    udp_sock = setup_multicast_socket()
  File "/home/pi/pi_trigger_2pics_BGR.py", line 126, in setup_multicast_socket
    iface_ip = _get_default_ip()
  File "/home/pi/pi_trigger_2pics_BGR.py", line 121, in _get_default_ip
    tmp.connect(("192.168.178.5", 80))
    ~~~~~~~~~~~^^^^^^^^^^^^^^^^^^^^^^^
OSError: [Errno 101] Network is unreachable
Traceback (most recent call last):
  File "/home/pi/pi_trigger_2pics_BGR.py", line 273, in <module>
    main()
    ~~~~^^
  File "/home/pi/pi_trigger_2pics_BGR.py", line 155, in main
    udp_sock = setup_multicast_socket()
  File "/home/pi/pi_trigger_2pics_BGR.py", line 126, in setup_multicast_socket
    iface_ip = _get_default_ip()
  File "/home/pi/pi_trigger_2pics_BGR.py", line 121, in _get_default_ip
    tmp.connect(("192.168.178.5", 80))
    ~~~~~~~~~~~^^^^^^^^^^^^^^^^^^^^^^^
OSError: [Errno 101] Network is unreachable
Traceback (most recent call last):
  File "/home/pi/pi_trigger_2pics_BGR.py", line 273, in <module>
    main()
    ~~~~^^
  File "/home/pi/pi_trigger_2pics_BGR.py", line 155, in main
    udp_sock = setup_multicast_socket()
  File "/home/pi/pi_trigger_2pics_BGR.py", line 125, in setup_multicast_socket
    iface_ip = _get_default_ip()
  File "/home/pi/pi_trigger_2pics_BGR.py", line 120, in _get_default_ip
    tmp.connect(("192.168.178.5", 80))
    ~~~~~~~~~~~^^^^^^^^^^^^^^^^^^^^^^^
OSError: [Errno 101] Network is unreachable
[0:00:14.357567742] [1318] [1;32m INFO [1;37mCamera [1;34mcamera_manager.cpp:340 [0mlibcamera v0.6.0+rpt20251202
[0:00:14.365769046] [1339] [1;32m INFO [1;37mRPI [1;34mpisp.cpp:720 [0mlibpisp version 1.3.0
[0:00:14.368147476] [1339] [1;32m INFO [1;37mIPAProxy [1;34mipa_proxy.cpp:180 [0mUsing tuning file /usr/share/libcamera/ipa/rpi/pisp/imx477.json
[0:00:14.374846016] [1339] [1;32m INFO [1;37mCamera [1;34mcamera_manager.cpp:223 [0mAdding camera '/base/axi/pcie@1000120000/rp1/i2c@88000/imx477@1a' for pipeline handler rpi/pisp
[0:00:14.374874330] [1339] [1;32m INFO [1;37mRPI [1;34mpisp.cpp:1181 [0mRegistered camera /base/axi/pcie@1000120000/rp1/i2c@88000/imx477@1a to CFE device /dev/media1 and ISP device /dev/media0 using PiSP variant BCM2712_D0
[0:00:14.377898043] [1318] [1;32m INFO [1;37mCamera [1;34mcamera.cpp:1215 [0mconfiguring streams: (0) 4056x3040-BGR888/sRGB (1) 4056x3040-BGGR_PISP_COMP1/RAW
[0:00:14.377994392] [1339] [1;32m INFO [1;37mRPI [1;34mpisp.cpp:1485 [0mSensor: /base/axi/pcie@1000120000/rp1/i2c@88000/imx477@1a - Selected sensor format: 4056x3040-SBGGR12_1X12/RAW - Selected CFE format: 4056x3040-PC1B/RAW
Traceback (most recent call last):
  File "/home/pi/pi_trigger_2pics_BGR.py", line 273, in <module>
    main()
    ~~~~^^
  File "/home/pi/pi_trigger_2pics_BGR.py", line 155, in main
    udp_sock = setup_multicast_socket()
  File "/home/pi/pi_trigger_2pics_BGR.py", line 125, in setup_multicast_socket
    iface_ip = _get_default_ip()
  File "/home/pi/pi_trigger_2pics_BGR.py", line 120, in _get_default_ip
    tmp.connect(("192.168.178.5", 80))
    ~~~~~~~~~~~^^^^^^^^^^^^^^^^^^^^^^^
OSError: [Errno 101] Network is unreachable
[0:00:14.769004960] [1319] [1;32m INFO [1;37mCamera [1;34mcamera_manager.cpp:340 [0mlibcamera v0.6.0+rpt20251202
[0:00:14.777149377] [1338] [1;32m INFO [1;37mRPI [1;34mpisp.cpp:720 [0mlibpisp version 1.3.0
[0:00:14.779508418] [1338] [1;32m INFO [1;37mIPAProxy [1;34mipa_proxy.cpp:180 [0mUsing tuning file /usr/share/libcamera/ipa/rpi/pisp/imx477.json
[0:00:14.786671745] [1338] [1;32m INFO [1;37mCamera [1;34mcamera_manager.cpp:223 [0mAdding camera '/base/axi/pcie@1000120000/rp1/i2c@88000/imx477@1a' for pipeline handler rpi/pisp
[0:00:14.786700152] [1338] [1;32m INFO [1;37mRPI [1;34mpisp.cpp:1181 [0mRegistered camera /base/axi/pcie@1000120000/rp1/i2c@88000/imx477@1a to CFE device /dev/media0 and ISP device /dev/media2 using PiSP variant BCM2712_D0
[0:00:14.789556201] [1319] [1;32m INFO [1;37mCamera [1;34mcamera.cpp:1215 [0mconfiguring streams: (0) 4056x3040-BGR888/sRGB (1) 4056x3040-BGGR_PISP_COMP1/RAW
[0:00:14.789656125] [1338] [1;32m INFO [1;37mRPI [1;34mpisp.cpp:1485 [0mSensor: /base/axi/pcie@1000120000/rp1/i2c@88000/imx477@1a - Selected sensor format: 4056x3040-SBGGR12_1X12/RAW - Selected CFE format: 4056x3040-PC1B/RAW
[0:10:29.675089492] [14459] [1;32m INFO [1;37mCamera [1;34mcamera_manager.cpp:340 [0mlibcamera v0.6.0+rpt20251202
[0:10:29.683453552] [14478] [1;32m INFO [1;37mRPI [1;34mpisp.cpp:720 [0mlibpisp version 1.3.0
[0:10:29.685876703] [14478] [1;32m INFO [1;37mIPAProxy [1;34mipa_proxy.cpp:180 [0mUsing tuning file /usr/share/libcamera/ipa/rpi/pisp/imx477.json
[0:10:29.692666482] [14478] [1;32m INFO [1;37mCamera [1;34mcamera_manager.cpp:223 [0mAdding camera '/base/axi/pcie@1000120000/rp1/i2c@88000/imx477@1a' for pipeline handler rpi/pisp
[0:10:29.692691334] [14478] [1;32m INFO [1;37mRPI [1;34mpisp.cpp:1181 [0mRegistered camera /base/axi/pcie@1000120000/rp1/i2c@88000/imx477@1a to CFE device /dev/media0 and ISP device /dev/media2 using PiSP variant BCM2712_D0
[0:10:29.695611067] [14459] [1;32m INFO [1;37mCamera [1;34mcamera.cpp:1215 [0mconfiguring streams: (0) 4056x3040-BGR888/sRGB (1) 4056x3040-BGGR_PISP_COMP1/RAW
[0:10:29.695713916] [14478] [1;32m INFO [1;37mRPI [1;34mpisp.cpp:1485 [0mSensor: /base/axi/pcie@1000120000/rp1/i2c@88000/imx477@1a - Selected sensor format: 4056x3040-SBGGR12_1X12/RAW - Selected CFE format: 4056x3040-PC1B/RAW
Traceback (most recent call last):
  File "/home/pi/pi_trigger_2pics_BGR.py", line 273, in <module>
    main()
    ~~~~^^
  File "/home/pi/pi_trigger_2pics_BGR.py", line 155, in main
    udp_sock = setup_multicast_socket()
  File "/home/pi/pi_trigger_2pics_BGR.py", line 125, in setup_multicast_socket
    iface_ip = _get_default_ip()
  File "/home/pi/pi_trigger_2pics_BGR.py", line 120, in _get_default_ip
    tmp.connect(("192.168.178.5", 80))
    ~~~~~~~~~~~^^^^^^^^^^^^^^^^^^^^^^^
OSError: [Errno 101] Network is unreachable
Traceback (most recent call last):
  File "/home/pi/pi_trigger_2pics_BGR.py", line 273, in <module>
    main()
    ~~~~^^
  File "/home/pi/pi_trigger_2pics_BGR.py", line 155, in main
    udp_sock = setup_multicast_socket()
  File "/home/pi/pi_trigger_2pics_BGR.py", line 125, in setup_multicast_socket
    iface_ip = _get_default_ip()
  File "/home/pi/pi_trigger_2pics_BGR.py", line 120, in _get_default_ip
    tmp.connect(("192.168.178.5", 80))
    ~~~~~~~~~~~^^^^^^^^^^^^^^^^^^^^^^^
OSError: [Errno 101] Network is unreachable
Traceback (most recent call last):
  File "/home/pi/pi_trigger_2pics_BGR.py", line 273, in <module>
    main()
    ~~~~^^
  File "/home/pi/pi_trigger_2pics_BGR.py", line 155, in main
    udp_sock = setup_multicast_socket()
  File "/home/pi/pi_trigger_2pics_BGR.py", line 125, in setup_multicast_socket
    iface_ip = _get_default_ip()
  File "/home/pi/pi_trigger_2pics_BGR.py", line 120, in _get_default_ip
    tmp.connect(("192.168.178.5", 80))
    ~~~~~~~~~~~^^^^^^^^^^^^^^^^^^^^^^^
OSError: [Errno 101] Network is unreachable
Traceback (most recent call last):
  File "/home/pi/pi_trigger_2pics_BGR.py", line 273, in <module>
    main()
    ~~~~^^
  File "/home/pi/pi_trigger_2pics_BGR.py", line 155, in main
    udp_sock = setup_multicast_socket()
  File "/home/pi/pi_trigger_2pics_BGR.py", line 125, in setup_multicast_socket
    iface_ip = _get_default_ip()
  File "/home/pi/pi_trigger_2pics_BGR.py", line 120, in _get_default_ip
    tmp.connect(("192.168.178.5", 80))
    ~~~~~~~~~~~^^^^^^^^^^^^^^^^^^^^^^^
OSError: [Errno 101] Network is unreachable
Traceback (most recent call last):
  File "/home/pi/pi_trigger_2pics_BGR.py", line 273, in <module>
    main()
    ~~~~^^
  File "/home/pi/pi_trigger_2pics_BGR.py", line 155, in main
    udp_sock = setup_multicast_socket()
  File "/home/pi/pi_trigger_2pics_BGR.py", line 125, in setup_multicast_socket
    iface_ip = _get_default_ip()
  File "/home/pi/pi_trigger_2pics_BGR.py", line 120, in _get_default_ip
    tmp.connect(("192.168.178.5", 80))
    ~~~~~~~~~~~^^^^^^^^^^^^^^^^^^^^^^^
OSError: [Errno 101] Network is unreachable
Traceback (most recent call last):
  File "/home/pi/pi_trigger_2pics_BGR.py", line 273, in <module>
    main()
    ~~~~^^
  File "/home/pi/pi_trigger_2pics_BGR.py", line 155, in main
    udp_sock = setup_multicast_socket()
  File "/home/pi/pi_trigger_2pics_BGR.py", line 125, in setup_multicast_socket
    iface_ip = _get_default_ip()
  File "/home/pi/pi_trigger_2pics_BGR.py", line 120, in _get_default_ip
    tmp.connect(("192.168.178.5", 80))
    ~~~~~~~~~~~^^^^^^^^^^^^^^^^^^^^^^^
OSError: [Errno 101] Network is unreachable
Traceback (most recent call last):
  File "/home/pi/pi_trigger_2pics_BGR.py", line 273, in <module>
    main()
    ~~~~^^
  File "/home/pi/pi_trigger_2pics_BGR.py", line 155, in main
    udp_sock = setup_multicast_socket()
  File "/home/pi/pi_trigger_2pics_BGR.py", line 125, in setup_multicast_socket
    iface_ip = _get_default_ip()
  File "/home/pi/pi_trigger_2pics_BGR.py", line 120, in _get_default_ip
    tmp.connect(("192.168.178.5", 80))
    ~~~~~~~~~~~^^^^^^^^^^^^^^^^^^^^^^^
OSError: [Errno 101] Network is unreachable
Traceback (most recent call last):
  File "/home/pi/pi_trigger_2pics_BGR.py", line 273, in <module>
    main()
    ~~~~^^
  File "/home/pi/pi_trigger_2pics_BGR.py", line 155, in main
    udp_sock = setup_multicast_socket()
  File "/home/pi/pi_trigger_2pics_BGR.py", line 125, in setup_multicast_socket
    iface_ip = _get_default_ip()
  File "/home/pi/pi_trigger_2pics_BGR.py", line 120, in _get_default_ip
    tmp.connect(("192.168.178.5", 80))
    ~~~~~~~~~~~^^^^^^^^^^^^^^^^^^^^^^^
OSError: [Errno 101] Network is unreachable
Traceback (most recent call last):
  File "/home/pi/pi_trigger_2pics_BGR.py", line 273, in <module>
    main()
    ~~~~^^
  File "/home/pi/pi_trigger_2pics_BGR.py", line 155, in main
    udp_sock = setup_multicast_socket()
  File "/home/pi/pi_trigger_2pics_BGR.py", line 125, in setup_multicast_socket
    iface_ip = _get_default_ip()
  File "/home/pi/pi_trigger_2pics_BGR.py", line 120, in _get_default_ip
    tmp.connect(("192.168.178.5", 80))
    ~~~~~~~~~~~^^^^^^^^^^^^^^^^^^^^^^^
OSError: [Errno 101] Network is unreachable
[0:01:00.724508567] [2319] [1;32m INFO [1;37mCamera [1;34mcamera_manager.cpp:340 [0mlibcamera v0.6.0+rpt20251202
[0:01:00.732701593] [2342] [1;32m INFO [1;37mRPI [1;34mpisp.cpp:720 [0mlibpisp version 1.3.0
[0:01:00.735038691] [2342] [1;32m INFO [1;37mIPAProxy [1;34mipa_proxy.cpp:180 [0mUsing tuning file /usr/share/libcamera/ipa/rpi/pisp/imx477.json
[0:01:00.741771767] [2342] [1;32m INFO [1;37mCamera [1;34mcamera_manager.cpp:223 [0mAdding camera '/base/axi/pcie@1000120000/rp1/i2c@88000/imx477@1a' for pipeline handler rpi/pisp
[0:01:00.741799766] [2342] [1;32m INFO [1;37mRPI [1;34mpisp.cpp:1181 [0mRegistered camera /base/axi/pcie@1000120000/rp1/i2c@88000/imx477@1a to CFE device /dev/media2 and ISP device /dev/media0 using PiSP variant BCM2712_D0
[0:01:00.744612965] [2319] [1;32m INFO [1;37mCamera [1;34mcamera.cpp:1215 [0mconfiguring streams: (0) 4056x3040-BGR888/sRGB (1) 4056x3040-BGGR_PISP_COMP1/RAW
[0:01:00.744709407] [2342] [1;32m INFO [1;37mRPI [1;34mpisp.cpp:1485 [0mSensor: /base/axi/pcie@1000120000/rp1/i2c@88000/imx477@1a - Selected sensor format: 4056x3040-SBGGR12_1X12/RAW - Selected CFE format: 4056x3040-PC1B/RAW
Traceback (most recent call last):
  File "/home/pi/pi_trigger_2pics_BGR.py", line 273, in <module>
    main()
    ~~~~^^
  File "/home/pi/pi_trigger_2pics_BGR.py", line 155, in main
    udp_sock = setup_multicast_socket()
  File "/home/pi/pi_trigger_2pics_BGR.py", line 125, in setup_multicast_socket
    iface_ip = _get_default_ip()
  File "/home/pi/pi_trigger_2pics_BGR.py", line 120, in _get_default_ip
    tmp.connect(("192.168.178.5", 80))
    ~~~~~~~~~~~^^^^^^^^^^^^^^^^^^^^^^^
OSError: [Errno 101] Network is unreachable
[0:00:14.936356371] [1323] [1;32m INFO [1;37mCamera [1;34mcamera_manager.cpp:340 [0mlibcamera v0.6.0+rpt20251202
[0:00:14.944551330] [1342] [1;32m INFO [1;37mRPI [1;34mpisp.cpp:720 [0mlibpisp version 1.3.0
[0:00:14.946913887] [1342] [1;32m INFO [1;37mIPAProxy [1;34mipa_proxy.cpp:180 [0mUsing tuning file /usr/share/libcamera/ipa/rpi/pisp/imx477.json
[0:00:14.953624165] [1342] [1;32m INFO [1;37mCamera [1;34mcamera_manager.cpp:223 [0mAdding camera '/base/axi/pcie@1000120000/rp1/i2c@88000/imx477@1a' for pipeline handler rpi/pisp
[0:00:14.953651832] [1342] [1;32m INFO [1;37mRPI [1;34mpisp.cpp:1181 [0mRegistered camera /base/axi/pcie@1000120000/rp1/i2c@88000/imx477@1a to CFE device /dev/media2 and ISP device /dev/media0 using PiSP variant BCM2712_D0
[0:00:14.956783433] [1323] [1;32m INFO [1;37mCamera [1;34mcamera.cpp:1215 [0mconfiguring streams: (0) 4056x3040-BGR888/sRGB (1) 4056x3040-BGGR_PISP_COMP1/RAW
[0:00:14.956881804] [1342] [1;32m INFO [1;37mRPI [1;34mpisp.cpp:1485 [0mSensor: /base/axi/pcie@1000120000/rp1/i2c@88000/imx477@1a - Selected sensor format: 4056x3040-SBGGR12_1X12/RAW - Selected CFE format: 4056x3040-PC1B/RAW
Traceback (most recent call last):
  File "/home/pi/pi_trigger_2pics_BGR.py", line 273, in <module>
    main()
    ~~~~^^
  File "/home/pi/pi_trigger_2pics_BGR.py", line 155, in main
    udp_sock = setup_multicast_socket()
  File "/home/pi/pi_trigger_2pics_BGR.py", line 125, in setup_multicast_socket
    iface_ip = _get_default_ip()
  File "/home/pi/pi_trigger_2pics_BGR.py", line 120, in _get_default_ip
    tmp.connect(("192.168.178.5", 80))
    ~~~~~~~~~~~^^^^^^^^^^^^^^^^^^^^^^^
OSError: [Errno 101] Network is unreachable
Traceback (most recent call last):
  File "/home/pi/pi_trigger_2pics_BGR.py", line 273, in <module>
    main()
    ~~~~^^
  File "/home/pi/pi_trigger_2pics_BGR.py", line 155, in main
    udp_sock = setup_multicast_socket()
  File "/home/pi/pi_trigger_2pics_BGR.py", line 125, in setup_multicast_socket
    iface_ip = _get_default_ip()
  File "/home/pi/pi_trigger_2pics_BGR.py", line 120, in _get_default_ip
    tmp.connect(("192.168.178.5", 80))
    ~~~~~~~~~~~^^^^^^^^^^^^^^^^^^^^^^^
OSError: [Errno 101] Network is unreachable
Traceback (most recent call last):
  File "/home/pi/pi_trigger_2pics_BGR.py", line 273, in <module>
    main()
    ~~~~^^
  File "/home/pi/pi_trigger_2pics_BGR.py", line 155, in main
    udp_sock = setup_multicast_socket()
  File "/home/pi/pi_trigger_2pics_BGR.py", line 125, in setup_multicast_socket
    iface_ip = _get_default_ip()
  File "/home/pi/pi_trigger_2pics_BGR.py", line 120, in _get_default_ip
    tmp.connect(("192.168.178.5", 80))
    ~~~~~~~~~~~^^^^^^^^^^^^^^^^^^^^^^^
OSError: [Errno 101] Network is unreachable
Traceback (most recent call last):
  File "/home/pi/pi_trigger_2pics_BGR.py", line 273, in <module>
    main()
    ~~~~^^
  File "/home/pi/pi_trigger_2pics_BGR.py", line 155, in main
    udp_sock = setup_multicast_socket()
  File "/home/pi/pi_trigger_2pics_BGR.py", line 125, in setup_multicast_socket
    iface_ip = _get_default_ip()
  File "/home/pi/pi_trigger_2pics_BGR.py", line 120, in _get_default_ip
    tmp.connect(("192.168.178.5", 80))
    ~~~~~~~~~~~^^^^^^^^^^^^^^^^^^^^^^^
OSError: [Errno 101] Network is unreachable
Traceback (most recent call last):
  File "/home/pi/pi_trigger_2pics_BGR.py", line 273, in <module>
    main()
    ~~~~^^
  File "/home/pi/pi_trigger_2pics_BGR.py", line 155, in main
    udp_sock = setup_multicast_socket()
  File "/home/pi/pi_trigger_2pics_BGR.py", line 125, in setup_multicast_socket
    iface_ip = _get_default_ip()
  File "/home/pi/pi_trigger_2pics_BGR.py", line 120, in _get_default_ip
    tmp.connect(("192.168.178.5", 80))
    ~~~~~~~~~~~^^^^^^^^^^^^^^^^^^^^^^^
OSError: [Errno 101] Network is unreachable
Traceback (most recent call last):
  File "/home/pi/pi_trigger_2pics_BGR.py", line 273, in <module>
    main()
    ~~~~^^
  File "/home/pi/pi_trigger_2pics_BGR.py", line 155, in main
    udp_sock = setup_multicast_socket()
  File "/home/pi/pi_trigger_2pics_BGR.py", line 125, in setup_multicast_socket
    iface_ip = _get_default_ip()
  File "/home/pi/pi_trigger_2pics_BGR.py", line 120, in _get_default_ip
    tmp.connect(("192.168.178.5", 80))
    ~~~~~~~~~~~^^^^^^^^^^^^^^^^^^^^^^^
OSError: [Errno 101] Network is unreachable
Traceback (most recent call last):
  File "/home/pi/pi_trigger_2pics_BGR.py", line 273, in <module>
    main()
    ~~~~^^
  File "/home/pi/pi_trigger_2pics_BGR.py", line 155, in main
    udp_sock = setup_multicast_socket()
  File "/home/pi/pi_trigger_2pics_BGR.py", line 125, in setup_multicast_socket
    iface_ip = _get_default_ip()
  File "/home/pi/pi_trigger_2pics_BGR.py", line 120, in _get_default_ip
    tmp.connect(("192.168.178.5", 80))
    ~~~~~~~~~~~^^^^^^^^^^^^^^^^^^^^^^^
OSError: [Errno 101] Network is unreachable
Traceback (most recent call last):
  File "/home/pi/pi_trigger_2pics_BGR.py", line 273, in <module>
    main()
    ~~~~^^
  File "/home/pi/pi_trigger_2pics_BGR.py", line 155, in main
    udp_sock = setup_multicast_socket()
  File "/home/pi/pi_trigger_2pics_BGR.py", line 125, in setup_multicast_socket
    iface_ip = _get_default_ip()
  File "/home/pi/pi_trigger_2pics_BGR.py", line 120, in _get_default_ip
    tmp.connect(("192.168.178.5", 80))
    ~~~~~~~~~~~^^^^^^^^^^^^^^^^^^^^^^^
OSError: [Errno 101] Network is unreachable
Traceback (most recent call last):
  File "/home/pi/pi_trigger_2pics_BGR.py", line 273, in <module>
    main()
    ~~~~^^
  File "/home/pi/pi_trigger_2pics_BGR.py", line 155, in main
    udp_sock = setup_multicast_socket()
  File "/home/pi/pi_trigger_2pics_BGR.py", line 125, in setup_multicast_socket
    iface_ip = _get_default_ip()
  File "/home/pi/pi_trigger_2pics_BGR.py", line 120, in _get_default_ip
    tmp.connect(("192.168.178.5", 80))
    ~~~~~~~~~~~^^^^^^^^^^^^^^^^^^^^^^^
OSError: [Errno 101] Network is unreachable
Traceback (most recent call last):
  File "/home/pi/pi_trigger_2pics_BGR.py", line 273, in <module>
    main()
    ~~~~^^
  File "/home/pi/pi_trigger_2pics_BGR.py", line 155, in main
    udp_sock = setup_multicast_socket()
  File "/home/pi/pi_trigger_2pics_BGR.py", line 125, in setup_multicast_socket
    iface_ip = _get_default_ip()
  File "/home/pi/pi_trigger_2pics_BGR.py", line 120, in _get_default_ip
    tmp.connect(("192.168.178.5", 80))
    ~~~~~~~~~~~^^^^^^^^^^^^^^^^^^^^^^^
OSError: [Errno 101] Network is unreachable
Traceback (most recent call last):
  File "/home/pi/pi_trigger_2pics_BGR.py", line 273, in <module>
    main()
    ~~~~^^
  File "/home/pi/pi_trigger_2pics_BGR.py", line 155, in main
    udp_sock = setup_multicast_socket()
  File "/home/pi/pi_trigger_2pics_BGR.py", line 125, in setup_multicast_socket
    iface_ip = _get_default_ip()
  File "/home/pi/pi_trigger_2pics_BGR.py", line 120, in _get_default_ip
    tmp.connect(("192.168.178.5", 80))
    ~~~~~~~~~~~^^^^^^^^^^^^^^^^^^^^^^^
OSError: [Errno 101] Network is unreachable
Traceback (most recent call last):
  File "/home/pi/pi_trigger_2pics_BGR.py", line 273, in <module>
    main()
    ~~~~^^
  File "/home/pi/pi_trigger_2pics_BGR.py", line 155, in main
    udp_sock = setup_multicast_socket()
  File "/home/pi/pi_trigger_2pics_BGR.py", line 125, in setup_multicast_socket
    iface_ip = _get_default_ip()
  File "/home/pi/pi_trigger_2pics_BGR.py", line 120, in _get_default_ip
    tmp.connect(("192.168.178.5", 80))
    ~~~~~~~~~~~^^^^^^^^^^^^^^^^^^^^^^^
OSError: [Errno 101] Network is unreachable
Traceback (most recent call last):
  File "/home/pi/pi_trigger_2pics_BGR.py", line 273, in <module>
    main()
    ~~~~^^
  File "/home/pi/pi_trigger_2pics_BGR.py", line 155, in main
    udp_sock = setup_multicast_socket()
  File "/home/pi/pi_trigger_2pics_BGR.py", line 125, in setup_multicast_socket
    iface_ip = _get_default_ip()
  File "/home/pi/pi_trigger_2pics_BGR.py", line 120, in _get_default_ip
    tmp.connect(("192.168.178.5", 80))
    ~~~~~~~~~~~^^^^^^^^^^^^^^^^^^^^^^^
OSError: [Errno 101] Network is unreachable
Traceback (most recent call last):
  File "/home/pi/pi_trigger_2pics_BGR.py", line 273, in <module>
    main()
    ~~~~^^
  File "/home/pi/pi_trigger_2pics_BGR.py", line 155, in main
    udp_sock = setup_multicast_socket()
  File "/home/pi/pi_trigger_2pics_BGR.py", line 125, in setup_multicast_socket
    iface_ip = _get_default_ip()
  File "/home/pi/pi_trigger_2pics_BGR.py", line 120, in _get_default_ip
    tmp.connect(("192.168.178.5", 80))
    ~~~~~~~~~~~^^^^^^^^^^^^^^^^^^^^^^^
OSError: [Errno 101] Network is unreachable
Traceback (most recent call last):
  File "/home/pi/pi_trigger_2pics_BGR.py", line 273, in <module>
    main()
    ~~~~^^
  File "/home/pi/pi_trigger_2pics_BGR.py", line 155, in main
    udp_sock = setup_multicast_socket()
  File "/home/pi/pi_trigger_2pics_BGR.py", line 125, in setup_multicast_socket
    iface_ip = _get_default_ip()
  File "/home/pi/pi_trigger_2pics_BGR.py", line 120, in _get_default_ip
    tmp.connect(("192.168.178.5", 80))
    ~~~~~~~~~~~^^^^^^^^^^^^^^^^^^^^^^^
OSError: [Errno 101] Network is unreachable
Traceback (most recent call last):
  File "/home/pi/pi_trigger_2pics_BGR.py", line 273, in <module>
    main()
    ~~~~^^
  File "/home/pi/pi_trigger_2pics_BGR.py", line 155, in main
    udp_sock = setup_multicast_socket()
  File "/home/pi/pi_trigger_2pics_BGR.py", line 125, in setup_multicast_socket
    iface_ip = _get_default_ip()
  File "/home/pi/pi_trigger_2pics_BGR.py", line 120, in _get_default_ip
    tmp.connect(("192.168.178.5", 80))
    ~~~~~~~~~~~^^^^^^^^^^^^^^^^^^^^^^^
OSError: [Errno 101] Network is unreachable
Traceback (most recent call last):
  File "/home/pi/pi_trigger_2pics_BGR.py", line 273, in <module>
    main()
    ~~~~^^
  File "/home/pi/pi_trigger_2pics_BGR.py", line 155, in main
    udp_sock = setup_multicast_socket()
  File "/home/pi/pi_trigger_2pics_BGR.py", line 125, in setup_multicast_socket
    iface_ip = _get_default_ip()
  File "/home/pi/pi_trigger_2pics_BGR.py", line 120, in _get_default_ip
    tmp.connect(("192.168.178.5", 80))
    ~~~~~~~~~~~^^^^^^^^^^^^^^^^^^^^^^^
OSError: [Errno 101] Network is unreachable
Traceback (most recent call last):
  File "/home/pi/pi_trigger_2pics_BGR.py", line 273, in <module>
    main()
    ~~~~^^
  File "/home/pi/pi_trigger_2pics_BGR.py", line 155, in main
    udp_sock = setup_multicast_socket()
  File "/home/pi/pi_trigger_2pics_BGR.py", line 125, in setup_multicast_socket
    iface_ip = _get_default_ip()
  File "/home/pi/pi_trigger_2pics_BGR.py", line 120, in _get_default_ip
    tmp.connect(("192.168.178.5", 80))
    ~~~~~~~~~~~^^^^^^^^^^^^^^^^^^^^^^^
OSError: [Errno 101] Network is unreachable
Traceback (most recent call last):
  File "/home/pi/pi_trigger_2pics_BGR.py", line 273, in <module>
    main()
    ~~~~^^
  File "/home/pi/pi_trigger_2pics_BGR.py", line 155, in main
    udp_sock = setup_multicast_socket()
  File "/home/pi/pi_trigger_2pics_BGR.py", line 125, in setup_multicast_socket
    iface_ip = _get_default_ip()
  File "/home/pi/pi_trigger_2pics_BGR.py", line 120, in _get_default_ip
    tmp.connect(("192.168.178.5", 80))
    ~~~~~~~~~~~^^^^^^^^^^^^^^^^^^^^^^^
OSError: [Errno 101] Network is unreachable
Traceback (most recent call last):
  File "/home/pi/pi_trigger_2pics_BGR.py", line 273, in <module>
    main()
    ~~~~^^
  File "/home/pi/pi_trigger_2pics_BGR.py", line 155, in main
    udp_sock = setup_multicast_socket()
  File "/home/pi/pi_trigger_2pics_BGR.py", line 125, in setup_multicast_socket
    iface_ip = _get_default_ip()
  File "/home/pi/pi_trigger_2pics_BGR.py", line 120, in _get_default_ip
    tmp.connect(("192.168.178.5", 80))
    ~~~~~~~~~~~^^^^^^^^^^^^^^^^^^^^^^^
OSError: [Errno 101] Network is unreachable
Traceback (most recent call last):
  File "/home/pi/pi_trigger_2pics_BGR.py", line 273, in <module>
    main()
    ~~~~^^
  File "/home/pi/pi_trigger_2pics_BGR.py", line 155, in main
    udp_sock = setup_multicast_socket()
  File "/home/pi/pi_trigger_2pics_BGR.py", line 125, in setup_multicast_socket
    iface_ip = _get_default_ip()
  File "/home/pi/pi_trigger_2pics_BGR.py", line 120, in _get_default_ip
    tmp.connect(("192.168.178.5", 80))
    ~~~~~~~~~~~^^^^^^^^^^^^^^^^^^^^^^^
OSError: [Errno 101] Network is unreachable
Traceback (most recent call last):
  File "/home/pi/pi_trigger_2pics_BGR.py", line 273, in <module>
    main()
    ~~~~^^
  File "/home/pi/pi_trigger_2pics_BGR.py", line 155, in main
    udp_sock = setup_multicast_socket()
  File "/home/pi/pi_trigger_2pics_BGR.py", line 125, in setup_multicast_socket
    iface_ip = _get_default_ip()
  File "/home/pi/pi_trigger_2pics_BGR.py", line 120, in _get_default_ip
    tmp.connect(("192.168.178.5", 80))
    ~~~~~~~~~~~^^^^^^^^^^^^^^^^^^^^^^^
OSError: [Errno 101] Network is unreachable
Traceback (most recent call last):
  File "/home/pi/pi_trigger_2pics_BGR.py", line 273, in <module>
    main()
    ~~~~^^
  File "/home/pi/pi_trigger_2pics_BGR.py", line 155, in main
    udp_sock = setup_multicast_socket()
  File "/home/pi/pi_trigger_2pics_BGR.py", line 125, in setup_multicast_socket
    iface_ip = _get_default_ip()
  File "/home/pi/pi_trigger_2pics_BGR.py", line 120, in _get_default_ip
    tmp.connect(("192.168.178.5", 80))
    ~~~~~~~~~~~^^^^^^^^^^^^^^^^^^^^^^^
OSError: [Errno 101] Network is unreachable
Traceback (most recent call last):
  File "/home/pi/pi_trigger_2pics_BGR.py", line 273, in <module>
    main()
    ~~~~^^
  File "/home/pi/pi_trigger_2pics_BGR.py", line 155, in main
    udp_sock = setup_multicast_socket()
  File "/home/pi/pi_trigger_2pics_BGR.py", line 125, in setup_multicast_socket
    iface_ip = _get_default_ip()
  File "/home/pi/pi_trigger_2pics_BGR.py", line 120, in _get_default_ip
    tmp.connect(("192.168.178.5", 80))
    ~~~~~~~~~~~^^^^^^^^^^^^^^^^^^^^^^^
OSError: [Errno 101] Network is unreachable
Traceback (most recent call last):
  File "/home/pi/pi_trigger_2pics_BGR.py", line 273, in <module>
    main()
    ~~~~^^
  File "/home/pi/pi_trigger_2pics_BGR.py", line 155, in main
    udp_sock = setup_multicast_socket()
  File "/home/pi/pi_trigger_2pics_BGR.py", line 125, in setup_multicast_socket
    iface_ip = _get_default_ip()
  File "/home/pi/pi_trigger_2pics_BGR.py", line 120, in _get_default_ip
    tmp.connect(("192.168.178.5", 80))
    ~~~~~~~~~~~^^^^^^^^^^^^^^^^^^^^^^^
OSError: [Errno 101] Network is unreachable
Traceback (most recent call last):
  File "/home/pi/pi_trigger_2pics_BGR.py", line 273, in <module>
    main()
    ~~~~^^
  File "/home/pi/pi_trigger_2pics_BGR.py", line 155, in main
    udp_sock = setup_multicast_socket()
  File "/home/pi/pi_trigger_2pics_BGR.py", line 125, in setup_multicast_socket
    iface_ip = _get_default_ip()
  File "/home/pi/pi_trigger_2pics_BGR.py", line 120, in _get_default_ip
    tmp.connect(("192.168.178.5", 80))
    ~~~~~~~~~~~^^^^^^^^^^^^^^^^^^^^^^^
OSError: [Errno 101] Network is unreachable
Traceback (most recent call last):
  File "/home/pi/pi_trigger_2pics_BGR.py", line 273, in <module>
    main()
    ~~~~^^
  File "/home/pi/pi_trigger_2pics_BGR.py", line 155, in main
    udp_sock = setup_multicast_socket()
  File "/home/pi/pi_trigger_2pics_BGR.py", line 125, in setup_multicast_socket
    iface_ip = _get_default_ip()
  File "/home/pi/pi_trigger_2pics_BGR.py", line 120, in _get_default_ip
    tmp.connect(("192.168.178.5", 80))
    ~~~~~~~~~~~^^^^^^^^^^^^^^^^^^^^^^^
OSError: [Errno 101] Network is unreachable
Traceback (most recent call last):
  File "/home/pi/pi_trigger_2pics_BGR.py", line 273, in <module>
    main()
    ~~~~^^
  File "/home/pi/pi_trigger_2pics_BGR.py", line 155, in main
    udp_sock = setup_multicast_socket()
  File "/home/pi/pi_trigger_2pics_BGR.py", line 125, in setup_multicast_socket
    iface_ip = _get_default_ip()
  File "/home/pi/pi_trigger_2pics_BGR.py", line 120, in _get_default_ip
    tmp.connect(("192.168.178.5", 80))
    ~~~~~~~~~~~^^^^^^^^^^^^^^^^^^^^^^^
OSError: [Errno 101] Network is unreachable
Traceback (most recent call last):
  File "/home/pi/pi_trigger_2pics_BGR.py", line 273, in <module>
    main()
    ~~~~^^
  File "/home/pi/pi_trigger_2pics_BGR.py", line 155, in main
    udp_sock = setup_multicast_socket()
  File "/home/pi/pi_trigger_2pics_BGR.py", line 125, in setup_multicast_socket
    iface_ip = _get_default_ip()
  File "/home/pi/pi_trigger_2pics_BGR.py", line 120, in _get_default_ip
    tmp.connect(("192.168.178.5", 80))
    ~~~~~~~~~~~^^^^^^^^^^^^^^^^^^^^^^^
OSError: [Errno 101] Network is unreachable
Traceback (most recent call last):
  File "/home/pi/pi_trigger_2pics_BGR.py", line 273, in <module>
    main()
    ~~~~^^
  File "/home/pi/pi_trigger_2pics_BGR.py", line 155, in main
    udp_sock = setup_multicast_socket()
  File "/home/pi/pi_trigger_2pics_BGR.py", line 125, in setup_multicast_socket
    iface_ip = _get_default_ip()
  File "/home/pi/pi_trigger_2pics_BGR.py", line 120, in _get_default_ip
    tmp.connect(("192.168.178.5", 80))
    ~~~~~~~~~~~^^^^^^^^^^^^^^^^^^^^^^^
OSError: [Errno 101] Network is unreachable
Traceback (most recent call last):
  File "/home/pi/pi_trigger_2pics_BGR.py", line 273, in <module>
    main()
    ~~~~^^
  File "/home/pi/pi_trigger_2pics_BGR.py", line 155, in main
    udp_sock = setup_multicast_socket()
  File "/home/pi/pi_trigger_2pics_BGR.py", line 125, in setup_multicast_socket
    iface_ip = _get_default_ip()
  File "/home/pi/pi_trigger_2pics_BGR.py", line 120, in _get_default_ip
    tmp.connect(("192.168.178.5", 80))
    ~~~~~~~~~~~^^^^^^^^^^^^^^^^^^^^^^^
OSError: [Errno 101] Network is unreachable
Traceback (most recent call last):
  File "/home/pi/pi_trigger_2pics_BGR.py", line 273, in <module>
    main()
    ~~~~^^
  File "/home/pi/pi_trigger_2pics_BGR.py", line 155, in main
    udp_sock = setup_multicast_socket()
  File "/home/pi/pi_trigger_2pics_BGR.py", line 125, in setup_multicast_socket
    iface_ip = _get_default_ip()
  File "/home/pi/pi_trigger_2pics_BGR.py", line 120, in _get_default_ip
    tmp.connect(("192.168.178.5", 80))
    ~~~~~~~~~~~^^^^^^^^^^^^^^^^^^^^^^^
OSError: [Errno 101] Network is unreachable
Traceback (most recent call last):
  File "/home/pi/pi_trigger_2pics_BGR.py", line 273, in <module>
    main()
    ~~~~^^
  File "/home/pi/pi_trigger_2pics_BGR.py", line 155, in main
    udp_sock = setup_multicast_socket()
  File "/home/pi/pi_trigger_2pics_BGR.py", line 125, in setup_multicast_socket
    iface_ip = _get_default_ip()
  File "/home/pi/pi_trigger_2pics_BGR.py", line 120, in _get_default_ip
    tmp.connect(("192.168.178.5", 80))
    ~~~~~~~~~~~^^^^^^^^^^^^^^^^^^^^^^^
OSError: [Errno 101] Network is unreachable
Traceback (most recent call last):
  File "/home/pi/pi_trigger_2pics_BGR.py", line 273, in <module>
    main()
    ~~~~^^
  File "/home/pi/pi_trigger_2pics_BGR.py", line 155, in main
    udp_sock = setup_multicast_socket()
  File "/home/pi/pi_trigger_2pics_BGR.py", line 125, in setup_multicast_socket
    iface_ip = _get_default_ip()
  File "/home/pi/pi_trigger_2pics_BGR.py", line 120, in _get_default_ip
    tmp.connect(("192.168.178.5", 80))
    ~~~~~~~~~~~^^^^^^^^^^^^^^^^^^^^^^^
OSError: [Errno 101] Network is unreachable
Traceback (most recent call last):
  File "/home/pi/pi_trigger_2pics_BGR.py", line 273, in <module>
    main()
    ~~~~^^
  File "/home/pi/pi_trigger_2pics_BGR.py", line 155, in main
    udp_sock = setup_multicast_socket()
  File "/home/pi/pi_trigger_2pics_BGR.py", line 125, in setup_multicast_socket
    iface_ip = _get_default_ip()
  File "/home/pi/pi_trigger_2pics_BGR.py", line 120, in _get_default_ip
    tmp.connect(("192.168.178.5", 80))
    ~~~~~~~~~~~^^^^^^^^^^^^^^^^^^^^^^^
OSError: [Errno 101] Network is unreachable
Traceback (most recent call last):
  File "/home/pi/pi_trigger_2pics_BGR.py", line 273, in <module>
    main()
    ~~~~^^
  File "/home/pi/pi_trigger_2pics_BGR.py", line 155, in main
    udp_sock = setup_multicast_socket()
  File "/home/pi/pi_trigger_2pics_BGR.py", line 125, in setup_multicast_socket
    iface_ip = _get_default_ip()
  File "/home/pi/pi_trigger_2pics_BGR.py", line 120, in _get_default_ip
    tmp.connect(("192.168.178.5", 80))
    ~~~~~~~~~~~^^^^^^^^^^^^^^^^^^^^^^^
OSError: [Errno 101] Network is unreachable
Traceback (most recent call last):
  File "/home/pi/pi_trigger_2pics_BGR.py", line 273, in <module>
    main()
    ~~~~^^
  File "/home/pi/pi_trigger_2pics_BGR.py", line 155, in main
    udp_sock = setup_multicast_socket()
  File "/home/pi/pi_trigger_2pics_BGR.py", line 125, in setup_multicast_socket
    iface_ip = _get_default_ip()
  File "/home/pi/pi_trigger_2pics_BGR.py", line 120, in _get_default_ip
    tmp.connect(("192.168.178.5", 80))
    ~~~~~~~~~~~^^^^^^^^^^^^^^^^^^^^^^^
OSError: [Errno 101] Network is unreachable
Traceback (most recent call last):
  File "/home/pi/pi_trigger_2pics_BGR.py", line 273, in <module>
    main()
    ~~~~^^
  File "/home/pi/pi_trigger_2pics_BGR.py", line 155, in main
    udp_sock = setup_multicast_socket()
  File "/home/pi/pi_trigger_2pics_BGR.py", line 125, in setup_multicast_socket
    iface_ip = _get_default_ip()
  File "/home/pi/pi_trigger_2pics_BGR.py", line 120, in _get_default_ip
    tmp.connect(("192.168.178.5", 80))
    ~~~~~~~~~~~^^^^^^^^^^^^^^^^^^^^^^^
OSError: [Errno 101] Network is unreachable
Traceback (most recent call last):
  File "/home/pi/pi_trigger_2pics_BGR.py", line 273, in <module>
    main()
    ~~~~^^
  File "/home/pi/pi_trigger_2pics_BGR.py", line 155, in main
    udp_sock = setup_multicast_socket()
  File "/home/pi/pi_trigger_2pics_BGR.py", line 125, in setup_multicast_socket
    iface_ip = _get_default_ip()
  File "/home/pi/pi_trigger_2pics_BGR.py", line 120, in _get_default_ip
    tmp.connect(("192.168.178.5", 80))
    ~~~~~~~~~~~^^^^^^^^^^^^^^^^^^^^^^^
OSError: [Errno 101] Network is unreachable
Traceback (most recent call last):
  File "/home/pi/pi_trigger_2pics_BGR.py", line 273, in <module>
    main()
    ~~~~^^
  File "/home/pi/pi_trigger_2pics_BGR.py", line 155, in main
    udp_sock = setup_multicast_socket()
  File "/home/pi/pi_trigger_2pics_BGR.py", line 125, in setup_multicast_socket
    iface_ip = _get_default_ip()
  File "/home/pi/pi_trigger_2pics_BGR.py", line 120, in _get_default_ip
    tmp.connect(("192.168.178.5", 80))
    ~~~~~~~~~~~^^^^^^^^^^^^^^^^^^^^^^^
OSError: [Errno 101] Network is unreachable
Traceback (most recent call last):
  File "/home/pi/pi_trigger_2pics_BGR.py", line 273, in <module>
    main()
    ~~~~^^
  File "/home/pi/pi_trigger_2pics_BGR.py", line 155, in main
    udp_sock = setup_multicast_socket()
  File "/home/pi/pi_trigger_2pics_BGR.py", line 125, in setup_multicast_socket
    iface_ip = _get_default_ip()
  File "/home/pi/pi_trigger_2pics_BGR.py", line 120, in _get_default_ip
    tmp.connect(("192.168.178.5", 80))
    ~~~~~~~~~~~^^^^^^^^^^^^^^^^^^^^^^^
OSError: [Errno 101] Network is unreachable
Traceback (most recent call last):
  File "/home/pi/pi_trigger_2pics_BGR.py", line 273, in <module>
    main()
    ~~~~^^
  File "/home/pi/pi_trigger_2pics_BGR.py", line 155, in main
    udp_sock = setup_multicast_socket()
  File "/home/pi/pi_trigger_2pics_BGR.py", line 125, in setup_multicast_socket
    iface_ip = _get_default_ip()
  File "/home/pi/pi_trigger_2pics_BGR.py", line 120, in _get_default_ip
    tmp.connect(("192.168.178.5", 80))
    ~~~~~~~~~~~^^^^^^^^^^^^^^^^^^^^^^^
OSError: [Errno 101] Network is unreachable
Traceback (most recent call last):
  File "/home/pi/pi_trigger_2pics_BGR.py", line 273, in <module>
    main()
    ~~~~^^
  File "/home/pi/pi_trigger_2pics_BGR.py", line 155, in main
    udp_sock = setup_multicast_socket()
  File "/home/pi/pi_trigger_2pics_BGR.py", line 125, in setup_multicast_socket
    iface_ip = _get_default_ip()
  File "/home/pi/pi_trigger_2pics_BGR.py", line 120, in _get_default_ip
    tmp.connect(("192.168.178.5", 80))
    ~~~~~~~~~~~^^^^^^^^^^^^^^^^^^^^^^^
OSError: [Errno 101] Network is unreachable
Traceback (most recent call last):
  File "/home/pi/pi_trigger_2pics_BGR.py", line 273, in <module>
    main()
    ~~~~^^
  File "/home/pi/pi_trigger_2pics_BGR.py", line 155, in main
    udp_sock = setup_multicast_socket()
  File "/home/pi/pi_trigger_2pics_BGR.py", line 125, in setup_multicast_socket
    iface_ip = _get_default_ip()
  File "/home/pi/pi_trigger_2pics_BGR.py", line 120, in _get_default_ip
    tmp.connect(("192.168.178.5", 80))
    ~~~~~~~~~~~^^^^^^^^^^^^^^^^^^^^^^^
OSError: [Errno 101] Network is unreachable
Traceback (most recent call last):
  File "/home/pi/pi_trigger_2pics_BGR.py", line 273, in <module>
    main()
    ~~~~^^
  File "/home/pi/pi_trigger_2pics_BGR.py", line 155, in main
    udp_sock = setup_multicast_socket()
  File "/home/pi/pi_trigger_2pics_BGR.py", line 125, in setup_multicast_socket
    iface_ip = _get_default_ip()
  File "/home/pi/pi_trigger_2pics_BGR.py", line 120, in _get_default_ip
    tmp.connect(("192.168.178.5", 80))
    ~~~~~~~~~~~^^^^^^^^^^^^^^^^^^^^^^^
OSError: [Errno 101] Network is unreachable
[0:00:49.210875344] [2081] [1;32m INFO [1;37mCamera [1;34mcamera_manager.cpp:340 [0mlibcamera v0.6.0+rpt20251202
[0:00:49.219743604] [2102] [1;32m INFO [1;37mRPI [1;34mpisp.cpp:720 [0mlibpisp version 1.3.0
[0:00:49.222321869] [2102] [1;32m INFO [1;37mIPAProxy [1;34mipa_proxy.cpp:180 [0mUsing tuning file /usr/share/libcamera/ipa/rpi/pisp/imx477.json
[0:00:49.229576289] [2102] [1;32m INFO [1;37mCamera [1;34mcamera_manager.cpp:223 [0mAdding camera '/base/axi/pcie@1000120000/rp1/i2c@88000/imx477@1a' for pipeline handler rpi/pisp
[0:00:49.229605478] [2102] [1;32m INFO [1;37mRPI [1;34mpisp.cpp:1181 [0mRegistered camera /base/axi/pcie@1000120000/rp1/i2c@88000/imx477@1a to CFE device /dev/media1 and ISP device /dev/media0 using PiSP variant BCM2712_D0
[0:00:49.232867927] [2081] [1;32m INFO [1;37mCamera [1;34mcamera.cpp:1215 [0mconfiguring streams: (0) 4056x3040-BGR888/sRGB (1) 4056x3040-BGGR_PISP_COMP1/RAW
[0:00:49.232974956] [2102] [1;32m INFO [1;37mRPI [1;34mpisp.cpp:1485 [0mSensor: /base/axi/pcie@1000120000/rp1/i2c@88000/imx477@1a - Selected sensor format: 4056x3040-SBGGR12_1X12/RAW - Selected CFE format: 4056x3040-PC1B/RAW
[0:02:21.036430480] [3972] [1;32m INFO [1;37mCamera [1;34mcamera_manager.cpp:340 [0mlibcamera v0.6.0+rpt20251202
[0:02:21.044600211] [3991] [1;32m INFO [1;37mRPI [1;34mpisp.cpp:720 [0mlibpisp version 1.3.0
[0:02:21.046947261] [3991] [1;32m INFO [1;37mIPAProxy [1;34mipa_proxy.cpp:180 [0mUsing tuning file /usr/share/libcamera/ipa/rpi/pisp/imx477.json
[0:02:21.053653137] [3991] [1;32m INFO [1;37mCamera [1;34mcamera_manager.cpp:223 [0mAdding camera '/base/axi/pcie@1000120000/rp1/i2c@88000/imx477@1a' for pipeline handler rpi/pisp
[0:02:21.053681063] [3991] [1;32m INFO [1;37mRPI [1;34mpisp.cpp:1181 [0mRegistered camera /base/axi/pcie@1000120000/rp1/i2c@88000/imx477@1a to CFE device /dev/media1 and ISP device /dev/media0 using PiSP variant BCM2712_D0
[0:02:21.056626292] [3972] [1;32m INFO [1;37mCamera [1;34mcamera.cpp:1215 [0mconfiguring streams: (0) 4056x3040-BGR888/sRGB (1) 4056x3040-BGGR_PISP_COMP1/RAW
[0:02:21.056722976] [3991] [1;32m INFO [1;37mRPI [1;34mpisp.cpp:1485 [0mSensor: /base/axi/pcie@1000120000/rp1/i2c@88000/imx477@1a - Selected sensor format: 4056x3040-SBGGR12_1X12/RAW - Selected CFE format: 4056x3040-PC1B/RAW
Traceback (most recent call last):
  File "/home/pi/pi_trigger_2pics_BGR.py", line 273, in <module>
    main()
    ~~~~^^
  File "/home/pi/pi_trigger_2pics_BGR.py", line 155, in main
    udp_sock = setup_multicast_socket()
  File "/home/pi/pi_trigger_2pics_BGR.py", line 125, in setup_multicast_socket
    iface_ip = _get_default_ip()
  File "/home/pi/pi_trigger_2pics_BGR.py", line 120, in _get_default_ip
    tmp.connect(("192.168.178.5", 80))
    ~~~~~~~~~~~^^^^^^^^^^^^^^^^^^^^^^^
OSError: [Errno 101] Network is unreachable
Traceback (most recent call last):
  File "/home/pi/pi_trigger_2pics_BGR.py", line 273, in <module>
    main()
    ~~~~^^
  File "/home/pi/pi_trigger_2pics_BGR.py", line 155, in main
    udp_sock = setup_multicast_socket()
  File "/home/pi/pi_trigger_2pics_BGR.py", line 125, in setup_multicast_socket
    iface_ip = _get_default_ip()
  File "/home/pi/pi_trigger_2pics_BGR.py", line 120, in _get_default_ip
    tmp.connect(("192.168.178.5", 80))
    ~~~~~~~~~~~^^^^^^^^^^^^^^^^^^^^^^^
OSError: [Errno 101] Network is unreachable
Traceback (most recent call last):
  File "/home/pi/pi_trigger_2pics_BGR.py", line 273, in <module>
    main()
    ~~~~^^
  File "/home/pi/pi_trigger_2pics_BGR.py", line 155, in main
    udp_sock = setup_multicast_socket()
  File "/home/pi/pi_trigger_2pics_BGR.py", line 125, in setup_multicast_socket
    iface_ip = _get_default_ip()
  File "/home/pi/pi_trigger_2pics_BGR.py", line 120, in _get_default_ip
    tmp.connect(("192.168.178.5", 80))
    ~~~~~~~~~~~^^^^^^^^^^^^^^^^^^^^^^^
OSError: [Errno 101] Network is unreachable
Traceback (most recent call last):
  File "/home/pi/pi_trigger_2pics_BGR.py", line 273, in <module>
    main()
    ~~~~^^
  File "/home/pi/pi_trigger_2pics_BGR.py", line 155, in main
    udp_sock = setup_multicast_socket()
  File "/home/pi/pi_trigger_2pics_BGR.py", line 125, in setup_multicast_socket
    iface_ip = _get_default_ip()
  File "/home/pi/pi_trigger_2pics_BGR.py", line 120, in _get_default_ip
    tmp.connect(("192.168.178.5", 80))
    ~~~~~~~~~~~^^^^^^^^^^^^^^^^^^^^^^^
OSError: [Errno 101] Network is unreachable
Traceback (most recent call last):
  File "/home/pi/pi_trigger_2pics_BGR.py", line 273, in <module>
    main()
    ~~~~^^
  File "/home/pi/pi_trigger_2pics_BGR.py", line 155, in main
    udp_sock = setup_multicast_socket()
  File "/home/pi/pi_trigger_2pics_BGR.py", line 125, in setup_multicast_socket
    iface_ip = _get_default_ip()
  File "/home/pi/pi_trigger_2pics_BGR.py", line 120, in _get_default_ip
    tmp.connect(("192.168.178.5", 80))
    ~~~~~~~~~~~^^^^^^^^^^^^^^^^^^^^^^^
OSError: [Errno 101] Network is unreachable
Traceback (most recent call last):
  File "/home/pi/pi_trigger_2pics_BGR.py", line 273, in <module>
    main()
    ~~~~^^
  File "/home/pi/pi_trigger_2pics_BGR.py", line 155, in main
    udp_sock = setup_multicast_socket()
  File "/home/pi/pi_trigger_2pics_BGR.py", line 125, in setup_multicast_socket
    iface_ip = _get_default_ip()
  File "/home/pi/pi_trigger_2pics_BGR.py", line 120, in _get_default_ip
    tmp.connect(("192.168.178.5", 80))
    ~~~~~~~~~~~^^^^^^^^^^^^^^^^^^^^^^^
OSError: [Errno 101] Network is unreachable
[0:00:44.182614957] [1930] [1;32m INFO [1;37mCamera [1;34mcamera_manager.cpp:340 [0mlibcamera v0.6.0+rpt20251202
[0:00:44.194902195] [1971] [1;32m INFO [1;37mRPI [1;34mpisp.cpp:720 [0mlibpisp version 1.3.0
[0:00:44.197579347] [1971] [1;32m INFO [1;37mIPAProxy [1;34mipa_proxy.cpp:180 [0mUsing tuning file /usr/share/libcamera/ipa/rpi/pisp/imx477.json
[0:00:44.205763283] [1971] [1;32m INFO [1;37mCamera [1;34mcamera_manager.cpp:223 [0mAdding camera '/base/axi/pcie@1000120000/rp1/i2c@88000/imx477@1a' for pipeline handler rpi/pisp
[0:00:44.205792487] [1971] [1;32m INFO [1;37mRPI [1;34mpisp.cpp:1181 [0mRegistered camera /base/axi/pcie@1000120000/rp1/i2c@88000/imx477@1a to CFE device /dev/media0 and ISP device /dev/media1 using PiSP variant BCM2712_D0
[0:00:44.209808381] [1930] [1;32m INFO [1;37mCamera [1;34mcamera.cpp:1215 [0mconfiguring streams: (0) 4056x3040-BGR888/sRGB (1) 4056x3040-BGGR_PISP_COMP1/RAW
[0:00:44.209918603] [1971] [1;32m INFO [1;37mRPI [1;34mpisp.cpp:1485 [0mSensor: /base/axi/pcie@1000120000/rp1/i2c@88000/imx477@1a - Selected sensor format: 4056x3040-SBGGR12_1X12/RAW - Selected CFE format: 4056x3040-PC1B/RAW
Traceback (most recent call last):
  File "/home/pi/pi_trigger_2pics_BGR.py", line 273, in <module>
    main()
    ~~~~^^
  File "/home/pi/pi_trigger_2pics_BGR.py", line 155, in main
    udp_sock = setup_multicast_socket()
  File "/home/pi/pi_trigger_2pics_BGR.py", line 125, in setup_multicast_socket
    iface_ip = _get_default_ip()
  File "/home/pi/pi_trigger_2pics_BGR.py", line 120, in _get_default_ip
    tmp.connect(("192.168.178.5", 80))
    ~~~~~~~~~~~^^^^^^^^^^^^^^^^^^^^^^^
OSError: [Errno 101] Network is unreachable
Traceback (most recent call last):
  File "/home/pi/pi_trigger_2pics_BGR.py", line 273, in <module>
    main()
    ~~~~^^
  File "/home/pi/pi_trigger_2pics_BGR.py", line 155, in main
    udp_sock = setup_multicast_socket()
  File "/home/pi/pi_trigger_2pics_BGR.py", line 125, in setup_multicast_socket
    iface_ip = _get_default_ip()
  File "/home/pi/pi_trigger_2pics_BGR.py", line 120, in _get_default_ip
    tmp.connect(("192.168.178.5", 80))
    ~~~~~~~~~~~^^^^^^^^^^^^^^^^^^^^^^^
OSError: [Errno 101] Network is unreachable
Traceback (most recent call last):
  File "/home/pi/pi_trigger_2pics_BGR.py", line 273, in <module>
    main()
    ~~~~^^
  File "/home/pi/pi_trigger_2pics_BGR.py", line 155, in main
    udp_sock = setup_multicast_socket()
  File "/home/pi/pi_trigger_2pics_BGR.py", line 125, in setup_multicast_socket
    iface_ip = _get_default_ip()
  File "/home/pi/pi_trigger_2pics_BGR.py", line 120, in _get_default_ip
    tmp.connect(("192.168.178.5", 80))
    ~~~~~~~~~~~^^^^^^^^^^^^^^^^^^^^^^^
OSError: [Errno 101] Network is unreachable
Traceback (most recent call last):
  File "/home/pi/pi_trigger_2pics_BGR.py", line 273, in <module>
    main()
    ~~~~^^
  File "/home/pi/pi_trigger_2pics_BGR.py", line 155, in main
    udp_sock = setup_multicast_socket()
  File "/home/pi/pi_trigger_2pics_BGR.py", line 125, in setup_multicast_socket
    iface_ip = _get_default_ip()
  File "/home/pi/pi_trigger_2pics_BGR.py", line 120, in _get_default_ip
    tmp.connect(("192.168.178.5", 80))
    ~~~~~~~~~~~^^^^^^^^^^^^^^^^^^^^^^^
OSError: [Errno 101] Network is unreachable
Traceback (most recent call last):
  File "/home/pi/pi_trigger_2pics_BGR.py", line 273, in <module>
    main()
    ~~~~^^
  File "/home/pi/pi_trigger_2pics_BGR.py", line 155, in main
    udp_sock = setup_multicast_socket()
  File "/home/pi/pi_trigger_2pics_BGR.py", line 125, in setup_multicast_socket
    iface_ip = _get_default_ip()
  File "/home/pi/pi_trigger_2pics_BGR.py", line 120, in _get_default_ip
    tmp.connect(("192.168.178.5", 80))
    ~~~~~~~~~~~^^^^^^^^^^^^^^^^^^^^^^^
OSError: [Errno 101] Network is unreachable
Traceback (most recent call last):
  File "/home/pi/pi_trigger_2pics_BGR.py", line 273, in <module>
    main()
    ~~~~^^
  File "/home/pi/pi_trigger_2pics_BGR.py", line 155, in main
    udp_sock = setup_multicast_socket()
  File "/home/pi/pi_trigger_2pics_BGR.py", line 125, in setup_multicast_socket
    iface_ip = _get_default_ip()
  File "/home/pi/pi_trigger_2pics_BGR.py", line 120, in _get_default_ip
    tmp.connect(("192.168.178.5", 80))
    ~~~~~~~~~~~^^^^^^^^^^^^^^^^^^^^^^^
OSError: [Errno 101] Network is unreachable
Traceback (most recent call last):
  File "/home/pi/pi_trigger_2pics_BGR.py", line 273, in <module>
    main()
    ~~~~^^
  File "/home/pi/pi_trigger_2pics_BGR.py", line 155, in main
    udp_sock = setup_multicast_socket()
  File "/home/pi/pi_trigger_2pics_BGR.py", line 125, in setup_multicast_socket
    iface_ip = _get_default_ip()
  File "/home/pi/pi_trigger_2pics_BGR.py", line 120, in _get_default_ip
    tmp.connect(("192.168.178.5", 80))
    ~~~~~~~~~~~^^^^^^^^^^^^^^^^^^^^^^^
OSError: [Errno 101] Network is unreachable
Traceback (most recent call last):
  File "/home/pi/pi_trigger_2pics_BGR.py", line 273, in <module>
    main()
    ~~~~^^
  File "/home/pi/pi_trigger_2pics_BGR.py", line 155, in main
    udp_sock = setup_multicast_socket()
  File "/home/pi/pi_trigger_2pics_BGR.py", line 125, in setup_multicast_socket
    iface_ip = _get_default_ip()
  File "/home/pi/pi_trigger_2pics_BGR.py", line 120, in _get_default_ip
    tmp.connect(("192.168.178.5", 80))
    ~~~~~~~~~~~^^^^^^^^^^^^^^^^^^^^^^^
OSError: [Errno 101] Network is unreachable
Traceback (most recent call last):
  File "/home/pi/pi_trigger_2pics_BGR.py", line 273, in <module>
    main()
    ~~~~^^
  File "/home/pi/pi_trigger_2pics_BGR.py", line 155, in main
    udp_sock = setup_multicast_socket()
  File "/home/pi/pi_trigger_2pics_BGR.py", line 125, in setup_multicast_socket
    iface_ip = _get_default_ip()
  File "/home/pi/pi_trigger_2pics_BGR.py", line 120, in _get_default_ip
    tmp.connect(("192.168.178.5", 80))
    ~~~~~~~~~~~^^^^^^^^^^^^^^^^^^^^^^^
OSError: [Errno 101] Network is unreachable
Traceback (most recent call last):
  File "/home/pi/pi_trigger_2pics_BGR.py", line 273, in <module>
    main()
    ~~~~^^
  File "/home/pi/pi_trigger_2pics_BGR.py", line 155, in main
    udp_sock = setup_multicast_socket()
  File "/home/pi/pi_trigger_2pics_BGR.py", line 125, in setup_multicast_socket
    iface_ip = _get_default_ip()
  File "/home/pi/pi_trigger_2pics_BGR.py", line 120, in _get_default_ip
    tmp.connect(("192.168.178.5", 80))
    ~~~~~~~~~~~^^^^^^^^^^^^^^^^^^^^^^^
OSError: [Errno 101] Network is unreachable
Traceback (most recent call last):
  File "/home/pi/pi_trigger_2pics_BGR.py", line 273, in <module>
    main()
    ~~~~^^
  File "/home/pi/pi_trigger_2pics_BGR.py", line 155, in main
    udp_sock = setup_multicast_socket()
  File "/home/pi/pi_trigger_2pics_BGR.py", line 125, in setup_multicast_socket
    iface_ip = _get_default_ip()
  File "/home/pi/pi_trigger_2pics_BGR.py", line 120, in _get_default_ip
    tmp.connect(("192.168.178.5", 80))
    ~~~~~~~~~~~^^^^^^^^^^^^^^^^^^^^^^^
OSError: [Errno 101] Network is unreachable
Traceback (most recent call last):
  File "/home/pi/pi_trigger_2pics_BGR.py", line 273, in <module>
    main()
    ~~~~^^
  File "/home/pi/pi_trigger_2pics_BGR.py", line 155, in main
    udp_sock = setup_multicast_socket()
  File "/home/pi/pi_trigger_2pics_BGR.py", line 125, in setup_multicast_socket
    iface_ip = _get_default_ip()
  File "/home/pi/pi_trigger_2pics_BGR.py", line 120, in _get_default_ip
    tmp.connect(("192.168.178.5", 80))
    ~~~~~~~~~~~^^^^^^^^^^^^^^^^^^^^^^^
OSError: [Errno 101] Network is unreachable
Traceback (most recent call last):
  File "/home/pi/pi_trigger_2pics_BGR.py", line 273, in <module>
    main()
    ~~~~^^
  File "/home/pi/pi_trigger_2pics_BGR.py", line 155, in main
    udp_sock = setup_multicast_socket()
  File "/home/pi/pi_trigger_2pics_BGR.py", line 125, in setup_multicast_socket
    iface_ip = _get_default_ip()
  File "/home/pi/pi_trigger_2pics_BGR.py", line 120, in _get_default_ip
    tmp.connect(("192.168.178.5", 80))
    ~~~~~~~~~~~^^^^^^^^^^^^^^^^^^^^^^^
OSError: [Errno 101] Network is unreachable
Traceback (most recent call last):
  File "/home/pi/pi_trigger_2pics_BGR.py", line 273, in <module>
    main()
    ~~~~^^
  File "/home/pi/pi_trigger_2pics_BGR.py", line 155, in main
    udp_sock = setup_multicast_socket()
  File "/home/pi/pi_trigger_2pics_BGR.py", line 125, in setup_multicast_socket
    iface_ip = _get_default_ip()
  File "/home/pi/pi_trigger_2pics_BGR.py", line 120, in _get_default_ip
    tmp.connect(("192.168.178.5", 80))
    ~~~~~~~~~~~^^^^^^^^^^^^^^^^^^^^^^^
OSError: [Errno 101] Network is unreachable
Traceback (most recent call last):
  File "/home/pi/pi_trigger_2pics_BGR.py", line 273, in <module>
    main()
    ~~~~^^
  File "/home/pi/pi_trigger_2pics_BGR.py", line 155, in main
    udp_sock = setup_multicast_socket()
  File "/home/pi/pi_trigger_2pics_BGR.py", line 125, in setup_multicast_socket
    iface_ip = _get_default_ip()
  File "/home/pi/pi_trigger_2pics_BGR.py", line 120, in _get_default_ip
    tmp.connect(("192.168.178.5", 80))
    ~~~~~~~~~~~^^^^^^^^^^^^^^^^^^^^^^^
OSError: [Errno 101] Network is unreachable
Traceback (most recent call last):
  File "/home/pi/pi_trigger_2pics_BGR.py", line 273, in <module>
    main()
    ~~~~^^
  File "/home/pi/pi_trigger_2pics_BGR.py", line 155, in main
    udp_sock = setup_multicast_socket()
  File "/home/pi/pi_trigger_2pics_BGR.py", line 125, in setup_multicast_socket
    iface_ip = _get_default_ip()
  File "/home/pi/pi_trigger_2pics_BGR.py", line 120, in _get_default_ip
    tmp.connect(("192.168.178.5", 80))
    ~~~~~~~~~~~^^^^^^^^^^^^^^^^^^^^^^^
OSError: [Errno 101] Network is unreachable
Traceback (most recent call last):
  File "/home/pi/pi_trigger_2pics_BGR.py", line 273, in <module>
    main()
    ~~~~^^
  File "/home/pi/pi_trigger_2pics_BGR.py", line 155, in main
    udp_sock = setup_multicast_socket()
  File "/home/pi/pi_trigger_2pics_BGR.py", line 125, in setup_multicast_socket
    iface_ip = _get_default_ip()
  File "/home/pi/pi_trigger_2pics_BGR.py", line 120, in _get_default_ip
    tmp.connect(("192.168.178.5", 80))
    ~~~~~~~~~~~^^^^^^^^^^^^^^^^^^^^^^^
OSError: [Errno 101] Network is unreachable
Traceback (most recent call last):
  File "/home/pi/pi_trigger_2pics_BGR.py", line 273, in <module>
    main()
    ~~~~^^
  File "/home/pi/pi_trigger_2pics_BGR.py", line 155, in main
    udp_sock = setup_multicast_socket()
  File "/home/pi/pi_trigger_2pics_BGR.py", line 125, in setup_multicast_socket
    iface_ip = _get_default_ip()
  File "/home/pi/pi_trigger_2pics_BGR.py", line 120, in _get_default_ip
    tmp.connect(("192.168.178.5", 80))
    ~~~~~~~~~~~^^^^^^^^^^^^^^^^^^^^^^^
OSError: [Errno 101] Network is unreachable
Traceback (most recent call last):
  File "/home/pi/pi_trigger_2pics_BGR.py", line 273, in <module>
    main()
    ~~~~^^
  File "/home/pi/pi_trigger_2pics_BGR.py", line 155, in main
    udp_sock = setup_multicast_socket()
  File "/home/pi/pi_trigger_2pics_BGR.py", line 125, in setup_multicast_socket
    iface_ip = _get_default_ip()
  File "/home/pi/pi_trigger_2pics_BGR.py", line 120, in _get_default_ip
    tmp.connect(("192.168.178.5", 80))
    ~~~~~~~~~~~^^^^^^^^^^^^^^^^^^^^^^^
OSError: [Errno 101] Network is unreachable
Traceback (most recent call last):
  File "/home/pi/pi_trigger_2pics_BGR.py", line 273, in <module>
    main()
    ~~~~^^
  File "/home/pi/pi_trigger_2pics_BGR.py", line 155, in main
    udp_sock = setup_multicast_socket()
  File "/home/pi/pi_trigger_2pics_BGR.py", line 125, in setup_multicast_socket
    iface_ip = _get_default_ip()
  File "/home/pi/pi_trigger_2pics_BGR.py", line 120, in _get_default_ip
    tmp.connect(("192.168.178.5", 80))
    ~~~~~~~~~~~^^^^^^^^^^^^^^^^^^^^^^^
OSError: [Errno 101] Network is unreachable
Traceback (most recent call last):
  File "/home/pi/pi_trigger_2pics_BGR.py", line 273, in <module>
    main()
    ~~~~^^
  File "/home/pi/pi_trigger_2pics_BGR.py", line 155, in main
    udp_sock = setup_multicast_socket()
  File "/home/pi/pi_trigger_2pics_BGR.py", line 125, in setup_multicast_socket
    iface_ip = _get_default_ip()
  File "/home/pi/pi_trigger_2pics_BGR.py", line 120, in _get_default_ip
    tmp.connect(("192.168.178.5", 80))
    ~~~~~~~~~~~^^^^^^^^^^^^^^^^^^^^^^^
OSError: [Errno 101] Network is unreachable
Traceback (most recent call last):
  File "/home/pi/pi_trigger_2pics_BGR.py", line 273, in <module>
    main()
    ~~~~^^
  File "/home/pi/pi_trigger_2pics_BGR.py", line 155, in main
    udp_sock = setup_multicast_socket()
  File "/home/pi/pi_trigger_2pics_BGR.py", line 125, in setup_multicast_socket
    iface_ip = _get_default_ip()
  File "/home/pi/pi_trigger_2pics_BGR.py", line 120, in _get_default_ip
    tmp.connect(("192.168.178.5", 80))
    ~~~~~~~~~~~^^^^^^^^^^^^^^^^^^^^^^^
OSError: [Errno 101] Network is unreachable
Traceback (most recent call last):
  File "/home/pi/pi_trigger_2pics_BGR.py", line 273, in <module>
    main()
    ~~~~^^
  File "/home/pi/pi_trigger_2pics_BGR.py", line 155, in main
    udp_sock = setup_multicast_socket()
  File "/home/pi/pi_trigger_2pics_BGR.py", line 125, in setup_multicast_socket
    iface_ip = _get_default_ip()
  File "/home/pi/pi_trigger_2pics_BGR.py", line 120, in _get_default_ip
    tmp.connect(("192.168.178.5", 80))
    ~~~~~~~~~~~^^^^^^^^^^^^^^^^^^^^^^^
OSError: [Errno 101] Network is unreachable
Traceback (most recent call last):
  File "/home/pi/pi_trigger_2pics_BGR.py", line 273, in <module>
    main()
    ~~~~^^
  File "/home/pi/pi_trigger_2pics_BGR.py", line 155, in main
    udp_sock = setup_multicast_socket()
  File "/home/pi/pi_trigger_2pics_BGR.py", line 125, in setup_multicast_socket
    iface_ip = _get_default_ip()
  File "/home/pi/pi_trigger_2pics_BGR.py", line 120, in _get_default_ip
    tmp.connect(("192.168.178.5", 80))
    ~~~~~~~~~~~^^^^^^^^^^^^^^^^^^^^^^^
OSError: [Errno 101] Network is unreachable
Traceback (most recent call last):
  File "/home/pi/pi_trigger_2pics_BGR.py", line 273, in <module>
    main()
    ~~~~^^
  File "/home/pi/pi_trigger_2pics_BGR.py", line 155, in main
    udp_sock = setup_multicast_socket()
  File "/home/pi/pi_trigger_2pics_BGR.py", line 125, in setup_multicast_socket
    iface_ip = _get_default_ip()
  File "/home/pi/pi_trigger_2pics_BGR.py", line 120, in _get_default_ip
    tmp.connect(("192.168.178.5", 80))
    ~~~~~~~~~~~^^^^^^^^^^^^^^^^^^^^^^^
OSError: [Errno 101] Network is unreachable
Traceback (most recent call last):
  File "/home/pi/pi_trigger_2pics_BGR.py", line 273, in <module>
    main()
    ~~~~^^
  File "/home/pi/pi_trigger_2pics_BGR.py", line 155, in main
    udp_sock = setup_multicast_socket()
  File "/home/pi/pi_trigger_2pics_BGR.py", line 125, in setup_multicast_socket
    iface_ip = _get_default_ip()
  File "/home/pi/pi_trigger_2pics_BGR.py", line 120, in _get_default_ip
    tmp.connect(("192.168.178.5", 80))
    ~~~~~~~~~~~^^^^^^^^^^^^^^^^^^^^^^^
OSError: [Errno 101] Network is unreachable
Traceback (most recent call last):
  File "/home/pi/pi_trigger_2pics_BGR.py", line 273, in <module>
    main()
    ~~~~^^
  File "/home/pi/pi_trigger_2pics_BGR.py", line 155, in main
    udp_sock = setup_multicast_socket()
  File "/home/pi/pi_trigger_2pics_BGR.py", line 125, in setup_multicast_socket
    iface_ip = _get_default_ip()
  File "/home/pi/pi_trigger_2pics_BGR.py", line 120, in _get_default_ip
    tmp.connect(("192.168.178.5", 80))
    ~~~~~~~~~~~^^^^^^^^^^^^^^^^^^^^^^^
OSError: [Errno 101] Network is unreachable
[0:02:44.902917421] [4584] [1;32m INFO [1;37mCamera [1;34mcamera_manager.cpp:340 [0mlibcamera v0.6.0+rpt20251202
[0:02:44.911078413] [4603] [1;32m INFO [1;37mRPI [1;34mpisp.cpp:720 [0mlibpisp version 1.3.0
[0:02:44.913442138] [4603] [1;32m INFO [1;37mIPAProxy [1;34mipa_proxy.cpp:180 [0mUsing tuning file /usr/share/libcamera/ipa/rpi/pisp/imx477.json
[0:02:44.920334277] [4603] [1;32m INFO [1;37mCamera [1;34mcamera_manager.cpp:223 [0mAdding camera '/base/axi/pcie@1000120000/rp1/i2c@88000/imx477@1a' for pipeline handler rpi/pisp
[0:02:44.920360499] [4603] [1;32m INFO [1;37mRPI [1;34mpisp.cpp:1181 [0mRegistered camera /base/axi/pcie@1000120000/rp1/i2c@88000/imx477@1a to CFE device /dev/media2 and ISP device /dev/media0 using PiSP variant BCM2712_D0
[0:02:44.923552448] [4584] [1;32m INFO [1;37mCamera [1;34mcamera.cpp:1215 [0mconfiguring streams: (0) 4056x3040-BGR888/sRGB (1) 4056x3040-BGGR_PISP_COMP1/RAW
[0:02:44.923674670] [4603] [1;32m INFO [1;37mRPI [1;34mpisp.cpp:1485 [0mSensor: /base/axi/pcie@1000120000/rp1/i2c@88000/imx477@1a - Selected sensor format: 4056x3040-SBGGR12_1X12/RAW - Selected CFE format: 4056x3040-PC1B/RAW
[0:08:02.276012433] [11069] [1;32m INFO [1;37mCamera [1;34mcamera_manager.cpp:340 [0mlibcamera v0.6.0+rpt20251202
[0:08:02.284290166] [11085] [1;32m INFO [1;37mRPI [1;34mpisp.cpp:720 [0mlibpisp version 1.3.0
[0:08:02.286833502] [11085] [1;32m INFO [1;37mIPAProxy [1;34mipa_proxy.cpp:180 [0mUsing tuning file /usr/share/libcamera/ipa/rpi/pisp/imx477.json
[0:08:02.293561085] [11085] [1;32m INFO [1;37mCamera [1;34mcamera_manager.cpp:223 [0mAdding camera '/base/axi/pcie@1000120000/rp1/i2c@88000/imx477@1a' for pipeline handler rpi/pisp
[0:08:02.293586178] [11085] [1;32m INFO [1;37mRPI [1;34mpisp.cpp:1181 [0mRegistered camera /base/axi/pcie@1000120000/rp1/i2c@88000/imx477@1a to CFE device /dev/media2 and ISP device /dev/media0 using PiSP variant BCM2712_D0
[0:08:02.296343589] [11069] [1;32m INFO [1;37mCamera [1;34mcamera.cpp:1215 [0mconfiguring streams: (0) 4056x3040-BGR888/sRGB (1) 4056x3040-BGGR_PISP_COMP1/RAW
[0:08:02.296446237] [11085] [1;32m INFO [1;37mRPI [1;34mpisp.cpp:1485 [0mSensor: /base/axi/pcie@1000120000/rp1/i2c@88000/imx477@1a - Selected sensor format: 4056x3040-SBGGR12_1X12/RAW - Selected CFE format: 4056x3040-PC1B/RAW
[0:08:08.409929201] [11209] [1;32m INFO [1;37mCamera [1;34mcamera_manager.cpp:340 [0mlibcamera v0.6.0+rpt20251202
[0:08:08.418165508] [11225] [1;32m INFO [1;37mRPI [1;34mpisp.cpp:720 [0mlibpisp version 1.3.0
[0:08:08.420526919] [11225] [1;32m INFO [1;37mIPAProxy [1;34mipa_proxy.cpp:180 [0mUsing tuning file /usr/share/libcamera/ipa/rpi/pisp/imx477.json
[0:08:08.427226131] [11225] [1;32m INFO [1;37mCamera [1;34mcamera_manager.cpp:223 [0mAdding camera '/base/axi/pcie@1000120000/rp1/i2c@88000/imx477@1a' for pipeline handler rpi/pisp
[0:08:08.427253038] [11225] [1;32m INFO [1;37mRPI [1;34mpisp.cpp:1181 [0mRegistered camera /base/axi/pcie@1000120000/rp1/i2c@88000/imx477@1a to CFE device /dev/media2 and ISP device /dev/media0 using PiSP variant BCM2712_D0
[0:08:08.430198579] [11209] [1;32m INFO [1;37mCamera [1;34mcamera.cpp:1215 [0mconfiguring streams: (0) 4056x3040-BGR888/sRGB (1) 4056x3040-BGGR_PISP_COMP1/RAW
[0:08:08.430293561] [11225] [1;32m INFO [1;37mRPI [1;34mpisp.cpp:1485 [0mSensor: /base/axi/pcie@1000120000/rp1/i2c@88000/imx477@1a - Selected sensor format: 4056x3040-SBGGR12_1X12/RAW - Selected CFE format: 4056x3040-PC1B/RAW
[0:14:39.351557888] [19688] [1;32m INFO [1;37mCamera [1;34mcamera_manager.cpp:340 [0mlibcamera v0.6.0+rpt20251202
[0:14:39.359722972] [19709] [1;32m INFO [1;37mRPI [1;34mpisp.cpp:720 [0mlibpisp version 1.3.0
[0:14:39.362119123] [19709] [1;32m INFO [1;37mIPAProxy [1;34mipa_proxy.cpp:180 [0mUsing tuning file /usr/share/libcamera/ipa/rpi/pisp/imx477.json
[0:14:39.368881538] [19709] [1;32m INFO [1;37mCamera [1;34mcamera_manager.cpp:223 [0mAdding camera '/base/axi/pcie@1000120000/rp1/i2c@88000/imx477@1a' for pipeline handler rpi/pisp
[0:14:39.368907964] [19709] [1;32m INFO [1;37mRPI [1;34mpisp.cpp:1181 [0mRegistered camera /base/axi/pcie@1000120000/rp1/i2c@88000/imx477@1a to CFE device /dev/media2 and ISP device /dev/media0 using PiSP variant BCM2712_D0
[0:14:39.371805745] [19688] [1;32m INFO [1;37mCamera [1;34mcamera.cpp:1215 [0mconfiguring streams: (0) 4056x3040-BGR888/sRGB (1) 4056x3040-BGGR_PISP_COMP1/RAW
[0:14:39.371897134] [19709] [1;32m INFO [1;37mRPI [1;34mpisp.cpp:1485 [0mSensor: /base/axi/pcie@1000120000/rp1/i2c@88000/imx477@1a - Selected sensor format: 4056x3040-SBGGR12_1X12/RAW - Selected CFE format: 4056x3040-PC1B/RAW
[0:21:21.841876559] [28162] [1;32m INFO [1;37mCamera [1;34mcamera_manager.cpp:340 [0mlibcamera v0.6.0+rpt20251202
[0:21:21.850029797] [28180] [1;32m INFO [1;37mRPI [1;34mpisp.cpp:720 [0mlibpisp version 1.3.0
[0:21:21.852385408] [28180] [1;32m INFO [1;37mIPAProxy [1;34mipa_proxy.cpp:180 [0mUsing tuning file /usr/share/libcamera/ipa/rpi/pisp/imx477.json
[0:21:21.859129720] [28180] [1;32m INFO [1;37mCamera [1;34mcamera_manager.cpp:223 [0mAdding camera '/base/axi/pcie@1000120000/rp1/i2c@88000/imx477@1a' for pipeline handler rpi/pisp
[0:21:21.859157146] [28180] [1;32m INFO [1;37mRPI [1;34mpisp.cpp:1181 [0mRegistered camera /base/axi/pcie@1000120000/rp1/i2c@88000/imx477@1a to CFE device /dev/media2 and ISP device /dev/media0 using PiSP variant BCM2712_D0
[0:21:21.867015310] [28162] [1;32m INFO [1;37mCamera [1;34mcamera.cpp:1215 [0mconfiguring streams: (0) 4056x3040-BGR888/sRGB (1) 4056x3040-BGGR_PISP_COMP1/RAW
[0:21:21.867121847] [28180] [1;32m INFO [1;37mRPI [1;34mpisp.cpp:1485 [0mSensor: /base/axi/pcie@1000120000/rp1/i2c@88000/imx477@1a - Selected sensor format: 4056x3040-SBGGR12_1X12/RAW - Selected CFE format: 4056x3040-PC1B/RAW
[0:22:08.860807152] [29192] [1;32m INFO [1;37mCamera [1;34mcamera_manager.cpp:340 [0mlibcamera v0.6.0+rpt20251202
[0:22:08.869013019] [29209] [1;32m INFO [1;37mRPI [1;34mpisp.cpp:720 [0mlibpisp version 1.3.0
[0:22:08.871339889] [29209] [1;32m INFO [1;37mIPAProxy [1;34mipa_proxy.cpp:180 [0mUsing tuning file /usr/share/libcamera/ipa/rpi/pisp/imx477.json
[0:22:08.877999776] [29209] [1;32m INFO [1;37mCamera [1;34mcamera_manager.cpp:223 [0mAdding camera '/base/axi/pcie@1000120000/rp1/i2c@88000/imx477@1a' for pipeline handler rpi/pisp
[0:22:08.878027220] [29209] [1;32m INFO [1;37mRPI [1;34mpisp.cpp:1181 [0mRegistered camera /base/axi/pcie@1000120000/rp1/i2c@88000/imx477@1a to CFE device /dev/media2 and ISP device /dev/media0 using PiSP variant BCM2712_D0
[0:22:08.880840942] [29192] [1;32m INFO [1;37mCamera [1;34mcamera.cpp:1215 [0mconfiguring streams: (0) 4056x3040-BGR888/sRGB (1) 4056x3040-BGGR_PISP_COMP1/RAW
[0:22:08.880938201] [29209] [1;32m INFO [1;37mRPI [1;34mpisp.cpp:1485 [0mSensor: /base/axi/pcie@1000120000/rp1/i2c@88000/imx477@1a - Selected sensor format: 4056x3040-SBGGR12_1X12/RAW - Selected CFE format: 4056x3040-PC1B/RAW
[0:22:57.223707761] [30281] [1;32m INFO [1;37mCamera [1;34mcamera_manager.cpp:340 [0mlibcamera v0.6.0+rpt20251202
[0:22:57.231975975] [30297] [1;32m INFO [1;37mRPI [1;34mpisp.cpp:720 [0mlibpisp version 1.3.0
[0:22:57.234347102] [30297] [1;32m INFO [1;37mIPAProxy [1;34mipa_proxy.cpp:180 [0mUsing tuning file /usr/share/libcamera/ipa/rpi/pisp/imx477.json
[0:22:57.241019466] [30297] [1;32m INFO [1;37mCamera [1;34mcamera_manager.cpp:223 [0mAdding camera '/base/axi/pcie@1000120000/rp1/i2c@88000/imx477@1a' for pipeline handler rpi/pisp
[0:22:57.241045484] [30297] [1;32m INFO [1;37mRPI [1;34mpisp.cpp:1181 [0mRegistered camera /base/axi/pcie@1000120000/rp1/i2c@88000/imx477@1a to CFE device /dev/media2 and ISP device /dev/media0 using PiSP variant BCM2712_D0
[0:22:57.243986518] [30281] [1;32m INFO [1;37mCamera [1;34mcamera.cpp:1215 [0mconfiguring streams: (0) 4056x3040-BGR888/sRGB (1) 4056x3040-BGGR_PISP_COMP1/RAW
[0:22:57.244104333] [30297] [1;32m INFO [1;37mRPI [1;34mpisp.cpp:1485 [0mSensor: /base/axi/pcie@1000120000/rp1/i2c@88000/imx477@1a - Selected sensor format: 4056x3040-SBGGR12_1X12/RAW - Selected CFE format: 4056x3040-PC1B/RAW
Traceback (most recent call last):
  File "/home/pi/pi_trigger_2pics_BGR.py", line 273, in <module>
    main()
    ~~~~^^
  File "/home/pi/pi_trigger_2pics_BGR.py", line 155, in main
    udp_sock = setup_multicast_socket()
  File "/home/pi/pi_trigger_2pics_BGR.py", line 125, in setup_multicast_socket
    iface_ip = _get_default_ip()
  File "/home/pi/pi_trigger_2pics_BGR.py", line 120, in _get_default_ip
    tmp.connect(("192.168.178.5", 80))
    ~~~~~~~~~~~^^^^^^^^^^^^^^^^^^^^^^^
OSError: [Errno 101] Network is unreachable
Traceback (most recent call last):
  File "/home/pi/pi_trigger_2pics_BGR.py", line 273, in <module>
    main()
    ~~~~^^
  File "/home/pi/pi_trigger_2pics_BGR.py", line 155, in main
    udp_sock = setup_multicast_socket()
  File "/home/pi/pi_trigger_2pics_BGR.py", line 125, in setup_multicast_socket
    iface_ip = _get_default_ip()
  File "/home/pi/pi_trigger_2pics_BGR.py", line 120, in _get_default_ip
    tmp.connect(("192.168.178.5", 80))
    ~~~~~~~~~~~^^^^^^^^^^^^^^^^^^^^^^^
OSError: [Errno 101] Network is unreachable
Traceback (most recent call last):
  File "/home/pi/pi_trigger_2pics_BGR.py", line 273, in <module>
    main()
    ~~~~^^
  File "/home/pi/pi_trigger_2pics_BGR.py", line 155, in main
    udp_sock = setup_multicast_socket()
  File "/home/pi/pi_trigger_2pics_BGR.py", line 125, in setup_multicast_socket
    iface_ip = _get_default_ip()
  File "/home/pi/pi_trigger_2pics_BGR.py", line 120, in _get_default_ip
    tmp.connect(("192.168.178.5", 80))
    ~~~~~~~~~~~^^^^^^^^^^^^^^^^^^^^^^^
OSError: [Errno 101] Network is unreachable
Traceback (most recent call last):
  File "/home/pi/pi_trigger_2pics_BGR.py", line 273, in <module>
    main()
    ~~~~^^
  File "/home/pi/pi_trigger_2pics_BGR.py", line 155, in main
    udp_sock = setup_multicast_socket()
  File "/home/pi/pi_trigger_2pics_BGR.py", line 125, in setup_multicast_socket
    iface_ip = _get_default_ip()
  File "/home/pi/pi_trigger_2pics_BGR.py", line 120, in _get_default_ip
    tmp.connect(("192.168.178.5", 80))
    ~~~~~~~~~~~^^^^^^^^^^^^^^^^^^^^^^^
OSError: [Errno 101] Network is unreachable
Traceback (most recent call last):
  File "/home/pi/pi_trigger_2pics_BGR.py", line 273, in <module>
    main()
    ~~~~^^
  File "/home/pi/pi_trigger_2pics_BGR.py", line 155, in main
    udp_sock = setup_multicast_socket()
  File "/home/pi/pi_trigger_2pics_BGR.py", line 125, in setup_multicast_socket
    iface_ip = _get_default_ip()
  File "/home/pi/pi_trigger_2pics_BGR.py", line 120, in _get_default_ip
    tmp.connect(("192.168.178.5", 80))
    ~~~~~~~~~~~^^^^^^^^^^^^^^^^^^^^^^^
OSError: [Errno 101] Network is unreachable
Traceback (most recent call last):
  File "/home/pi/pi_trigger_2pics_BGR.py", line 273, in <module>
    main()
    ~~~~^^
  File "/home/pi/pi_trigger_2pics_BGR.py", line 155, in main
    udp_sock = setup_multicast_socket()
  File "/home/pi/pi_trigger_2pics_BGR.py", line 125, in setup_multicast_socket
    iface_ip = _get_default_ip()
  File "/home/pi/pi_trigger_2pics_BGR.py", line 120, in _get_default_ip
    tmp.connect(("192.168.178.5", 80))
    ~~~~~~~~~~~^^^^^^^^^^^^^^^^^^^^^^^
OSError: [Errno 101] Network is unreachable
Traceback (most recent call last):
  File "/home/pi/pi_trigger_2pics_BGR.py", line 273, in <module>
    main()
    ~~~~^^
  File "/home/pi/pi_trigger_2pics_BGR.py", line 155, in main
    udp_sock = setup_multicast_socket()
  File "/home/pi/pi_trigger_2pics_BGR.py", line 125, in setup_multicast_socket
    iface_ip = _get_default_ip()
  File "/home/pi/pi_trigger_2pics_BGR.py", line 120, in _get_default_ip
    tmp.connect(("192.168.178.5", 80))
    ~~~~~~~~~~~^^^^^^^^^^^^^^^^^^^^^^^
OSError: [Errno 101] Network is unreachable
[0:00:50.052505802] [2064] [1;32m INFO [1;37mCamera [1;34mcamera_manager.cpp:340 [0mlibcamera v0.6.0+rpt20251202
[0:00:50.060683803] [2080] [1;32m INFO [1;37mRPI [1;34mpisp.cpp:720 [0mlibpisp version 1.3.0
[0:00:50.063010425] [2080] [1;32m INFO [1;37mIPAProxy [1;34mipa_proxy.cpp:180 [0mUsing tuning file /usr/share/libcamera/ipa/rpi/pisp/imx477.json
[0:00:50.069714608] [2080] [1;32m INFO [1;37mCamera [1;34mcamera_manager.cpp:223 [0mAdding camera '/base/axi/pcie@1000120000/rp1/i2c@88000/imx477@1a' for pipeline handler rpi/pisp
[0:00:50.069743775] [2080] [1;32m INFO [1;37mRPI [1;34mpisp.cpp:1181 [0mRegistered camera /base/axi/pcie@1000120000/rp1/i2c@88000/imx477@1a to CFE device /dev/media0 and ISP device /dev/media1 using PiSP variant BCM2712_D0
[0:00:50.072687519] [2064] [1;32m INFO [1;37mCamera [1;34mcamera.cpp:1215 [0mconfiguring streams: (0) 4056x3040-BGR888/sRGB (1) 4056x3040-BGGR_PISP_COMP1/RAW
[0:00:50.072783018] [2080] [1;32m INFO [1;37mRPI [1;34mpisp.cpp:1485 [0mSensor: /base/axi/pcie@1000120000/rp1/i2c@88000/imx477@1a - Selected sensor format: 4056x3040-SBGGR12_1X12/RAW - Selected CFE format: 4056x3040-PC1B/RAW
[0:03:25.950328269] [5248] [1;32m INFO [1;37mCamera [1;34mcamera_manager.cpp:340 [0mlibcamera v0.6.0+rpt20251202
[0:03:25.958650712] [5267] [1;32m INFO [1;37mRPI [1;34mpisp.cpp:720 [0mlibpisp version 1.3.0
[0:03:25.961024693] [5267] [1;32m INFO [1;37mIPAProxy [1;34mipa_proxy.cpp:180 [0mUsing tuning file /usr/share/libcamera/ipa/rpi/pisp/imx477.json
[0:03:25.967692007] [5267] [1;32m INFO [1;37mCamera [1;34mcamera_manager.cpp:223 [0mAdding camera '/base/axi/pcie@1000120000/rp1/i2c@88000/imx477@1a' for pipeline handler rpi/pisp
[0:03:25.967721174] [5267] [1;32m INFO [1;37mRPI [1;34mpisp.cpp:1181 [0mRegistered camera /base/axi/pcie@1000120000/rp1/i2c@88000/imx477@1a to CFE device /dev/media0 and ISP device /dev/media1 using PiSP variant BCM2712_D0
[0:03:25.970676340] [5248] [1;32m INFO [1;37mCamera [1;34mcamera.cpp:1215 [0mconfiguring streams: (0) 4056x3040-BGR888/sRGB (1) 4056x3040-BGGR_PISP_COMP1/RAW
[0:03:25.970773488] [5267] [1;32m INFO [1;37mRPI [1;34mpisp.cpp:1485 [0mSensor: /base/axi/pcie@1000120000/rp1/i2c@88000/imx477@1a - Selected sensor format: 4056x3040-SBGGR12_1X12/RAW - Selected CFE format: 4056x3040-PC1B/RAW
Traceback (most recent call last):
  File "/home/pi/pi_trigger_2pics_BGR.py", line 273, in <module>
    main()
    ~~~~^^
  File "/home/pi/pi_trigger_2pics_BGR.py", line 155, in main
    udp_sock = setup_multicast_socket()
  File "/home/pi/pi_trigger_2pics_BGR.py", line 125, in setup_multicast_socket
    iface_ip = _get_default_ip()
  File "/home/pi/pi_trigger_2pics_BGR.py", line 120, in _get_default_ip
    tmp.connect(("192.168.178.5", 80))
    ~~~~~~~~~~~^^^^^^^^^^^^^^^^^^^^^^^
OSError: [Errno 101] Network is unreachable
Traceback (most recent call last):
  File "/home/pi/pi_trigger_2pics_BGR.py", line 273, in <module>
    main()
    ~~~~^^
  File "/home/pi/pi_trigger_2pics_BGR.py", line 155, in main
    udp_sock = setup_multicast_socket()
  File "/home/pi/pi_trigger_2pics_BGR.py", line 125, in setup_multicast_socket
    iface_ip = _get_default_ip()
  File "/home/pi/pi_trigger_2pics_BGR.py", line 120, in _get_default_ip
    tmp.connect(("192.168.178.5", 80))
    ~~~~~~~~~~~^^^^^^^^^^^^^^^^^^^^^^^
OSError: [Errno 101] Network is unreachable
Traceback (most recent call last):
  File "/home/pi/pi_trigger_2pics_BGR.py", line 273, in <module>
    main()
    ~~~~^^
  File "/home/pi/pi_trigger_2pics_BGR.py", line 155, in main
    udp_sock = setup_multicast_socket()
  File "/home/pi/pi_trigger_2pics_BGR.py", line 125, in setup_multicast_socket
    iface_ip = _get_default_ip()
  File "/home/pi/pi_trigger_2pics_BGR.py", line 120, in _get_default_ip
    tmp.connect(("192.168.178.5", 80))
    ~~~~~~~~~~~^^^^^^^^^^^^^^^^^^^^^^^
OSError: [Errno 101] Network is unreachable
Traceback (most recent call last):
  File "/home/pi/pi_trigger_2pics_BGR.py", line 273, in <module>
    main()
    ~~~~^^
  File "/home/pi/pi_trigger_2pics_BGR.py", line 155, in main
    udp_sock = setup_multicast_socket()
  File "/home/pi/pi_trigger_2pics_BGR.py", line 125, in setup_multicast_socket
    iface_ip = _get_default_ip()
  File "/home/pi/pi_trigger_2pics_BGR.py", line 120, in _get_default_ip
    tmp.connect(("192.168.178.5", 80))
    ~~~~~~~~~~~^^^^^^^^^^^^^^^^^^^^^^^
OSError: [Errno 101] Network is unreachable
Traceback (most recent call last):
  File "/home/pi/pi_trigger_2pics_BGR.py", line 273, in <module>
    main()
    ~~~~^^
  File "/home/pi/pi_trigger_2pics_BGR.py", line 155, in main
    udp_sock = setup_multicast_socket()
  File "/home/pi/pi_trigger_2pics_BGR.py", line 125, in setup_multicast_socket
    iface_ip = _get_default_ip()
  File "/home/pi/pi_trigger_2pics_BGR.py", line 120, in _get_default_ip
    tmp.connect(("192.168.178.5", 80))
    ~~~~~~~~~~~^^^^^^^^^^^^^^^^^^^^^^^
OSError: [Errno 101] Network is unreachable
Traceback (most recent call last):
  File "/home/pi/pi_trigger_2pics_BGR.py", line 273, in <module>
    main()
    ~~~~^^
  File "/home/pi/pi_trigger_2pics_BGR.py", line 155, in main
    udp_sock = setup_multicast_socket()
  File "/home/pi/pi_trigger_2pics_BGR.py", line 125, in setup_multicast_socket
    iface_ip = _get_default_ip()
  File "/home/pi/pi_trigger_2pics_BGR.py", line 120, in _get_default_ip
    tmp.connect(("192.168.178.5", 80))
    ~~~~~~~~~~~^^^^^^^^^^^^^^^^^^^^^^^
OSError: [Errno 101] Network is unreachable
Traceback (most recent call last):
  File "/home/pi/pi_trigger_2pics_BGR.py", line 273, in <module>
    main()
    ~~~~^^
  File "/home/pi/pi_trigger_2pics_BGR.py", line 155, in main
    udp_sock = setup_multicast_socket()
  File "/home/pi/pi_trigger_2pics_BGR.py", line 125, in setup_multicast_socket
    iface_ip = _get_default_ip()
  File "/home/pi/pi_trigger_2pics_BGR.py", line 120, in _get_default_ip
    tmp.connect(("192.168.178.5", 80))
    ~~~~~~~~~~~^^^^^^^^^^^^^^^^^^^^^^^
OSError: [Errno 101] Network is unreachable
Traceback (most recent call last):
  File "/home/pi/pi_trigger_2pics_BGR.py", line 273, in <module>
    main()
    ~~~~^^
  File "/home/pi/pi_trigger_2pics_BGR.py", line 155, in main
    udp_sock = setup_multicast_socket()
  File "/home/pi/pi_trigger_2pics_BGR.py", line 125, in setup_multicast_socket
    iface_ip = _get_default_ip()
  File "/home/pi/pi_trigger_2pics_BGR.py", line 120, in _get_default_ip
    tmp.connect(("192.168.178.5", 80))
    ~~~~~~~~~~~^^^^^^^^^^^^^^^^^^^^^^^
OSError: [Errno 101] Network is unreachable
Traceback (most recent call last):
  File "/home/pi/pi_trigger_2pics_BGR.py", line 273, in <module>
    main()
    ~~~~^^
  File "/home/pi/pi_trigger_2pics_BGR.py", line 155, in main
    udp_sock = setup_multicast_socket()
  File "/home/pi/pi_trigger_2pics_BGR.py", line 125, in setup_multicast_socket
    iface_ip = _get_default_ip()
  File "/home/pi/pi_trigger_2pics_BGR.py", line 120, in _get_default_ip
    tmp.connect(("192.168.178.5", 80))
    ~~~~~~~~~~~^^^^^^^^^^^^^^^^^^^^^^^
OSError: [Errno 101] Network is unreachable
Traceback (most recent call last):
  File "/home/pi/pi_trigger_2pics_BGR.py", line 273, in <module>
    main()
    ~~~~^^
  File "/home/pi/pi_trigger_2pics_BGR.py", line 155, in main
    udp_sock = setup_multicast_socket()
  File "/home/pi/pi_trigger_2pics_BGR.py", line 125, in setup_multicast_socket
    iface_ip = _get_default_ip()
  File "/home/pi/pi_trigger_2pics_BGR.py", line 120, in _get_default_ip
    tmp.connect(("192.168.178.5", 80))
    ~~~~~~~~~~~^^^^^^^^^^^^^^^^^^^^^^^
OSError: [Errno 101] Network is unreachable
Traceback (most recent call last):
  File "/home/pi/pi_trigger_2pics_BGR.py", line 273, in <module>
    main()
    ~~~~^^
  File "/home/pi/pi_trigger_2pics_BGR.py", line 155, in main
    udp_sock = setup_multicast_socket()
  File "/home/pi/pi_trigger_2pics_BGR.py", line 125, in setup_multicast_socket
    iface_ip = _get_default_ip()
  File "/home/pi/pi_trigger_2pics_BGR.py", line 120, in _get_default_ip
    tmp.connect(("192.168.178.5", 80))
    ~~~~~~~~~~~^^^^^^^^^^^^^^^^^^^^^^^
OSError: [Errno 101] Network is unreachable
Traceback (most recent call last):
  File "/home/pi/pi_trigger_2pics_BGR.py", line 273, in <module>
    main()
    ~~~~^^
  File "/home/pi/pi_trigger_2pics_BGR.py", line 155, in main
    udp_sock = setup_multicast_socket()
  File "/home/pi/pi_trigger_2pics_BGR.py", line 125, in setup_multicast_socket
    iface_ip = _get_default_ip()
  File "/home/pi/pi_trigger_2pics_BGR.py", line 120, in _get_default_ip
    tmp.connect(("192.168.178.5", 80))
    ~~~~~~~~~~~^^^^^^^^^^^^^^^^^^^^^^^
OSError: [Errno 101] Network is unreachable
Traceback (most recent call last):
  File "/home/pi/pi_trigger_2pics_BGR.py", line 273, in <module>
    main()
    ~~~~^^
  File "/home/pi/pi_trigger_2pics_BGR.py", line 155, in main
    udp_sock = setup_multicast_socket()
  File "/home/pi/pi_trigger_2pics_BGR.py", line 125, in setup_multicast_socket
    iface_ip = _get_default_ip()
  File "/home/pi/pi_trigger_2pics_BGR.py", line 120, in _get_default_ip
    tmp.connect(("192.168.178.5", 80))
    ~~~~~~~~~~~^^^^^^^^^^^^^^^^^^^^^^^
OSError: [Errno 101] Network is unreachable
Traceback (most recent call last):
  File "/home/pi/pi_trigger_2pics_BGR.py", line 273, in <module>
    main()
    ~~~~^^
  File "/home/pi/pi_trigger_2pics_BGR.py", line 155, in main
    udp_sock = setup_multicast_socket()
  File "/home/pi/pi_trigger_2pics_BGR.py", line 125, in setup_multicast_socket
    iface_ip = _get_default_ip()
  File "/home/pi/pi_trigger_2pics_BGR.py", line 120, in _get_default_ip
    tmp.connect(("192.168.178.5", 80))
    ~~~~~~~~~~~^^^^^^^^^^^^^^^^^^^^^^^
OSError: [Errno 101] Network is unreachable
Traceback (most recent call last):
  File "/home/pi/pi_trigger_2pics_BGR.py", line 273, in <module>
    main()
    ~~~~^^
  File "/home/pi/pi_trigger_2pics_BGR.py", line 155, in main
    udp_sock = setup_multicast_socket()
  File "/home/pi/pi_trigger_2pics_BGR.py", line 125, in setup_multicast_socket
    iface_ip = _get_default_ip()
  File "/home/pi/pi_trigger_2pics_BGR.py", line 120, in _get_default_ip
    tmp.connect(("192.168.178.5", 80))
    ~~~~~~~~~~~^^^^^^^^^^^^^^^^^^^^^^^
OSError: [Errno 101] Network is unreachable
Traceback (most recent call last):
  File "/home/pi/pi_trigger_2pics_BGR.py", line 273, in <module>
    main()
    ~~~~^^
  File "/home/pi/pi_trigger_2pics_BGR.py", line 155, in main
    udp_sock = setup_multicast_socket()
  File "/home/pi/pi_trigger_2pics_BGR.py", line 125, in setup_multicast_socket
    iface_ip = _get_default_ip()
  File "/home/pi/pi_trigger_2pics_BGR.py", line 120, in _get_default_ip
    tmp.connect(("192.168.178.5", 80))
    ~~~~~~~~~~~^^^^^^^^^^^^^^^^^^^^^^^
OSError: [Errno 101] Network is unreachable
Traceback (most recent call last):
  File "/home/pi/pi_trigger_2pics_BGR.py", line 273, in <module>
    main()
    ~~~~^^
  File "/home/pi/pi_trigger_2pics_BGR.py", line 155, in main
    udp_sock = setup_multicast_socket()
  File "/home/pi/pi_trigger_2pics_BGR.py", line 125, in setup_multicast_socket
    iface_ip = _get_default_ip()
  File "/home/pi/pi_trigger_2pics_BGR.py", line 120, in _get_default_ip
    tmp.connect(("192.168.178.5", 80))
    ~~~~~~~~~~~^^^^^^^^^^^^^^^^^^^^^^^
OSError: [Errno 101] Network is unreachable
Traceback (most recent call last):
  File "/home/pi/pi_trigger_2pics_BGR.py", line 273, in <module>
    main()
    ~~~~^^
  File "/home/pi/pi_trigger_2pics_BGR.py", line 155, in main
    udp_sock = setup_multicast_socket()
  File "/home/pi/pi_trigger_2pics_BGR.py", line 125, in setup_multicast_socket
    iface_ip = _get_default_ip()
  File "/home/pi/pi_trigger_2pics_BGR.py", line 120, in _get_default_ip
    tmp.connect(("192.168.178.5", 80))
    ~~~~~~~~~~~^^^^^^^^^^^^^^^^^^^^^^^
OSError: [Errno 101] Network is unreachable
Traceback (most recent call last):
  File "/home/pi/pi_trigger_2pics_BGR.py", line 273, in <module>
    main()
    ~~~~^^
  File "/home/pi/pi_trigger_2pics_BGR.py", line 155, in main
    udp_sock = setup_multicast_socket()
  File "/home/pi/pi_trigger_2pics_BGR.py", line 125, in setup_multicast_socket
    iface_ip = _get_default_ip()
  File "/home/pi/pi_trigger_2pics_BGR.py", line 120, in _get_default_ip
    tmp.connect(("192.168.178.5", 80))
    ~~~~~~~~~~~^^^^^^^^^^^^^^^^^^^^^^^
OSError: [Errno 101] Network is unreachable
Traceback (most recent call last):
  File "/home/pi/pi_trigger_2pics_BGR.py", line 273, in <module>
    main()
    ~~~~^^
  File "/home/pi/pi_trigger_2pics_BGR.py", line 155, in main
    udp_sock = setup_multicast_socket()
  File "/home/pi/pi_trigger_2pics_BGR.py", line 125, in setup_multicast_socket
    iface_ip = _get_default_ip()
  File "/home/pi/pi_trigger_2pics_BGR.py", line 120, in _get_default_ip
    tmp.connect(("192.168.178.5", 80))
    ~~~~~~~~~~~^^^^^^^^^^^^^^^^^^^^^^^
OSError: [Errno 101] Network is unreachable
Traceback (most recent call last):
  File "/home/pi/pi_trigger_2pics_BGR.py", line 273, in <module>
    main()
    ~~~~^^
  File "/home/pi/pi_trigger_2pics_BGR.py", line 155, in main
    udp_sock = setup_multicast_socket()
  File "/home/pi/pi_trigger_2pics_BGR.py", line 125, in setup_multicast_socket
    iface_ip = _get_default_ip()
  File "/home/pi/pi_trigger_2pics_BGR.py", line 120, in _get_default_ip
    tmp.connect(("192.168.178.5", 80))
    ~~~~~~~~~~~^^^^^^^^^^^^^^^^^^^^^^^
OSError: [Errno 101] Network is unreachable
Traceback (most recent call last):
  File "/home/pi/pi_trigger_2pics_BGR.py", line 273, in <module>
    main()
    ~~~~^^
  File "/home/pi/pi_trigger_2pics_BGR.py", line 155, in main
    udp_sock = setup_multicast_socket()
  File "/home/pi/pi_trigger_2pics_BGR.py", line 125, in setup_multicast_socket
    iface_ip = _get_default_ip()
  File "/home/pi/pi_trigger_2pics_BGR.py", line 120, in _get_default_ip
    tmp.connect(("192.168.178.5", 80))
    ~~~~~~~~~~~^^^^^^^^^^^^^^^^^^^^^^^
OSError: [Errno 101] Network is unreachable
Traceback (most recent call last):
  File "/home/pi/pi_trigger_2pics_BGR.py", line 273, in <module>
    main()
    ~~~~^^
  File "/home/pi/pi_trigger_2pics_BGR.py", line 155, in main
    udp_sock = setup_multicast_socket()
  File "/home/pi/pi_trigger_2pics_BGR.py", line 125, in setup_multicast_socket
    iface_ip = _get_default_ip()
  File "/home/pi/pi_trigger_2pics_BGR.py", line 120, in _get_default_ip
    tmp.connect(("192.168.178.5", 80))
    ~~~~~~~~~~~^^^^^^^^^^^^^^^^^^^^^^^
OSError: [Errno 101] Network is unreachable
Traceback (most recent call last):
  File "/home/pi/pi_trigger_2pics_BGR.py", line 273, in <module>
    main()
    ~~~~^^
  File "/home/pi/pi_trigger_2pics_BGR.py", line 155, in main
    udp_sock = setup_multicast_socket()
  File "/home/pi/pi_trigger_2pics_BGR.py", line 125, in setup_multicast_socket
    iface_ip = _get_default_ip()
  File "/home/pi/pi_trigger_2pics_BGR.py", line 120, in _get_default_ip
    tmp.connect(("192.168.178.5", 80))
    ~~~~~~~~~~~^^^^^^^^^^^^^^^^^^^^^^^
OSError: [Errno 101] Network is unreachable
Traceback (most recent call last):
  File "/home/pi/pi_trigger_2pics_BGR.py", line 273, in <module>
    main()
    ~~~~^^
  File "/home/pi/pi_trigger_2pics_BGR.py", line 155, in main
    udp_sock = setup_multicast_socket()
  File "/home/pi/pi_trigger_2pics_BGR.py", line 125, in setup_multicast_socket
    iface_ip = _get_default_ip()
  File "/home/pi/pi_trigger_2pics_BGR.py", line 120, in _get_default_ip
    tmp.connect(("192.168.178.5", 80))
    ~~~~~~~~~~~^^^^^^^^^^^^^^^^^^^^^^^
OSError: [Errno 101] Network is unreachable
Traceback (most recent call last):
  File "/home/pi/pi_trigger_2pics_BGR.py", line 273, in <module>
    main()
    ~~~~^^
  File "/home/pi/pi_trigger_2pics_BGR.py", line 155, in main
    udp_sock = setup_multicast_socket()
  File "/home/pi/pi_trigger_2pics_BGR.py", line 125, in setup_multicast_socket
    iface_ip = _get_default_ip()
  File "/home/pi/pi_trigger_2pics_BGR.py", line 120, in _get_default_ip
    tmp.connect(("192.168.178.5", 80))
    ~~~~~~~~~~~^^^^^^^^^^^^^^^^^^^^^^^
OSError: [Errno 101] Network is unreachable
Traceback (most recent call last):
  File "/home/pi/pi_trigger_2pics_BGR.py", line 273, in <module>
    main()
    ~~~~^^
  File "/home/pi/pi_trigger_2pics_BGR.py", line 155, in main
    udp_sock = setup_multicast_socket()
  File "/home/pi/pi_trigger_2pics_BGR.py", line 125, in setup_multicast_socket
    iface_ip = _get_default_ip()
  File "/home/pi/pi_trigger_2pics_BGR.py", line 120, in _get_default_ip
    tmp.connect(("192.168.178.5", 80))
    ~~~~~~~~~~~^^^^^^^^^^^^^^^^^^^^^^^
OSError: [Errno 101] Network is unreachable
Traceback (most recent call last):
  File "/home/pi/pi_trigger_2pics_BGR.py", line 273, in <module>
    main()
    ~~~~^^
  File "/home/pi/pi_trigger_2pics_BGR.py", line 155, in main
    udp_sock = setup_multicast_socket()
  File "/home/pi/pi_trigger_2pics_BGR.py", line 125, in setup_multicast_socket
    iface_ip = _get_default_ip()
  File "/home/pi/pi_trigger_2pics_BGR.py", line 120, in _get_default_ip
    tmp.connect(("192.168.178.5", 80))
    ~~~~~~~~~~~^^^^^^^^^^^^^^^^^^^^^^^
OSError: [Errno 101] Network is unreachable
Traceback (most recent call last):
  File "/home/pi/pi_trigger_2pics_BGR.py", line 273, in <module>
    main()
    ~~~~^^
  File "/home/pi/pi_trigger_2pics_BGR.py", line 155, in main
    udp_sock = setup_multicast_socket()
  File "/home/pi/pi_trigger_2pics_BGR.py", line 125, in setup_multicast_socket
    iface_ip = _get_default_ip()
  File "/home/pi/pi_trigger_2pics_BGR.py", line 120, in _get_default_ip
    tmp.connect(("192.168.178.5", 80))
    ~~~~~~~~~~~^^^^^^^^^^^^^^^^^^^^^^^
OSError: [Errno 101] Network is unreachable
Traceback (most recent call last):
  File "/home/pi/pi_trigger_2pics_BGR.py", line 273, in <module>
    main()
    ~~~~^^
  File "/home/pi/pi_trigger_2pics_BGR.py", line 155, in main
    udp_sock = setup_multicast_socket()
  File "/home/pi/pi_trigger_2pics_BGR.py", line 125, in setup_multicast_socket
    iface_ip = _get_default_ip()
  File "/home/pi/pi_trigger_2pics_BGR.py", line 120, in _get_default_ip
    tmp.connect(("192.168.178.5", 80))
    ~~~~~~~~~~~^^^^^^^^^^^^^^^^^^^^^^^
OSError: [Errno 101] Network is unreachable
Traceback (most recent call last):
  File "/home/pi/pi_trigger_2pics_BGR.py", line 273, in <module>
    main()
    ~~~~^^
  File "/home/pi/pi_trigger_2pics_BGR.py", line 155, in main
    udp_sock = setup_multicast_socket()
  File "/home/pi/pi_trigger_2pics_BGR.py", line 125, in setup_multicast_socket
    iface_ip = _get_default_ip()
  File "/home/pi/pi_trigger_2pics_BGR.py", line 120, in _get_default_ip
    tmp.connect(("192.168.178.5", 80))
    ~~~~~~~~~~~^^^^^^^^^^^^^^^^^^^^^^^
OSError: [Errno 101] Network is unreachable
Traceback (most recent call last):
  File "/home/pi/pi_trigger_2pics_BGR.py", line 273, in <module>
    main()
    ~~~~^^
  File "/home/pi/pi_trigger_2pics_BGR.py", line 155, in main
    udp_sock = setup_multicast_socket()
  File "/home/pi/pi_trigger_2pics_BGR.py", line 125, in setup_multicast_socket
    iface_ip = _get_default_ip()
  File "/home/pi/pi_trigger_2pics_BGR.py", line 120, in _get_default_ip
    tmp.connect(("192.168.178.5", 80))
    ~~~~~~~~~~~^^^^^^^^^^^^^^^^^^^^^^^
OSError: [Errno 101] Network is unreachable
Traceback (most recent call last):
  File "/home/pi/pi_trigger_2pics_BGR.py", line 273, in <module>
    main()
    ~~~~^^
  File "/home/pi/pi_trigger_2pics_BGR.py", line 155, in main
    udp_sock = setup_multicast_socket()
  File "/home/pi/pi_trigger_2pics_BGR.py", line 125, in setup_multicast_socket
    iface_ip = _get_default_ip()
  File "/home/pi/pi_trigger_2pics_BGR.py", line 120, in _get_default_ip
    tmp.connect(("192.168.178.5", 80))
    ~~~~~~~~~~~^^^^^^^^^^^^^^^^^^^^^^^
OSError: [Errno 101] Network is unreachable
Traceback (most recent call last):
  File "/home/pi/pi_trigger_2pics_BGR.py", line 273, in <module>
    main()
    ~~~~^^
  File "/home/pi/pi_trigger_2pics_BGR.py", line 155, in main
    udp_sock = setup_multicast_socket()
  File "/home/pi/pi_trigger_2pics_BGR.py", line 125, in setup_multicast_socket
    iface_ip = _get_default_ip()
  File "/home/pi/pi_trigger_2pics_BGR.py", line 120, in _get_default_ip
    tmp.connect(("192.168.178.5", 80))
    ~~~~~~~~~~~^^^^^^^^^^^^^^^^^^^^^^^
OSError: [Errno 101] Network is unreachable
Traceback (most recent call last):
  File "/home/pi/pi_trigger_2pics_BGR.py", line 273, in <module>
    main()
    ~~~~^^
  File "/home/pi/pi_trigger_2pics_BGR.py", line 155, in main
    udp_sock = setup_multicast_socket()
  File "/home/pi/pi_trigger_2pics_BGR.py", line 125, in setup_multicast_socket
    iface_ip = _get_default_ip()
  File "/home/pi/pi_trigger_2pics_BGR.py", line 120, in _get_default_ip
    tmp.connect(("192.168.178.5", 80))
    ~~~~~~~~~~~^^^^^^^^^^^^^^^^^^^^^^^
OSError: [Errno 101] Network is unreachable
Traceback (most recent call last):
  File "/home/pi/pi_trigger_2pics_BGR.py", line 273, in <module>
    main()
    ~~~~^^
  File "/home/pi/pi_trigger_2pics_BGR.py", line 155, in main
    udp_sock = setup_multicast_socket()
  File "/home/pi/pi_trigger_2pics_BGR.py", line 125, in setup_multicast_socket
    iface_ip = _get_default_ip()
  File "/home/pi/pi_trigger_2pics_BGR.py", line 120, in _get_default_ip
    tmp.connect(("192.168.178.5", 80))
    ~~~~~~~~~~~^^^^^^^^^^^^^^^^^^^^^^^
OSError: [Errno 101] Network is unreachable
Traceback (most recent call last):
  File "/home/pi/pi_trigger_2pics_BGR.py", line 273, in <module>
    main()
    ~~~~^^
  File "/home/pi/pi_trigger_2pics_BGR.py", line 155, in main
    udp_sock = setup_multicast_socket()
  File "/home/pi/pi_trigger_2pics_BGR.py", line 125, in setup_multicast_socket
    iface_ip = _get_default_ip()
  File "/home/pi/pi_trigger_2pics_BGR.py", line 120, in _get_default_ip
    tmp.connect(("192.168.178.5", 80))
    ~~~~~~~~~~~^^^^^^^^^^^^^^^^^^^^^^^
OSError: [Errno 101] Network is unreachable
Traceback (most recent call last):
  File "/home/pi/pi_trigger_2pics_BGR.py", line 273, in <module>
    main()
    ~~~~^^
  File "/home/pi/pi_trigger_2pics_BGR.py", line 155, in main
    udp_sock = setup_multicast_socket()
  File "/home/pi/pi_trigger_2pics_BGR.py", line 125, in setup_multicast_socket
    iface_ip = _get_default_ip()
  File "/home/pi/pi_trigger_2pics_BGR.py", line 120, in _get_default_ip
    tmp.connect(("192.168.178.5", 80))
    ~~~~~~~~~~~^^^^^^^^^^^^^^^^^^^^^^^
OSError: [Errno 101] Network is unreachable
Traceback (most recent call last):
  File "/home/pi/pi_trigger_2pics_BGR.py", line 273, in <module>
    main()
    ~~~~^^
  File "/home/pi/pi_trigger_2pics_BGR.py", line 155, in main
    udp_sock = setup_multicast_socket()
  File "/home/pi/pi_trigger_2pics_BGR.py", line 125, in setup_multicast_socket
    iface_ip = _get_default_ip()
  File "/home/pi/pi_trigger_2pics_BGR.py", line 120, in _get_default_ip
    tmp.connect(("192.168.178.5", 80))
    ~~~~~~~~~~~^^^^^^^^^^^^^^^^^^^^^^^
OSError: [Errno 101] Network is unreachable
Traceback (most recent call last):
  File "/home/pi/pi_trigger_2pics_BGR.py", line 273, in <module>
    main()
    ~~~~^^
  File "/home/pi/pi_trigger_2pics_BGR.py", line 155, in main
    udp_sock = setup_multicast_socket()
  File "/home/pi/pi_trigger_2pics_BGR.py", line 125, in setup_multicast_socket
    iface_ip = _get_default_ip()
  File "/home/pi/pi_trigger_2pics_BGR.py", line 120, in _get_default_ip
    tmp.connect(("192.168.178.5", 80))
    ~~~~~~~~~~~^^^^^^^^^^^^^^^^^^^^^^^
OSError: [Errno 101] Network is unreachable
Traceback (most recent call last):
  File "/home/pi/pi_trigger_2pics_BGR.py", line 273, in <module>
    main()
    ~~~~^^
  File "/home/pi/pi_trigger_2pics_BGR.py", line 155, in main
    udp_sock = setup_multicast_socket()
  File "/home/pi/pi_trigger_2pics_BGR.py", line 125, in setup_multicast_socket
    iface_ip = _get_default_ip()
  File "/home/pi/pi_trigger_2pics_BGR.py", line 120, in _get_default_ip
    tmp.connect(("192.168.178.5", 80))
    ~~~~~~~~~~~^^^^^^^^^^^^^^^^^^^^^^^
OSError: [Errno 101] Network is unreachable
Traceback (most recent call last):
  File "/home/pi/pi_trigger_2pics_BGR.py", line 273, in <module>
    main()
    ~~~~^^
  File "/home/pi/pi_trigger_2pics_BGR.py", line 155, in main
    udp_sock = setup_multicast_socket()
  File "/home/pi/pi_trigger_2pics_BGR.py", line 125, in setup_multicast_socket
    iface_ip = _get_default_ip()
  File "/home/pi/pi_trigger_2pics_BGR.py", line 120, in _get_default_ip
    tmp.connect(("192.168.178.5", 80))
    ~~~~~~~~~~~^^^^^^^^^^^^^^^^^^^^^^^
OSError: [Errno 101] Network is unreachable
Traceback (most recent call last):
  File "/home/pi/pi_trigger_2pics_BGR.py", line 273, in <module>
    main()
    ~~~~^^
  File "/home/pi/pi_trigger_2pics_BGR.py", line 155, in main
    udp_sock = setup_multicast_socket()
  File "/home/pi/pi_trigger_2pics_BGR.py", line 125, in setup_multicast_socket
    iface_ip = _get_default_ip()
  File "/home/pi/pi_trigger_2pics_BGR.py", line 120, in _get_default_ip
    tmp.connect(("192.168.178.5", 80))
    ~~~~~~~~~~~^^^^^^^^^^^^^^^^^^^^^^^
OSError: [Errno 101] Network is unreachable
Traceback (most recent call last):
  File "/home/pi/pi_trigger_2pics_BGR.py", line 273, in <module>
    main()
    ~~~~^^
  File "/home/pi/pi_trigger_2pics_BGR.py", line 155, in main
    udp_sock = setup_multicast_socket()
  File "/home/pi/pi_trigger_2pics_BGR.py", line 125, in setup_multicast_socket
    iface_ip = _get_default_ip()
  File "/home/pi/pi_trigger_2pics_BGR.py", line 120, in _get_default_ip
    tmp.connect(("192.168.178.5", 80))
    ~~~~~~~~~~~^^^^^^^^^^^^^^^^^^^^^^^
OSError: [Errno 101] Network is unreachable
Traceback (most recent call last):
  File "/home/pi/pi_trigger_2pics_BGR.py", line 273, in <module>
    main()
    ~~~~^^
  File "/home/pi/pi_trigger_2pics_BGR.py", line 155, in main
    udp_sock = setup_multicast_socket()
  File "/home/pi/pi_trigger_2pics_BGR.py", line 125, in setup_multicast_socket
    iface_ip = _get_default_ip()
  File "/home/pi/pi_trigger_2pics_BGR.py", line 120, in _get_default_ip
    tmp.connect(("192.168.178.5", 80))
    ~~~~~~~~~~~^^^^^^^^^^^^^^^^^^^^^^^
OSError: [Errno 101] Network is unreachable
Traceback (most recent call last):
  File "/home/pi/pi_trigger_2pics_BGR.py", line 273, in <module>
    main()
    ~~~~^^
  File "/home/pi/pi_trigger_2pics_BGR.py", line 155, in main
    udp_sock = setup_multicast_socket()
  File "/home/pi/pi_trigger_2pics_BGR.py", line 125, in setup_multicast_socket
    iface_ip = _get_default_ip()
  File "/home/pi/pi_trigger_2pics_BGR.py", line 120, in _get_default_ip
    tmp.connect(("192.168.178.5", 80))
    ~~~~~~~~~~~^^^^^^^^^^^^^^^^^^^^^^^
OSError: [Errno 101] Network is unreachable
Traceback (most recent call last):
  File "/home/pi/pi_trigger_2pics_BGR.py", line 273, in <module>
    main()
    ~~~~^^
  File "/home/pi/pi_trigger_2pics_BGR.py", line 155, in main
    udp_sock = setup_multicast_socket()
  File "/home/pi/pi_trigger_2pics_BGR.py", line 125, in setup_multicast_socket
    iface_ip = _get_default_ip()
  File "/home/pi/pi_trigger_2pics_BGR.py", line 120, in _get_default_ip
    tmp.connect(("192.168.178.5", 80))
    ~~~~~~~~~~~^^^^^^^^^^^^^^^^^^^^^^^
OSError: [Errno 101] Network is unreachable
Traceback (most recent call last):
  File "/home/pi/pi_trigger_2pics_BGR.py", line 273, in <module>
    main()
    ~~~~^^
  File "/home/pi/pi_trigger_2pics_BGR.py", line 155, in main
    udp_sock = setup_multicast_socket()
  File "/home/pi/pi_trigger_2pics_BGR.py", line 125, in setup_multicast_socket
    iface_ip = _get_default_ip()
  File "/home/pi/pi_trigger_2pics_BGR.py", line 120, in _get_default_ip
    tmp.connect(("192.168.178.5", 80))
    ~~~~~~~~~~~^^^^^^^^^^^^^^^^^^^^^^^
OSError: [Errno 101] Network is unreachable
Traceback (most recent call last):
  File "/home/pi/pi_trigger_2pics_BGR.py", line 273, in <module>
    main()
    ~~~~^^
  File "/home/pi/pi_trigger_2pics_BGR.py", line 155, in main
    udp_sock = setup_multicast_socket()
  File "/home/pi/pi_trigger_2pics_BGR.py", line 125, in setup_multicast_socket
    iface_ip = _get_default_ip()
  File "/home/pi/pi_trigger_2pics_BGR.py", line 120, in _get_default_ip
    tmp.connect(("192.168.178.5", 80))
    ~~~~~~~~~~~^^^^^^^^^^^^^^^^^^^^^^^
OSError: [Errno 101] Network is unreachable
Traceback (most recent call last):
  File "/home/pi/pi_trigger_2pics_BGR.py", line 273, in <module>
    main()
    ~~~~^^
  File "/home/pi/pi_trigger_2pics_BGR.py", line 155, in main
    udp_sock = setup_multicast_socket()
  File "/home/pi/pi_trigger_2pics_BGR.py", line 125, in setup_multicast_socket
    iface_ip = _get_default_ip()
  File "/home/pi/pi_trigger_2pics_BGR.py", line 120, in _get_default_ip
    tmp.connect(("192.168.178.5", 80))
    ~~~~~~~~~~~^^^^^^^^^^^^^^^^^^^^^^^
OSError: [Errno 101] Network is unreachable
Traceback (most recent call last):
  File "/home/pi/pi_trigger_2pics_BGR.py", line 273, in <module>
    main()
    ~~~~^^
  File "/home/pi/pi_trigger_2pics_BGR.py", line 155, in main
    udp_sock = setup_multicast_socket()
  File "/home/pi/pi_trigger_2pics_BGR.py", line 125, in setup_multicast_socket
    iface_ip = _get_default_ip()
  File "/home/pi/pi_trigger_2pics_BGR.py", line 120, in _get_default_ip
    tmp.connect(("192.168.178.5", 80))
    ~~~~~~~~~~~^^^^^^^^^^^^^^^^^^^^^^^
OSError: [Errno 101] Network is unreachable
Traceback (most recent call last):
  File "/home/pi/pi_trigger_2pics_BGR.py", line 273, in <module>
    main()
    ~~~~^^
  File "/home/pi/pi_trigger_2pics_BGR.py", line 155, in main
    udp_sock = setup_multicast_socket()
  File "/home/pi/pi_trigger_2pics_BGR.py", line 125, in setup_multicast_socket
    iface_ip = _get_default_ip()
  File "/home/pi/pi_trigger_2pics_BGR.py", line 120, in _get_default_ip
    tmp.connect(("192.168.178.5", 80))
    ~~~~~~~~~~~^^^^^^^^^^^^^^^^^^^^^^^
OSError: [Errno 101] Network is unreachable
Traceback (most recent call last):
  File "/home/pi/pi_trigger_2pics_BGR.py", line 273, in <module>
    main()
    ~~~~^^
  File "/home/pi/pi_trigger_2pics_BGR.py", line 155, in main
    udp_sock = setup_multicast_socket()
  File "/home/pi/pi_trigger_2pics_BGR.py", line 125, in setup_multicast_socket
    iface_ip = _get_default_ip()
  File "/home/pi/pi_trigger_2pics_BGR.py", line 120, in _get_default_ip
    tmp.connect(("192.168.178.5", 80))
    ~~~~~~~~~~~^^^^^^^^^^^^^^^^^^^^^^^
OSError: [Errno 101] Network is unreachable
Traceback (most recent call last):
  File "/home/pi/pi_trigger_2pics_BGR.py", line 273, in <module>
    main()
    ~~~~^^
  File "/home/pi/pi_trigger_2pics_BGR.py", line 155, in main
    udp_sock = setup_multicast_socket()
  File "/home/pi/pi_trigger_2pics_BGR.py", line 125, in setup_multicast_socket
    iface_ip = _get_default_ip()
  File "/home/pi/pi_trigger_2pics_BGR.py", line 120, in _get_default_ip
    tmp.connect(("192.168.178.5", 80))
    ~~~~~~~~~~~^^^^^^^^^^^^^^^^^^^^^^^
OSError: [Errno 101] Network is unreachable
Traceback (most recent call last):
  File "/home/pi/pi_trigger_2pics_BGR.py", line 273, in <module>
    main()
    ~~~~^^
  File "/home/pi/pi_trigger_2pics_BGR.py", line 155, in main
    udp_sock = setup_multicast_socket()
  File "/home/pi/pi_trigger_2pics_BGR.py", line 125, in setup_multicast_socket
    iface_ip = _get_default_ip()
  File "/home/pi/pi_trigger_2pics_BGR.py", line 120, in _get_default_ip
    tmp.connect(("192.168.178.5", 80))
    ~~~~~~~~~~~^^^^^^^^^^^^^^^^^^^^^^^
OSError: [Errno 101] Network is unreachable
Traceback (most recent call last):
  File "/home/pi/pi_trigger_2pics_BGR.py", line 273, in <module>
    main()
    ~~~~^^
  File "/home/pi/pi_trigger_2pics_BGR.py", line 155, in main
    udp_sock = setup_multicast_socket()
  File "/home/pi/pi_trigger_2pics_BGR.py", line 125, in setup_multicast_socket
    iface_ip = _get_default_ip()
  File "/home/pi/pi_trigger_2pics_BGR.py", line 120, in _get_default_ip
    tmp.connect(("192.168.178.5", 80))
    ~~~~~~~~~~~^^^^^^^^^^^^^^^^^^^^^^^
OSError: [Errno 101] Network is unreachable
Traceback (most recent call last):
  File "/home/pi/pi_trigger_2pics_BGR.py", line 273, in <module>
    main()
    ~~~~^^
  File "/home/pi/pi_trigger_2pics_BGR.py", line 155, in main
    udp_sock = setup_multicast_socket()
  File "/home/pi/pi_trigger_2pics_BGR.py", line 125, in setup_multicast_socket
    iface_ip = _get_default_ip()
  File "/home/pi/pi_trigger_2pics_BGR.py", line 120, in _get_default_ip
    tmp.connect(("192.168.178.5", 80))
    ~~~~~~~~~~~^^^^^^^^^^^^^^^^^^^^^^^
OSError: [Errno 101] Network is unreachable
Traceback (most recent call last):
  File "/home/pi/pi_trigger_2pics_BGR.py", line 273, in <module>
    main()
    ~~~~^^
  File "/home/pi/pi_trigger_2pics_BGR.py", line 155, in main
    udp_sock = setup_multicast_socket()
  File "/home/pi/pi_trigger_2pics_BGR.py", line 125, in setup_multicast_socket
    iface_ip = _get_default_ip()
  File "/home/pi/pi_trigger_2pics_BGR.py", line 120, in _get_default_ip
    tmp.connect(("192.168.178.5", 80))
    ~~~~~~~~~~~^^^^^^^^^^^^^^^^^^^^^^^
OSError: [Errno 101] Network is unreachable
Traceback (most recent call last):
  File "/home/pi/pi_trigger_2pics_BGR.py", line 273, in <module>
    main()
    ~~~~^^
  File "/home/pi/pi_trigger_2pics_BGR.py", line 155, in main
    udp_sock = setup_multicast_socket()
  File "/home/pi/pi_trigger_2pics_BGR.py", line 125, in setup_multicast_socket
    iface_ip = _get_default_ip()
  File "/home/pi/pi_trigger_2pics_BGR.py", line 120, in _get_default_ip
    tmp.connect(("192.168.178.5", 80))
    ~~~~~~~~~~~^^^^^^^^^^^^^^^^^^^^^^^
OSError: [Errno 101] Network is unreachable
Traceback (most recent call last):
  File "/home/pi/pi_trigger_2pics_BGR.py", line 273, in <module>
    main()
    ~~~~^^
  File "/home/pi/pi_trigger_2pics_BGR.py", line 155, in main
    udp_sock = setup_multicast_socket()
  File "/home/pi/pi_trigger_2pics_BGR.py", line 125, in setup_multicast_socket
    iface_ip = _get_default_ip()
  File "/home/pi/pi_trigger_2pics_BGR.py", line 120, in _get_default_ip
    tmp.connect(("192.168.178.5", 80))
    ~~~~~~~~~~~^^^^^^^^^^^^^^^^^^^^^^^
OSError: [Errno 101] Network is unreachable
Traceback (most recent call last):
  File "/home/pi/pi_trigger_2pics_BGR.py", line 273, in <module>
    main()
    ~~~~^^
  File "/home/pi/pi_trigger_2pics_BGR.py", line 155, in main
    udp_sock = setup_multicast_socket()
  File "/home/pi/pi_trigger_2pics_BGR.py", line 125, in setup_multicast_socket
    iface_ip = _get_default_ip()
  File "/home/pi/pi_trigger_2pics_BGR.py", line 120, in _get_default_ip
    tmp.connect(("192.168.178.5", 80))
    ~~~~~~~~~~~^^^^^^^^^^^^^^^^^^^^^^^
OSError: [Errno 101] Network is unreachable
Traceback (most recent call last):
  File "/home/pi/pi_trigger_2pics_BGR.py", line 273, in <module>
    main()
    ~~~~^^
  File "/home/pi/pi_trigger_2pics_BGR.py", line 155, in main
    udp_sock = setup_multicast_socket()
  File "/home/pi/pi_trigger_2pics_BGR.py", line 125, in setup_multicast_socket
    iface_ip = _get_default_ip()
  File "/home/pi/pi_trigger_2pics_BGR.py", line 120, in _get_default_ip
    tmp.connect(("192.168.178.5", 80))
    ~~~~~~~~~~~^^^^^^^^^^^^^^^^^^^^^^^
OSError: [Errno 101] Network is unreachable
Traceback (most recent call last):
  File "/home/pi/pi_trigger_2pics_BGR.py", line 273, in <module>
    main()
    ~~~~^^
  File "/home/pi/pi_trigger_2pics_BGR.py", line 155, in main
    udp_sock = setup_multicast_socket()
  File "/home/pi/pi_trigger_2pics_BGR.py", line 125, in setup_multicast_socket
    iface_ip = _get_default_ip()
  File "/home/pi/pi_trigger_2pics_BGR.py", line 120, in _get_default_ip
    tmp.connect(("192.168.178.5", 80))
    ~~~~~~~~~~~^^^^^^^^^^^^^^^^^^^^^^^
OSError: [Errno 101] Network is unreachable
Traceback (most recent call last):
  File "/home/pi/pi_trigger_2pics_BGR.py", line 273, in <module>
    main()
    ~~~~^^
  File "/home/pi/pi_trigger_2pics_BGR.py", line 155, in main
    udp_sock = setup_multicast_socket()
  File "/home/pi/pi_trigger_2pics_BGR.py", line 125, in setup_multicast_socket
    iface_ip = _get_default_ip()
  File "/home/pi/pi_trigger_2pics_BGR.py", line 120, in _get_default_ip
    tmp.connect(("192.168.178.5", 80))
    ~~~~~~~~~~~^^^^^^^^^^^^^^^^^^^^^^^
OSError: [Errno 101] Network is unreachable
Traceback (most recent call last):
  File "/home/pi/pi_trigger_2pics_BGR.py", line 273, in <module>
    main()
    ~~~~^^
  File "/home/pi/pi_trigger_2pics_BGR.py", line 155, in main
    udp_sock = setup_multicast_socket()
  File "/home/pi/pi_trigger_2pics_BGR.py", line 125, in setup_multicast_socket
    iface_ip = _get_default_ip()
  File "/home/pi/pi_trigger_2pics_BGR.py", line 120, in _get_default_ip
    tmp.connect(("192.168.178.5", 80))
    ~~~~~~~~~~~^^^^^^^^^^^^^^^^^^^^^^^
OSError: [Errno 101] Network is unreachable
Traceback (most recent call last):
  File "/home/pi/pi_trigger_2pics_BGR.py", line 273, in <module>
    main()
    ~~~~^^
  File "/home/pi/pi_trigger_2pics_BGR.py", line 155, in main
    udp_sock = setup_multicast_socket()
  File "/home/pi/pi_trigger_2pics_BGR.py", line 125, in setup_multicast_socket
    iface_ip = _get_default_ip()
  File "/home/pi/pi_trigger_2pics_BGR.py", line 120, in _get_default_ip
    tmp.connect(("192.168.178.5", 80))
    ~~~~~~~~~~~^^^^^^^^^^^^^^^^^^^^^^^
OSError: [Errno 101] Network is unreachable
Traceback (most recent call last):
  File "/home/pi/pi_trigger_2pics_BGR.py", line 273, in <module>
    main()
    ~~~~^^
  File "/home/pi/pi_trigger_2pics_BGR.py", line 155, in main
    udp_sock = setup_multicast_socket()
  File "/home/pi/pi_trigger_2pics_BGR.py", line 125, in setup_multicast_socket
    iface_ip = _get_default_ip()
  File "/home/pi/pi_trigger_2pics_BGR.py", line 120, in _get_default_ip
    tmp.connect(("192.168.178.5", 80))
    ~~~~~~~~~~~^^^^^^^^^^^^^^^^^^^^^^^
OSError: [Errno 101] Network is unreachable
Traceback (most recent call last):
  File "/home/pi/pi_trigger_2pics_BGR.py", line 273, in <module>
    main()
    ~~~~^^
  File "/home/pi/pi_trigger_2pics_BGR.py", line 155, in main
    udp_sock = setup_multicast_socket()
  File "/home/pi/pi_trigger_2pics_BGR.py", line 125, in setup_multicast_socket
    iface_ip = _get_default_ip()
  File "/home/pi/pi_trigger_2pics_BGR.py", line 120, in _get_default_ip
    tmp.connect(("192.168.178.5", 80))
    ~~~~~~~~~~~^^^^^^^^^^^^^^^^^^^^^^^
OSError: [Errno 101] Network is unreachable
Traceback (most recent call last):
  File "/home/pi/pi_trigger_2pics_BGR.py", line 273, in <module>
    main()
    ~~~~^^
  File "/home/pi/pi_trigger_2pics_BGR.py", line 155, in main
    udp_sock = setup_multicast_socket()
  File "/home/pi/pi_trigger_2pics_BGR.py", line 125, in setup_multicast_socket
    iface_ip = _get_default_ip()
  File "/home/pi/pi_trigger_2pics_BGR.py", line 120, in _get_default_ip
    tmp.connect(("192.168.178.5", 80))
    ~~~~~~~~~~~^^^^^^^^^^^^^^^^^^^^^^^
OSError: [Errno 101] Network is unreachable
Traceback (most recent call last):
  File "/home/pi/pi_trigger_2pics_BGR.py", line 273, in <module>
    main()
    ~~~~^^
  File "/home/pi/pi_trigger_2pics_BGR.py", line 155, in main
    udp_sock = setup_multicast_socket()
  File "/home/pi/pi_trigger_2pics_BGR.py", line 125, in setup_multicast_socket
    iface_ip = _get_default_ip()
  File "/home/pi/pi_trigger_2pics_BGR.py", line 120, in _get_default_ip
    tmp.connect(("192.168.178.5", 80))
    ~~~~~~~~~~~^^^^^^^^^^^^^^^^^^^^^^^
OSError: [Errno 101] Network is unreachable
Traceback (most recent call last):
  File "/home/pi/pi_trigger_2pics_BGR.py", line 273, in <module>
    main()
    ~~~~^^
  File "/home/pi/pi_trigger_2pics_BGR.py", line 155, in main
    udp_sock = setup_multicast_socket()
  File "/home/pi/pi_trigger_2pics_BGR.py", line 125, in setup_multicast_socket
    iface_ip = _get_default_ip()
  File "/home/pi/pi_trigger_2pics_BGR.py", line 120, in _get_default_ip
    tmp.connect(("192.168.178.5", 80))
    ~~~~~~~~~~~^^^^^^^^^^^^^^^^^^^^^^^
OSError: [Errno 101] Network is unreachable
Traceback (most recent call last):
  File "/home/pi/pi_trigger_2pics_BGR.py", line 273, in <module>
    main()
    ~~~~^^
  File "/home/pi/pi_trigger_2pics_BGR.py", line 155, in main
    udp_sock = setup_multicast_socket()
  File "/home/pi/pi_trigger_2pics_BGR.py", line 125, in setup_multicast_socket
    iface_ip = _get_default_ip()
  File "/home/pi/pi_trigger_2pics_BGR.py", line 120, in _get_default_ip
    tmp.connect(("192.168.178.5", 80))
    ~~~~~~~~~~~^^^^^^^^^^^^^^^^^^^^^^^
OSError: [Errno 101] Network is unreachable
Traceback (most recent call last):
  File "/home/pi/pi_trigger_2pics_BGR.py", line 273, in <module>
    main()
    ~~~~^^
  File "/home/pi/pi_trigger_2pics_BGR.py", line 155, in main
    udp_sock = setup_multicast_socket()
  File "/home/pi/pi_trigger_2pics_BGR.py", line 125, in setup_multicast_socket
    iface_ip = _get_default_ip()
  File "/home/pi/pi_trigger_2pics_BGR.py", line 120, in _get_default_ip
    tmp.connect(("192.168.178.5", 80))
    ~~~~~~~~~~~^^^^^^^^^^^^^^^^^^^^^^^
OSError: [Errno 101] Network is unreachable
Traceback (most recent call last):
  File "/home/pi/pi_trigger_2pics_BGR.py", line 273, in <module>
    main()
    ~~~~^^
  File "/home/pi/pi_trigger_2pics_BGR.py", line 155, in main
    udp_sock = setup_multicast_socket()
  File "/home/pi/pi_trigger_2pics_BGR.py", line 125, in setup_multicast_socket
    iface_ip = _get_default_ip()
  File "/home/pi/pi_trigger_2pics_BGR.py", line 120, in _get_default_ip
    tmp.connect(("192.168.178.5", 80))
    ~~~~~~~~~~~^^^^^^^^^^^^^^^^^^^^^^^
OSError: [Errno 101] Network is unreachable
Traceback (most recent call last):
  File "/home/pi/pi_trigger_2pics_BGR.py", line 273, in <module>
    main()
    ~~~~^^
  File "/home/pi/pi_trigger_2pics_BGR.py", line 155, in main
    udp_sock = setup_multicast_socket()
  File "/home/pi/pi_trigger_2pics_BGR.py", line 125, in setup_multicast_socket
    iface_ip = _get_default_ip()
  File "/home/pi/pi_trigger_2pics_BGR.py", line 120, in _get_default_ip
    tmp.connect(("192.168.178.5", 80))
    ~~~~~~~~~~~^^^^^^^^^^^^^^^^^^^^^^^
OSError: [Errno 101] Network is unreachable
Traceback (most recent call last):
  File "/home/pi/pi_trigger_2pics_BGR.py", line 273, in <module>
    main()
    ~~~~^^
  File "/home/pi/pi_trigger_2pics_BGR.py", line 155, in main
    udp_sock = setup_multicast_socket()
  File "/home/pi/pi_trigger_2pics_BGR.py", line 125, in setup_multicast_socket
    iface_ip = _get_default_ip()
  File "/home/pi/pi_trigger_2pics_BGR.py", line 120, in _get_default_ip
    tmp.connect(("192.168.178.5", 80))
    ~~~~~~~~~~~^^^^^^^^^^^^^^^^^^^^^^^
OSError: [Errno 101] Network is unreachable
Traceback (most recent call last):
  File "/home/pi/pi_trigger_2pics_BGR.py", line 273, in <module>
    main()
    ~~~~^^
  File "/home/pi/pi_trigger_2pics_BGR.py", line 155, in main
    udp_sock = setup_multicast_socket()
  File "/home/pi/pi_trigger_2pics_BGR.py", line 125, in setup_multicast_socket
    iface_ip = _get_default_ip()
  File "/home/pi/pi_trigger_2pics_BGR.py", line 120, in _get_default_ip
    tmp.connect(("192.168.178.5", 80))
    ~~~~~~~~~~~^^^^^^^^^^^^^^^^^^^^^^^
OSError: [Errno 101] Network is unreachable
Traceback (most recent call last):
  File "/home/pi/pi_trigger_2pics_BGR.py", line 273, in <module>
    main()
    ~~~~^^
  File "/home/pi/pi_trigger_2pics_BGR.py", line 155, in main
    udp_sock = setup_multicast_socket()
  File "/home/pi/pi_trigger_2pics_BGR.py", line 125, in setup_multicast_socket
    iface_ip = _get_default_ip()
  File "/home/pi/pi_trigger_2pics_BGR.py", line 120, in _get_default_ip
    tmp.connect(("192.168.178.5", 80))
    ~~~~~~~~~~~^^^^^^^^^^^^^^^^^^^^^^^
OSError: [Errno 101] Network is unreachable
Traceback (most recent call last):
  File "/home/pi/pi_trigger_2pics_BGR.py", line 273, in <module>
    main()
    ~~~~^^
  File "/home/pi/pi_trigger_2pics_BGR.py", line 155, in main
    udp_sock = setup_multicast_socket()
  File "/home/pi/pi_trigger_2pics_BGR.py", line 125, in setup_multicast_socket
    iface_ip = _get_default_ip()
  File "/home/pi/pi_trigger_2pics_BGR.py", line 120, in _get_default_ip
    tmp.connect(("192.168.178.5", 80))
    ~~~~~~~~~~~^^^^^^^^^^^^^^^^^^^^^^^
OSError: [Errno 101] Network is unreachable
Traceback (most recent call last):
  File "/home/pi/pi_trigger_2pics_BGR.py", line 273, in <module>
    main()
    ~~~~^^
  File "/home/pi/pi_trigger_2pics_BGR.py", line 155, in main
    udp_sock = setup_multicast_socket()
  File "/home/pi/pi_trigger_2pics_BGR.py", line 125, in setup_multicast_socket
    iface_ip = _get_default_ip()
  File "/home/pi/pi_trigger_2pics_BGR.py", line 120, in _get_default_ip
    tmp.connect(("192.168.178.5", 80))
    ~~~~~~~~~~~^^^^^^^^^^^^^^^^^^^^^^^
OSError: [Errno 101] Network is unreachable
Traceback (most recent call last):
  File "/home/pi/pi_trigger_2pics_BGR.py", line 273, in <module>
    main()
    ~~~~^^
  File "/home/pi/pi_trigger_2pics_BGR.py", line 155, in main
    udp_sock = setup_multicast_socket()
  File "/home/pi/pi_trigger_2pics_BGR.py", line 125, in setup_multicast_socket
    iface_ip = _get_default_ip()
  File "/home/pi/pi_trigger_2pics_BGR.py", line 120, in _get_default_ip
    tmp.connect(("192.168.178.5", 80))
    ~~~~~~~~~~~^^^^^^^^^^^^^^^^^^^^^^^
OSError: [Errno 101] Network is unreachable
Traceback (most recent call last):
  File "/home/pi/pi_trigger_2pics_BGR.py", line 273, in <module>
    main()
    ~~~~^^
  File "/home/pi/pi_trigger_2pics_BGR.py", line 155, in main
    udp_sock = setup_multicast_socket()
  File "/home/pi/pi_trigger_2pics_BGR.py", line 125, in setup_multicast_socket
    iface_ip = _get_default_ip()
  File "/home/pi/pi_trigger_2pics_BGR.py", line 120, in _get_default_ip
    tmp.connect(("192.168.178.5", 80))
    ~~~~~~~~~~~^^^^^^^^^^^^^^^^^^^^^^^
OSError: [Errno 101] Network is unreachable
Traceback (most recent call last):
  File "/home/pi/pi_trigger_2pics_BGR.py", line 273, in <module>
    main()
    ~~~~^^
  File "/home/pi/pi_trigger_2pics_BGR.py", line 155, in main
    udp_sock = setup_multicast_socket()
  File "/home/pi/pi_trigger_2pics_BGR.py", line 125, in setup_multicast_socket
    iface_ip = _get_default_ip()
  File "/home/pi/pi_trigger_2pics_BGR.py", line 120, in _get_default_ip
    tmp.connect(("192.168.178.5", 80))
    ~~~~~~~~~~~^^^^^^^^^^^^^^^^^^^^^^^
OSError: [Errno 101] Network is unreachable
Traceback (most recent call last):
  File "/home/pi/pi_trigger_2pics_BGR.py", line 273, in <module>
    main()
    ~~~~^^
  File "/home/pi/pi_trigger_2pics_BGR.py", line 155, in main
    udp_sock = setup_multicast_socket()
  File "/home/pi/pi_trigger_2pics_BGR.py", line 125, in setup_multicast_socket
    iface_ip = _get_default_ip()
  File "/home/pi/pi_trigger_2pics_BGR.py", line 120, in _get_default_ip
    tmp.connect(("192.168.178.5", 80))
    ~~~~~~~~~~~^^^^^^^^^^^^^^^^^^^^^^^
OSError: [Errno 101] Network is unreachable
Traceback (most recent call last):
  File "/home/pi/pi_trigger_2pics_BGR.py", line 273, in <module>
    main()
    ~~~~^^
  File "/home/pi/pi_trigger_2pics_BGR.py", line 155, in main
    udp_sock = setup_multicast_socket()
  File "/home/pi/pi_trigger_2pics_BGR.py", line 125, in setup_multicast_socket
    iface_ip = _get_default_ip()
  File "/home/pi/pi_trigger_2pics_BGR.py", line 120, in _get_default_ip
    tmp.connect(("192.168.178.5", 80))
    ~~~~~~~~~~~^^^^^^^^^^^^^^^^^^^^^^^
OSError: [Errno 101] Network is unreachable
Traceback (most recent call last):
  File "/home/pi/pi_trigger_2pics_BGR.py", line 273, in <module>
    main()
    ~~~~^^
  File "/home/pi/pi_trigger_2pics_BGR.py", line 155, in main
    udp_sock = setup_multicast_socket()
  File "/home/pi/pi_trigger_2pics_BGR.py", line 125, in setup_multicast_socket
    iface_ip = _get_default_ip()
  File "/home/pi/pi_trigger_2pics_BGR.py", line 120, in _get_default_ip
    tmp.connect(("192.168.178.5", 80))
    ~~~~~~~~~~~^^^^^^^^^^^^^^^^^^^^^^^
OSError: [Errno 101] Network is unreachable
Traceback (most recent call last):
  File "/home/pi/pi_trigger_2pics_BGR.py", line 273, in <module>
    main()
    ~~~~^^
  File "/home/pi/pi_trigger_2pics_BGR.py", line 155, in main
    udp_sock = setup_multicast_socket()
  File "/home/pi/pi_trigger_2pics_BGR.py", line 125, in setup_multicast_socket
    iface_ip = _get_default_ip()
  File "/home/pi/pi_trigger_2pics_BGR.py", line 120, in _get_default_ip
    tmp.connect(("192.168.178.5", 80))
    ~~~~~~~~~~~^^^^^^^^^^^^^^^^^^^^^^^
OSError: [Errno 101] Network is unreachable
Traceback (most recent call last):
  File "/home/pi/pi_trigger_2pics_BGR.py", line 273, in <module>
    main()
    ~~~~^^
  File "/home/pi/pi_trigger_2pics_BGR.py", line 155, in main
    udp_sock = setup_multicast_socket()
  File "/home/pi/pi_trigger_2pics_BGR.py", line 125, in setup_multicast_socket
    iface_ip = _get_default_ip()
  File "/home/pi/pi_trigger_2pics_BGR.py", line 120, in _get_default_ip
    tmp.connect(("192.168.178.5", 80))
    ~~~~~~~~~~~^^^^^^^^^^^^^^^^^^^^^^^
OSError: [Errno 101] Network is unreachable
Traceback (most recent call last):
  File "/home/pi/pi_trigger_2pics_BGR.py", line 273, in <module>
    main()
    ~~~~^^
  File "/home/pi/pi_trigger_2pics_BGR.py", line 155, in main
    udp_sock = setup_multicast_socket()
  File "/home/pi/pi_trigger_2pics_BGR.py", line 125, in setup_multicast_socket
    iface_ip = _get_default_ip()
  File "/home/pi/pi_trigger_2pics_BGR.py", line 120, in _get_default_ip
    tmp.connect(("192.168.178.5", 80))
    ~~~~~~~~~~~^^^^^^^^^^^^^^^^^^^^^^^
OSError: [Errno 101] Network is unreachable
Traceback (most recent call last):
  File "/home/pi/pi_trigger_2pics_BGR.py", line 273, in <module>
    main()
    ~~~~^^
  File "/home/pi/pi_trigger_2pics_BGR.py", line 155, in main
    udp_sock = setup_multicast_socket()
  File "/home/pi/pi_trigger_2pics_BGR.py", line 125, in setup_multicast_socket
    iface_ip = _get_default_ip()
  File "/home/pi/pi_trigger_2pics_BGR.py", line 120, in _get_default_ip
    tmp.connect(("192.168.178.5", 80))
    ~~~~~~~~~~~^^^^^^^^^^^^^^^^^^^^^^^
OSError: [Errno 101] Network is unreachable
Traceback (most recent call last):
  File "/home/pi/pi_trigger_2pics_BGR.py", line 273, in <module>
    main()
    ~~~~^^
  File "/home/pi/pi_trigger_2pics_BGR.py", line 155, in main
    udp_sock = setup_multicast_socket()
  File "/home/pi/pi_trigger_2pics_BGR.py", line 125, in setup_multicast_socket
    iface_ip = _get_default_ip()
  File "/home/pi/pi_trigger_2pics_BGR.py", line 120, in _get_default_ip
    tmp.connect(("192.168.178.5", 80))
    ~~~~~~~~~~~^^^^^^^^^^^^^^^^^^^^^^^
OSError: [Errno 101] Network is unreachable
Traceback (most recent call last):
  File "/home/pi/pi_trigger_2pics_BGR.py", line 273, in <module>
    main()
    ~~~~^^
  File "/home/pi/pi_trigger_2pics_BGR.py", line 155, in main
    udp_sock = setup_multicast_socket()
  File "/home/pi/pi_trigger_2pics_BGR.py", line 125, in setup_multicast_socket
    iface_ip = _get_default_ip()
  File "/home/pi/pi_trigger_2pics_BGR.py", line 120, in _get_default_ip
    tmp.connect(("192.168.178.5", 80))
    ~~~~~~~~~~~^^^^^^^^^^^^^^^^^^^^^^^
OSError: [Errno 101] Network is unreachable
Traceback (most recent call last):
  File "/home/pi/pi_trigger_2pics_BGR.py", line 273, in <module>
    main()
    ~~~~^^
  File "/home/pi/pi_trigger_2pics_BGR.py", line 155, in main
    udp_sock = setup_multicast_socket()
  File "/home/pi/pi_trigger_2pics_BGR.py", line 125, in setup_multicast_socket
    iface_ip = _get_default_ip()
  File "/home/pi/pi_trigger_2pics_BGR.py", line 120, in _get_default_ip
    tmp.connect(("192.168.178.5", 80))
    ~~~~~~~~~~~^^^^^^^^^^^^^^^^^^^^^^^
OSError: [Errno 101] Network is unreachable
Traceback (most recent call last):
  File "/home/pi/pi_trigger_2pics_BGR.py", line 273, in <module>
    main()
    ~~~~^^
  File "/home/pi/pi_trigger_2pics_BGR.py", line 155, in main
    udp_sock = setup_multicast_socket()
  File "/home/pi/pi_trigger_2pics_BGR.py", line 125, in setup_multicast_socket
    iface_ip = _get_default_ip()
  File "/home/pi/pi_trigger_2pics_BGR.py", line 120, in _get_default_ip
    tmp.connect(("192.168.178.5", 80))
    ~~~~~~~~~~~^^^^^^^^^^^^^^^^^^^^^^^
OSError: [Errno 101] Network is unreachable
Traceback (most recent call last):
  File "/home/pi/pi_trigger_2pics_BGR.py", line 273, in <module>
    main()
    ~~~~^^
  File "/home/pi/pi_trigger_2pics_BGR.py", line 155, in main
    udp_sock = setup_multicast_socket()
  File "/home/pi/pi_trigger_2pics_BGR.py", line 125, in setup_multicast_socket
    iface_ip = _get_default_ip()
  File "/home/pi/pi_trigger_2pics_BGR.py", line 120, in _get_default_ip
    tmp.connect(("192.168.178.5", 80))
    ~~~~~~~~~~~^^^^^^^^^^^^^^^^^^^^^^^
OSError: [Errno 101] Network is unreachable
Traceback (most recent call last):
  File "/home/pi/pi_trigger_2pics_BGR.py", line 273, in <module>
    main()
    ~~~~^^
  File "/home/pi/pi_trigger_2pics_BGR.py", line 155, in main
    udp_sock = setup_multicast_socket()
  File "/home/pi/pi_trigger_2pics_BGR.py", line 125, in setup_multicast_socket
    iface_ip = _get_default_ip()
  File "/home/pi/pi_trigger_2pics_BGR.py", line 120, in _get_default_ip
    tmp.connect(("192.168.178.5", 80))
    ~~~~~~~~~~~^^^^^^^^^^^^^^^^^^^^^^^
OSError: [Errno 101] Network is unreachable
Traceback (most recent call last):
  File "/home/pi/pi_trigger_2pics_BGR.py", line 273, in <module>
    main()
    ~~~~^^
  File "/home/pi/pi_trigger_2pics_BGR.py", line 155, in main
    udp_sock = setup_multicast_socket()
  File "/home/pi/pi_trigger_2pics_BGR.py", line 125, in setup_multicast_socket
    iface_ip = _get_default_ip()
  File "/home/pi/pi_trigger_2pics_BGR.py", line 120, in _get_default_ip
    tmp.connect(("192.168.178.5", 80))
    ~~~~~~~~~~~^^^^^^^^^^^^^^^^^^^^^^^
OSError: [Errno 101] Network is unreachable
Traceback (most recent call last):
  File "/home/pi/pi_trigger_2pics_BGR.py", line 273, in <module>
    main()
    ~~~~^^
  File "/home/pi/pi_trigger_2pics_BGR.py", line 155, in main
    udp_sock = setup_multicast_socket()
  File "/home/pi/pi_trigger_2pics_BGR.py", line 125, in setup_multicast_socket
    iface_ip = _get_default_ip()
  File "/home/pi/pi_trigger_2pics_BGR.py", line 120, in _get_default_ip
    tmp.connect(("192.168.178.5", 80))
    ~~~~~~~~~~~^^^^^^^^^^^^^^^^^^^^^^^
OSError: [Errno 101] Network is unreachable
Traceback (most recent call last):
  File "/home/pi/pi_trigger_2pics_BGR.py", line 273, in <module>
    main()
    ~~~~^^
  File "/home/pi/pi_trigger_2pics_BGR.py", line 155, in main
    udp_sock = setup_multicast_socket()
  File "/home/pi/pi_trigger_2pics_BGR.py", line 125, in setup_multicast_socket
    iface_ip = _get_default_ip()
  File "/home/pi/pi_trigger_2pics_BGR.py", line 120, in _get_default_ip
    tmp.connect(("192.168.178.5", 80))
    ~~~~~~~~~~~^^^^^^^^^^^^^^^^^^^^^^^
OSError: [Errno 101] Network is unreachable
Traceback (most recent call last):
  File "/home/pi/pi_trigger_2pics_BGR.py", line 273, in <module>
    main()
    ~~~~^^
  File "/home/pi/pi_trigger_2pics_BGR.py", line 155, in main
    udp_sock = setup_multicast_socket()
  File "/home/pi/pi_trigger_2pics_BGR.py", line 125, in setup_multicast_socket
    iface_ip = _get_default_ip()
  File "/home/pi/pi_trigger_2pics_BGR.py", line 120, in _get_default_ip
    tmp.connect(("192.168.178.5", 80))
    ~~~~~~~~~~~^^^^^^^^^^^^^^^^^^^^^^^
OSError: [Errno 101] Network is unreachable
Traceback (most recent call last):
  File "/home/pi/pi_trigger_2pics_BGR.py", line 273, in <module>
    main()
    ~~~~^^
  File "/home/pi/pi_trigger_2pics_BGR.py", line 155, in main
    udp_sock = setup_multicast_socket()
  File "/home/pi/pi_trigger_2pics_BGR.py", line 125, in setup_multicast_socket
    iface_ip = _get_default_ip()
  File "/home/pi/pi_trigger_2pics_BGR.py", line 120, in _get_default_ip
    tmp.connect(("192.168.178.5", 80))
    ~~~~~~~~~~~^^^^^^^^^^^^^^^^^^^^^^^
OSError: [Errno 101] Network is unreachable
                                                                                                                                                                                                                                                                                                                                                                                                                                                                                                                                                                                                                                                                                                                                                                                Traceback (most recent call last):
  File "/home/pi/pi_trigger_2pics_BGR.py", line 273, in <module>
    main()
    ~~~~^^
  File "/home/pi/pi_trigger_2pics_BGR.py", line 155, in main
    udp_sock = setup_multicast_socket()
  File "/home/pi/pi_trigger_2pics_BGR.py", line 125, in setup_multicast_socket
    iface_ip = _get_default_ip()
  File "/home/pi/pi_trigger_2pics_BGR.py", line 120, in _get_default_ip
    tmp.connect(("192.168.178.5", 80))
    ~~~~~~~~~~~^^^^^^^^^^^^^^^^^^^^^^^
OSError: [Errno 101] Network is unreachable
Traceback (most recent call last):
  File "/home/pi/pi_trigger_2pics_BGR.py", line 273, in <module>
    main()
    ~~~~^^
  File "/home/pi/pi_trigger_2pics_BGR.py", line 155, in main
    udp_sock = setup_multicast_socket()
  File "/home/pi/pi_trigger_2pics_BGR.py", line 125, in setup_multicast_socket
    iface_ip = _get_default_ip()
  File "/home/pi/pi_trigger_2pics_BGR.py", line 120, in _get_default_ip
    tmp.connect(("192.168.178.5", 80))
    ~~~~~~~~~~~^^^^^^^^^^^^^^^^^^^^^^^
OSError: [Errno 101] Network is unreachable
Traceback (most recent call last):
  File "/home/pi/pi_trigger_2pics_BGR.py", line 273, in <module>
    main()
    ~~~~^^
  File "/home/pi/pi_trigger_2pics_BGR.py", line 155, in main
    udp_sock = setup_multicast_socket()
  File "/home/pi/pi_trigger_2pics_BGR.py", line 125, in setup_multicast_socket
    iface_ip = _get_default_ip()
  File "/home/pi/pi_trigger_2pics_BGR.py", line 120, in _get_default_ip
    tmp.connect(("192.168.178.5", 80))
    ~~~~~~~~~~~^^^^^^^^^^^^^^^^^^^^^^^
OSError: [Errno 101] Network is unreachable
Traceback (most recent call last):
  File "/home/pi/pi_trigger_2pics_BGR.py", line 273, in <module>
    main()
    ~~~~^^
  File "/home/pi/pi_trigger_2pics_BGR.py", line 155, in main
    udp_sock = setup_multicast_socket()
  File "/home/pi/pi_trigger_2pics_BGR.py", line 125, in setup_multicast_socket
    iface_ip = _get_default_ip()
  File "/home/pi/pi_trigger_2pics_BGR.py", line 120, in _get_default_ip
    tmp.connect(("192.168.178.5", 80))
    ~~~~~~~~~~~^^^^^^^^^^^^^^^^^^^^^^^
OSError: [Errno 101] Network is unreachable
Traceback (most recent call last):
  File "/home/pi/pi_trigger_2pics_BGR.py", line 273, in <module>
    main()
    ~~~~^^
  File "/home/pi/pi_trigger_2pics_BGR.py", line 155, in main
    udp_sock = setup_multicast_socket()
  File "/home/pi/pi_trigger_2pics_BGR.py", line 125, in setup_multicast_socket
    iface_ip = _get_default_ip()
  File "/home/pi/pi_trigger_2pics_BGR.py", line 120, in _get_default_ip
    tmp.connect(("192.168.178.5", 80))
    ~~~~~~~~~~~^^^^^^^^^^^^^^^^^^^^^^^
OSError: [Errno 101] Network is unreachable
Traceback (most recent call last):
  File "/home/pi/pi_trigger_2pics_BGR.py", line 273, in <module>
    main()
    ~~~~^^
  File "/home/pi/pi_trigger_2pics_BGR.py", line 155, in main
    udp_sock = setup_multicast_socket()
  File "/home/pi/pi_trigger_2pics_BGR.py", line 125, in setup_multicast_socket
    iface_ip = _get_default_ip()
  File "/home/pi/pi_trigger_2pics_BGR.py", line 120, in _get_default_ip
    tmp.connect(("192.168.178.5", 80))
    ~~~~~~~~~~~^^^^^^^^^^^^^^^^^^^^^^^
OSError: [Errno 101] Network is unreachable
Traceback (most recent call last):
  File "/home/pi/pi_trigger_2pics_BGR.py", line 273, in <module>
    main()
    ~~~~^^
  File "/home/pi/pi_trigger_2pics_BGR.py", line 155, in main
    udp_sock = setup_multicast_socket()
  File "/home/pi/pi_trigger_2pics_BGR.py", line 125, in setup_multicast_socket
    iface_ip = _get_default_ip()
  File "/home/pi/pi_trigger_2pics_BGR.py", line 120, in _get_default_ip
    tmp.connect(("192.168.178.5", 80))
    ~~~~~~~~~~~^^^^^^^^^^^^^^^^^^^^^^^
OSError: [Errno 101] Network is unreachable
Traceback (most recent call last):
  File "/home/pi/pi_trigger_2pics_BGR.py", line 273, in <module>
    main()
    ~~~~^^
  File "/home/pi/pi_trigger_2pics_BGR.py", line 155, in main
    udp_sock = setup_multicast_socket()
  File "/home/pi/pi_trigger_2pics_BGR.py", line 125, in setup_multicast_socket
    iface_ip = _get_default_ip()
  File "/home/pi/pi_trigger_2pics_BGR.py", line 120, in _get_default_ip
    tmp.connect(("192.168.178.5", 80))
    ~~~~~~~~~~~^^^^^^^^^^^^^^^^^^^^^^^
OSError: [Errno 101] Network is unreachable
Traceback (most recent call last):
  File "/home/pi/pi_trigger_2pics_BGR.py", line 273, in <module>
    main()
    ~~~~^^
  File "/home/pi/pi_trigger_2pics_BGR.py", line 155, in main
    udp_sock = setup_multicast_socket()
  File "/home/pi/pi_trigger_2pics_BGR.py", line 125, in setup_multicast_socket
    iface_ip = _get_default_ip()
  File "/home/pi/pi_trigger_2pics_BGR.py", line 120, in _get_default_ip
    tmp.connect(("192.168.178.5", 80))
    ~~~~~~~~~~~^^^^^^^^^^^^^^^^^^^^^^^
OSError: [Errno 101] Network is unreachable
Traceback (most recent call last):
  File "/home/pi/pi_trigger_2pics_BGR.py", line 273, in <module>
    main()
    ~~~~^^
  File "/home/pi/pi_trigger_2pics_BGR.py", line 155, in main
    udp_sock = setup_multicast_socket()
  File "/home/pi/pi_trigger_2pics_BGR.py", line 125, in setup_multicast_socket
    iface_ip = _get_default_ip()
  File "/home/pi/pi_trigger_2pics_BGR.py", line 120, in _get_default_ip
    tmp.connect(("192.168.178.5", 80))
    ~~~~~~~~~~~^^^^^^^^^^^^^^^^^^^^^^^
OSError: [Errno 101] Network is unreachable
Traceback (most recent call last):
  File "/home/pi/pi_trigger_2pics_BGR.py", line 273, in <module>
    main()
    ~~~~^^
  File "/home/pi/pi_trigger_2pics_BGR.py", line 155, in main
    udp_sock = setup_multicast_socket()
  File "/home/pi/pi_trigger_2pics_BGR.py", line 125, in setup_multicast_socket
    iface_ip = _get_default_ip()
  File "/home/pi/pi_trigger_2pics_BGR.py", line 120, in _get_default_ip
    tmp.connect(("192.168.178.5", 80))
    ~~~~~~~~~~~^^^^^^^^^^^^^^^^^^^^^^^
OSError: [Errno 101] Network is unreachable
Traceback (most recent call last):
  File "/home/pi/pi_trigger_2pics_BGR.py", line 273, in <module>
    main()
    ~~~~^^
  File "/home/pi/pi_trigger_2pics_BGR.py", line 155, in main
    udp_sock = setup_multicast_socket()
  File "/home/pi/pi_trigger_2pics_BGR.py", line 125, in setup_multicast_socket
    iface_ip = _get_default_ip()
  File "/home/pi/pi_trigger_2pics_BGR.py", line 120, in _get_default_ip
    tmp.connect(("192.168.178.5", 80))
    ~~~~~~~~~~~^^^^^^^^^^^^^^^^^^^^^^^
OSError: [Errno 101] Network is unreachable
Traceback (most recent call last):
  File "/home/pi/pi_trigger_2pics_BGR.py", line 273, in <module>
    main()
    ~~~~^^
  File "/home/pi/pi_trigger_2pics_BGR.py", line 155, in main
    udp_sock = setup_multicast_socket()
  File "/home/pi/pi_trigger_2pics_BGR.py", line 125, in setup_multicast_socket
    iface_ip = _get_default_ip()
  File "/home/pi/pi_trigger_2pics_BGR.py", line 120, in _get_default_ip
    tmp.connect(("192.168.178.5", 80))
    ~~~~~~~~~~~^^^^^^^^^^^^^^^^^^^^^^^
OSError: [Errno 101] Network is unreachable
Traceback (most recent call last):
  File "/home/pi/pi_trigger_2pics_BGR.py", line 273, in <module>
    main()
    ~~~~^^
  File "/home/pi/pi_trigger_2pics_BGR.py", line 155, in main
    udp_sock = setup_multicast_socket()
  File "/home/pi/pi_trigger_2pics_BGR.py", line 125, in setup_multicast_socket
    iface_ip = _get_default_ip()
  File "/home/pi/pi_trigger_2pics_BGR.py", line 120, in _get_default_ip
    tmp.connect(("192.168.178.5", 80))
    ~~~~~~~~~~~^^^^^^^^^^^^^^^^^^^^^^^
OSError: [Errno 101] Network is unreachable
Traceback (most recent call last):
  File "/home/pi/pi_trigger_2pics_BGR.py", line 273, in <module>
    main()
    ~~~~^^
  File "/home/pi/pi_trigger_2pics_BGR.py", line 155, in main
    udp_sock = setup_multicast_socket()
  File "/home/pi/pi_trigger_2pics_BGR.py", line 125, in setup_multicast_socket
    iface_ip = _get_default_ip()
  File "/home/pi/pi_trigger_2pics_BGR.py", line 120, in _get_default_ip
    tmp.connect(("192.168.178.5", 80))
    ~~~~~~~~~~~^^^^^^^^^^^^^^^^^^^^^^^
OSError: [Errno 101] Network is unreachable
Traceback (most recent call last):
  File "/home/pi/pi_trigger_2pics_BGR.py", line 273, in <module>
    main()
    ~~~~^^
  File "/home/pi/pi_trigger_2pics_BGR.py", line 155, in main
    udp_sock = setup_multicast_socket()
  File "/home/pi/pi_trigger_2pics_BGR.py", line 125, in setup_multicast_socket
    iface_ip = _get_default_ip()
  File "/home/pi/pi_trigger_2pics_BGR.py", line 120, in _get_default_ip
    tmp.connect(("192.168.178.5", 80))
    ~~~~~~~~~~~^^^^^^^^^^^^^^^^^^^^^^^
OSError: [Errno 101] Network is unreachable
Traceback (most recent call last):
  File "/home/pi/pi_trigger_2pics_BGR.py", line 273, in <module>
    main()
    ~~~~^^
  File "/home/pi/pi_trigger_2pics_BGR.py", line 155, in main
    udp_sock = setup_multicast_socket()
  File "/home/pi/pi_trigger_2pics_BGR.py", line 125, in setup_multicast_socket
    iface_ip = _get_default_ip()
  File "/home/pi/pi_trigger_2pics_BGR.py", line 120, in _get_default_ip
    tmp.connect(("192.168.178.5", 80))
    ~~~~~~~~~~~^^^^^^^^^^^^^^^^^^^^^^^
OSError: [Errno 101] Network is unreachable
Traceback (most recent call last):
  File "/home/pi/pi_trigger_2pics_BGR.py", line 273, in <module>
    main()
    ~~~~^^
  File "/home/pi/pi_trigger_2pics_BGR.py", line 155, in main
    udp_sock = setup_multicast_socket()
  File "/home/pi/pi_trigger_2pics_BGR.py", line 125, in setup_multicast_socket
    iface_ip = _get_default_ip()
  File "/home/pi/pi_trigger_2pics_BGR.py", line 120, in _get_default_ip
    tmp.connect(("192.168.178.5", 80))
    ~~~~~~~~~~~^^^^^^^^^^^^^^^^^^^^^^^
OSError: [Errno 101] Network is unreachable
Traceback (most recent call last):
  File "/home/pi/pi_trigger_2pics_BGR.py", line 273, in <module>
    main()
    ~~~~^^
  File "/home/pi/pi_trigger_2pics_BGR.py", line 155, in main
    udp_sock = setup_multicast_socket()
  File "/home/pi/pi_trigger_2pics_BGR.py", line 125, in setup_multicast_socket
    iface_ip = _get_default_ip()
  File "/home/pi/pi_trigger_2pics_BGR.py", line 120, in _get_default_ip
    tmp.connect(("192.168.178.5", 80))
    ~~~~~~~~~~~^^^^^^^^^^^^^^^^^^^^^^^
OSError: [Errno 101] Network is unreachable
Traceback (most recent call last):
  File "/home/pi/pi_trigger_2pics_BGR.py", line 273, in <module>
    main()
    ~~~~^^
  File "/home/pi/pi_trigger_2pics_BGR.py", line 155, in main
    udp_sock = setup_multicast_socket()
  File "/home/pi/pi_trigger_2pics_BGR.py", line 125, in setup_multicast_socket
    iface_ip = _get_default_ip()
  File "/home/pi/pi_trigger_2pics_BGR.py", line 120, in _get_default_ip
    tmp.connect(("192.168.178.5", 80))
    ~~~~~~~~~~~^^^^^^^^^^^^^^^^^^^^^^^
OSError: [Errno 101] Network is unreachable
Traceback (most recent call last):
  File "/home/pi/pi_trigger_2pics_BGR.py", line 273, in <module>
    main()
    ~~~~^^
  File "/home/pi/pi_trigger_2pics_BGR.py", line 155, in main
    udp_sock = setup_multicast_socket()
  File "/home/pi/pi_trigger_2pics_BGR.py", line 125, in setup_multicast_socket
    iface_ip = _get_default_ip()
  File "/home/pi/pi_trigger_2pics_BGR.py", line 120, in _get_default_ip
    tmp.connect(("192.168.178.5", 80))
    ~~~~~~~~~~~^^^^^^^^^^^^^^^^^^^^^^^
OSError: [Errno 101] Network is unreachable
Traceback (most recent call last):
  File "/home/pi/pi_trigger_2pics_BGR.py", line 273, in <module>
    main()
    ~~~~^^
  File "/home/pi/pi_trigger_2pics_BGR.py", line 155, in main
    udp_sock = setup_multicast_socket()
  File "/home/pi/pi_trigger_2pics_BGR.py", line 125, in setup_multicast_socket
    iface_ip = _get_default_ip()
  File "/home/pi/pi_trigger_2pics_BGR.py", line 120, in _get_default_ip
    tmp.connect(("192.168.178.5", 80))
    ~~~~~~~~~~~^^^^^^^^^^^^^^^^^^^^^^^
OSError: [Errno 101] Network is unreachable
Traceback (most recent call last):
  File "/home/pi/pi_trigger_2pics_BGR.py", line 273, in <module>
    main()
    ~~~~^^
  File "/home/pi/pi_trigger_2pics_BGR.py", line 155, in main
    udp_sock = setup_multicast_socket()
  File "/home/pi/pi_trigger_2pics_BGR.py", line 125, in setup_multicast_socket
    iface_ip = _get_default_ip()
  File "/home/pi/pi_trigger_2pics_BGR.py", line 120, in _get_default_ip
    tmp.connect(("192.168.178.5", 80))
    ~~~~~~~~~~~^^^^^^^^^^^^^^^^^^^^^^^
OSError: [Errno 101] Network is unreachable
Traceback (most recent call last):
  File "/home/pi/pi_trigger_2pics_BGR.py", line 273, in <module>
    main()
    ~~~~^^
  File "/home/pi/pi_trigger_2pics_BGR.py", line 155, in main
    udp_sock = setup_multicast_socket()
  File "/home/pi/pi_trigger_2pics_BGR.py", line 125, in setup_multicast_socket
    iface_ip = _get_default_ip()
  File "/home/pi/pi_trigger_2pics_BGR.py", line 120, in _get_default_ip
    tmp.connect(("192.168.178.5", 80))
    ~~~~~~~~~~~^^^^^^^^^^^^^^^^^^^^^^^
OSError: [Errno 101] Network is unreachable
Traceback (most recent call last):
  File "/home/pi/pi_trigger_2pics_BGR.py", line 273, in <module>
    main()
    ~~~~^^
  File "/home/pi/pi_trigger_2pics_BGR.py", line 155, in main
    udp_sock = setup_multicast_socket()
  File "/home/pi/pi_trigger_2pics_BGR.py", line 125, in setup_multicast_socket
    iface_ip = _get_default_ip()
  File "/home/pi/pi_trigger_2pics_BGR.py", line 120, in _get_default_ip
    tmp.connect(("192.168.178.5", 80))
    ~~~~~~~~~~~^^^^^^^^^^^^^^^^^^^^^^^
OSError: [Errno 101] Network is unreachable
Traceback (most recent call last):
  File "/home/pi/pi_trigger_2pics_BGR.py", line 273, in <module>
    main()
    ~~~~^^
  File "/home/pi/pi_trigger_2pics_BGR.py", line 155, in main
    udp_sock = setup_multicast_socket()
  File "/home/pi/pi_trigger_2pics_BGR.py", line 125, in setup_multicast_socket
    iface_ip = _get_default_ip()
  File "/home/pi/pi_trigger_2pics_BGR.py", line 120, in _get_default_ip
    tmp.connect(("192.168.178.5", 80))
    ~~~~~~~~~~~^^^^^^^^^^^^^^^^^^^^^^^
OSError: [Errno 101] Network is unreachable
Traceback (most recent call last):
  File "/home/pi/pi_trigger_2pics_BGR.py", line 273, in <module>
    main()
    ~~~~^^
  File "/home/pi/pi_trigger_2pics_BGR.py", line 155, in main
    udp_sock = setup_multicast_socket()
  File "/home/pi/pi_trigger_2pics_BGR.py", line 125, in setup_multicast_socket
    iface_ip = _get_default_ip()
  File "/home/pi/pi_trigger_2pics_BGR.py", line 120, in _get_default_ip
    tmp.connect(("192.168.178.5", 80))
    ~~~~~~~~~~~^^^^^^^^^^^^^^^^^^^^^^^
OSError: [Errno 101] Network is unreachable
Traceback (most recent call last):
  File "/home/pi/pi_trigger_2pics_BGR.py", line 273, in <module>
    main()
    ~~~~^^
  File "/home/pi/pi_trigger_2pics_BGR.py", line 155, in main
    udp_sock = setup_multicast_socket()
  File "/home/pi/pi_trigger_2pics_BGR.py", line 125, in setup_multicast_socket
    iface_ip = _get_default_ip()
  File "/home/pi/pi_trigger_2pics_BGR.py", line 120, in _get_default_ip
    tmp.connect(("192.168.178.5", 80))
    ~~~~~~~~~~~^^^^^^^^^^^^^^^^^^^^^^^
OSError: [Errno 101] Network is unreachable
Traceback (most recent call last):
  File "/home/pi/pi_trigger_2pics_BGR.py", line 273, in <module>
    main()
    ~~~~^^
  File "/home/pi/pi_trigger_2pics_BGR.py", line 155, in main
    udp_sock = setup_multicast_socket()
  File "/home/pi/pi_trigger_2pics_BGR.py", line 125, in setup_multicast_socket
    iface_ip = _get_default_ip()
  File "/home/pi/pi_trigger_2pics_BGR.py", line 120, in _get_default_ip
    tmp.connect(("192.168.178.5", 80))
    ~~~~~~~~~~~^^^^^^^^^^^^^^^^^^^^^^^
OSError: [Errno 101] Network is unreachable
Traceback (most recent call last):
  File "/home/pi/pi_trigger_2pics_BGR.py", line 273, in <module>
    main()
    ~~~~^^
  File "/home/pi/pi_trigger_2pics_BGR.py", line 155, in main
    udp_sock = setup_multicast_socket()
  File "/home/pi/pi_trigger_2pics_BGR.py", line 125, in setup_multicast_socket
    iface_ip = _get_default_ip()
  File "/home/pi/pi_trigger_2pics_BGR.py", line 120, in _get_default_ip
    tmp.connect(("192.168.178.5", 80))
    ~~~~~~~~~~~^^^^^^^^^^^^^^^^^^^^^^^
OSError: [Errno 101] Network is unreachable
Traceback (most recent call last):
  File "/home/pi/pi_trigger_2pics_BGR.py", line 273, in <module>
    main()
    ~~~~^^
  File "/home/pi/pi_trigger_2pics_BGR.py", line 155, in main
    udp_sock = setup_multicast_socket()
  File "/home/pi/pi_trigger_2pics_BGR.py", line 125, in setup_multicast_socket
    iface_ip = _get_default_ip()
  File "/home/pi/pi_trigger_2pics_BGR.py", line 120, in _get_default_ip
    tmp.connect(("192.168.178.5", 80))
    ~~~~~~~~~~~^^^^^^^^^^^^^^^^^^^^^^^
OSError: [Errno 101] Network is unreachable
Traceback (most recent call last):
  File "/home/pi/pi_trigger_2pics_BGR.py", line 273, in <module>
    main()
    ~~~~^^
  File "/home/pi/pi_trigger_2pics_BGR.py", line 155, in main
    udp_sock = setup_multicast_socket()
  File "/home/pi/pi_trigger_2pics_BGR.py", line 125, in setup_multicast_socket
    iface_ip = _get_default_ip()
  File "/home/pi/pi_trigger_2pics_BGR.py", line 120, in _get_default_ip
    tmp.connect(("192.168.178.5", 80))
    ~~~~~~~~~~~^^^^^^^^^^^^^^^^^^^^^^^
OSError: [Errno 101] Network is unreachable
Traceback (most recent call last):
  File "/home/pi/pi_trigger_2pics_BGR.py", line 273, in <module>
    main()
    ~~~~^^
  File "/home/pi/pi_trigger_2pics_BGR.py", line 155, in main
    udp_sock = setup_multicast_socket()
  File "/home/pi/pi_trigger_2pics_BGR.py", line 125, in setup_multicast_socket
    iface_ip = _get_default_ip()
  File "/home/pi/pi_trigger_2pics_BGR.py", line 120, in _get_default_ip
    tmp.connect(("192.168.178.5", 80))
    ~~~~~~~~~~~^^^^^^^^^^^^^^^^^^^^^^^
OSError: [Errno 101] Network is unreachable
Traceback (most recent call last):
  File "/home/pi/pi_trigger_2pics_BGR.py", line 273, in <module>
    main()
    ~~~~^^
  File "/home/pi/pi_trigger_2pics_BGR.py", line 155, in main
    udp_sock = setup_multicast_socket()
  File "/home/pi/pi_trigger_2pics_BGR.py", line 125, in setup_multicast_socket
    iface_ip = _get_default_ip()
  File "/home/pi/pi_trigger_2pics_BGR.py", line 120, in _get_default_ip
    tmp.connect(("192.168.178.5", 80))
    ~~~~~~~~~~~^^^^^^^^^^^^^^^^^^^^^^^
OSError: [Errno 101] Network is unreachable
Traceback (most recent call last):
  File "/home/pi/pi_trigger_2pics_BGR.py", line 273, in <module>
    main()
    ~~~~^^
  File "/home/pi/pi_trigger_2pics_BGR.py", line 155, in main
    udp_sock = setup_multicast_socket()
  File "/home/pi/pi_trigger_2pics_BGR.py", line 125, in setup_multicast_socket
    iface_ip = _get_default_ip()
  File "/home/pi/pi_trigger_2pics_BGR.py", line 120, in _get_default_ip
    tmp.connect(("192.168.178.5", 80))
    ~~~~~~~~~~~^^^^^^^^^^^^^^^^^^^^^^^
OSError: [Errno 101] Network is unreachable
Traceback (most recent call last):
  File "/home/pi/pi_trigger_2pics_BGR.py", line 273, in <module>
    main()
    ~~~~^^
  File "/home/pi/pi_trigger_2pics_BGR.py", line 155, in main
    udp_sock = setup_multicast_socket()
  File "/home/pi/pi_trigger_2pics_BGR.py", line 125, in setup_multicast_socket
    iface_ip = _get_default_ip()
  File "/home/pi/pi_trigger_2pics_BGR.py", line 120, in _get_default_ip
    tmp.connect(("192.168.178.5", 80))
    ~~~~~~~~~~~^^^^^^^^^^^^^^^^^^^^^^^
OSError: [Errno 101] Network is unreachable
Traceback (most recent call last):
  File "/home/pi/pi_trigger_2pics_BGR.py", line 273, in <module>
    main()
    ~~~~^^
  File "/home/pi/pi_trigger_2pics_BGR.py", line 155, in main
    udp_sock = setup_multicast_socket()
  File "/home/pi/pi_trigger_2pics_BGR.py", line 125, in setup_multicast_socket
    iface_ip = _get_default_ip()
  File "/home/pi/pi_trigger_2pics_BGR.py", line 120, in _get_default_ip
    tmp.connect(("192.168.178.5", 80))
    ~~~~~~~~~~~^^^^^^^^^^^^^^^^^^^^^^^
OSError: [Errno 101] Network is unreachable
Traceback (most recent call last):
  File "/home/pi/pi_trigger_2pics_BGR.py", line 273, in <module>
    main()
    ~~~~^^
  File "/home/pi/pi_trigger_2pics_BGR.py", line 155, in main
    udp_sock = setup_multicast_socket()
  File "/home/pi/pi_trigger_2pics_BGR.py", line 125, in setup_multicast_socket
    iface_ip = _get_default_ip()
  File "/home/pi/pi_trigger_2pics_BGR.py", line 120, in _get_default_ip
    tmp.connect(("192.168.178.5", 80))
    ~~~~~~~~~~~^^^^^^^^^^^^^^^^^^^^^^^
OSError: [Errno 101] Network is unreachable
Traceback (most recent call last):
  File "/home/pi/pi_trigger_2pics_BGR.py", line 273, in <module>
    main()
    ~~~~^^
  File "/home/pi/pi_trigger_2pics_BGR.py", line 155, in main
    udp_sock = setup_multicast_socket()
  File "/home/pi/pi_trigger_2pics_BGR.py", line 125, in setup_multicast_socket
    iface_ip = _get_default_ip()
  File "/home/pi/pi_trigger_2pics_BGR.py", line 120, in _get_default_ip
    tmp.connect(("192.168.178.5", 80))
    ~~~~~~~~~~~^^^^^^^^^^^^^^^^^^^^^^^
OSError: [Errno 101] Network is unreachable
Traceback (most recent call last):
  File "/home/pi/pi_trigger_2pics_BGR.py", line 273, in <module>
    main()
    ~~~~^^
  File "/home/pi/pi_trigger_2pics_BGR.py", line 155, in main
    udp_sock = setup_multicast_socket()
  File "/home/pi/pi_trigger_2pics_BGR.py", line 125, in setup_multicast_socket
    iface_ip = _get_default_ip()
  File "/home/pi/pi_trigger_2pics_BGR.py", line 120, in _get_default_ip
    tmp.connect(("192.168.178.5", 80))
    ~~~~~~~~~~~^^^^^^^^^^^^^^^^^^^^^^^
OSError: [Errno 101] Network is unreachable
Traceback (most recent call last):
  File "/home/pi/pi_trigger_2pics_BGR.py", line 273, in <module>
    main()
    ~~~~^^
  File "/home/pi/pi_trigger_2pics_BGR.py", line 155, in main
    udp_sock = setup_multicast_socket()
  File "/home/pi/pi_trigger_2pics_BGR.py", line 125, in setup_multicast_socket
    iface_ip = _get_default_ip()
  File "/home/pi/pi_trigger_2pics_BGR.py", line 120, in _get_default_ip
    tmp.connect(("192.168.178.5", 80))
    ~~~~~~~~~~~^^^^^^^^^^^^^^^^^^^^^^^
OSError: [Errno 101] Network is unreachable
Traceback (most recent call last):
  File "/home/pi/pi_trigger_2pics_BGR.py", line 273, in <module>
    main()
    ~~~~^^
  File "/home/pi/pi_trigger_2pics_BGR.py", line 155, in main
    udp_sock = setup_multicast_socket()
  File "/home/pi/pi_trigger_2pics_BGR.py", line 125, in setup_multicast_socket
    iface_ip = _get_default_ip()
  File "/home/pi/pi_trigger_2pics_BGR.py", line 120, in _get_default_ip
    tmp.connect(("192.168.178.5", 80))
    ~~~~~~~~~~~^^^^^^^^^^^^^^^^^^^^^^^
OSError: [Errno 101] Network is unreachable
Traceback (most recent call last):
  File "/home/pi/pi_trigger_2pics_BGR.py", line 273, in <module>
    main()
    ~~~~^^
  File "/home/pi/pi_trigger_2pics_BGR.py", line 155, in main
    udp_sock = setup_multicast_socket()
  File "/home/pi/pi_trigger_2pics_BGR.py", line 125, in setup_multicast_socket
    iface_ip = _get_default_ip()
  File "/home/pi/pi_trigger_2pics_BGR.py", line 120, in _get_default_ip
    tmp.connect(("192.168.178.5", 80))
    ~~~~~~~~~~~^^^^^^^^^^^^^^^^^^^^^^^
OSError: [Errno 101] Network is unreachable
Traceback (most recent call last):
  File "/home/pi/pi_trigger_2pics_BGR.py", line 273, in <module>
    main()
    ~~~~^^
  File "/home/pi/pi_trigger_2pics_BGR.py", line 155, in main
    udp_sock = setup_multicast_socket()
  File "/home/pi/pi_trigger_2pics_BGR.py", line 125, in setup_multicast_socket
    iface_ip = _get_default_ip()
  File "/home/pi/pi_trigger_2pics_BGR.py", line 120, in _get_default_ip
    tmp.connect(("192.168.178.5", 80))
    ~~~~~~~~~~~^^^^^^^^^^^^^^^^^^^^^^^
OSError: [Errno 101] Network is unreachable
Traceback (most recent call last):
  File "/home/pi/pi_trigger_2pics_BGR.py", line 273, in <module>
    main()
    ~~~~^^
  File "/home/pi/pi_trigger_2pics_BGR.py", line 155, in main
    udp_sock = setup_multicast_socket()
  File "/home/pi/pi_trigger_2pics_BGR.py", line 125, in setup_multicast_socket
    iface_ip = _get_default_ip()
  File "/home/pi/pi_trigger_2pics_BGR.py", line 120, in _get_default_ip
    tmp.connect(("192.168.178.5", 80))
    ~~~~~~~~~~~^^^^^^^^^^^^^^^^^^^^^^^
OSError: [Errno 101] Network is unreachable
Traceback (most recent call last):
  File "/home/pi/pi_trigger_2pics_BGR.py", line 273, in <module>
    main()
    ~~~~^^
  File "/home/pi/pi_trigger_2pics_BGR.py", line 155, in main
    udp_sock = setup_multicast_socket()
  File "/home/pi/pi_trigger_2pics_BGR.py", line 125, in setup_multicast_socket
    iface_ip = _get_default_ip()
  File "/home/pi/pi_trigger_2pics_BGR.py", line 120, in _get_default_ip
    tmp.connect(("192.168.178.5", 80))
    ~~~~~~~~~~~^^^^^^^^^^^^^^^^^^^^^^^
OSError: [Errno 101] Network is unreachable
Traceback (most recent call last):
  File "/home/pi/pi_trigger_2pics_BGR.py", line 273, in <module>
    main()
    ~~~~^^
  File "/home/pi/pi_trigger_2pics_BGR.py", line 155, in main
    udp_sock = setup_multicast_socket()
  File "/home/pi/pi_trigger_2pics_BGR.py", line 125, in setup_multicast_socket
    iface_ip = _get_default_ip()
  File "/home/pi/pi_trigger_2pics_BGR.py", line 120, in _get_default_ip
    tmp.connect(("192.168.178.5", 80))
    ~~~~~~~~~~~^^^^^^^^^^^^^^^^^^^^^^^
OSError: [Errno 101] Network is unreachable
Traceback (most recent call last):
  File "/home/pi/pi_trigger_2pics_BGR.py", line 273, in <module>
    main()
    ~~~~^^
  File "/home/pi/pi_trigger_2pics_BGR.py", line 155, in main
    udp_sock = setup_multicast_socket()
  File "/home/pi/pi_trigger_2pics_BGR.py", line 125, in setup_multicast_socket
    iface_ip = _get_default_ip()
  File "/home/pi/pi_trigger_2pics_BGR.py", line 120, in _get_default_ip
    tmp.connect(("192.168.178.5", 80))
    ~~~~~~~~~~~^^^^^^^^^^^^^^^^^^^^^^^
OSError: [Errno 101] Network is unreachable
Traceback (most recent call last):
  File "/home/pi/pi_trigger_2pics_BGR.py", line 273, in <module>
    main()
    ~~~~^^
  File "/home/pi/pi_trigger_2pics_BGR.py", line 155, in main
    udp_sock = setup_multicast_socket()
  File "/home/pi/pi_trigger_2pics_BGR.py", line 125, in setup_multicast_socket
    iface_ip = _get_default_ip()
  File "/home/pi/pi_trigger_2pics_BGR.py", line 120, in _get_default_ip
    tmp.connect(("192.168.178.5", 80))
    ~~~~~~~~~~~^^^^^^^^^^^^^^^^^^^^^^^
OSError: [Errno 101] Network is unreachable
Traceback (most recent call last):
  File "/home/pi/pi_trigger_2pics_BGR.py", line 273, in <module>
    main()
    ~~~~^^
  File "/home/pi/pi_trigger_2pics_BGR.py", line 155, in main
    udp_sock = setup_multicast_socket()
  File "/home/pi/pi_trigger_2pics_BGR.py", line 125, in setup_multicast_socket
    iface_ip = _get_default_ip()
  File "/home/pi/pi_trigger_2pics_BGR.py", line 120, in _get_default_ip
    tmp.connect(("192.168.178.5", 80))
    ~~~~~~~~~~~^^^^^^^^^^^^^^^^^^^^^^^
OSError: [Errno 101] Network is unreachable
Traceback (most recent call last):
  File "/home/pi/pi_trigger_2pics_BGR.py", line 273, in <module>
    main()
    ~~~~^^
  File "/home/pi/pi_trigger_2pics_BGR.py", line 155, in main
    udp_sock = setup_multicast_socket()
  File "/home/pi/pi_trigger_2pics_BGR.py", line 125, in setup_multicast_socket
    iface_ip = _get_default_ip()
  File "/home/pi/pi_trigger_2pics_BGR.py", line 120, in _get_default_ip
    tmp.connect(("192.168.178.5", 80))
    ~~~~~~~~~~~^^^^^^^^^^^^^^^^^^^^^^^
OSError: [Errno 101] Network is unreachable
Traceback (most recent call last):
  File "/home/pi/pi_trigger_2pics_BGR.py", line 273, in <module>
    main()
    ~~~~^^
  File "/home/pi/pi_trigger_2pics_BGR.py", line 155, in main
    udp_sock = setup_multicast_socket()
  File "/home/pi/pi_trigger_2pics_BGR.py", line 125, in setup_multicast_socket
    iface_ip = _get_default_ip()
  File "/home/pi/pi_trigger_2pics_BGR.py", line 120, in _get_default_ip
    tmp.connect(("192.168.178.5", 80))
    ~~~~~~~~~~~^^^^^^^^^^^^^^^^^^^^^^^
OSError: [Errno 101] Network is unreachable
Traceback (most recent call last):
  File "/home/pi/pi_trigger_2pics_BGR.py", line 273, in <module>
    main()
    ~~~~^^
  File "/home/pi/pi_trigger_2pics_BGR.py", line 155, in main
    udp_sock = setup_multicast_socket()
  File "/home/pi/pi_trigger_2pics_BGR.py", line 125, in setup_multicast_socket
    iface_ip = _get_default_ip()
  File "/home/pi/pi_trigger_2pics_BGR.py", line 120, in _get_default_ip
    tmp.connect(("192.168.178.5", 80))
    ~~~~~~~~~~~^^^^^^^^^^^^^^^^^^^^^^^
OSError: [Errno 101] Network is unreachable
Traceback (most recent call last):
  File "/home/pi/pi_trigger_2pics_BGR.py", line 273, in <module>
    main()
    ~~~~^^
  File "/home/pi/pi_trigger_2pics_BGR.py", line 155, in main
    udp_sock = setup_multicast_socket()
  File "/home/pi/pi_trigger_2pics_BGR.py", line 125, in setup_multicast_socket
    iface_ip = _get_default_ip()
  File "/home/pi/pi_trigger_2pics_BGR.py", line 120, in _get_default_ip
    tmp.connect(("192.168.178.5", 80))
    ~~~~~~~~~~~^^^^^^^^^^^^^^^^^^^^^^^
OSError: [Errno 101] Network is unreachable
Traceback (most recent call last):
  File "/home/pi/pi_trigger_2pics_BGR.py", line 273, in <module>
    main()
    ~~~~^^
  File "/home/pi/pi_trigger_2pics_BGR.py", line 155, in main
    udp_sock = setup_multicast_socket()
  File "/home/pi/pi_trigger_2pics_BGR.py", line 125, in setup_multicast_socket
    iface_ip = _get_default_ip()
  File "/home/pi/pi_trigger_2pics_BGR.py", line 120, in _get_default_ip
    tmp.connect(("192.168.178.5", 80))
    ~~~~~~~~~~~^^^^^^^^^^^^^^^^^^^^^^^
OSError: [Errno 101] Network is unreachable
                                                                                                                                                                                                                                                                                                                                                                                                                                                                                                                                                 Traceback (most recent call last):
  File "/home/pi/pi_trigger_2pics_BGR.py", line 273, in <module>
    main()
    ~~~~^^
  File "/home/pi/pi_trigger_2pics_BGR.py", line 155, in main
    udp_sock = setup_multicast_socket()
  File "/home/pi/pi_trigger_2pics_BGR.py", line 125, in setup_multicast_socket
    iface_ip = _get_default_ip()
  File "/home/pi/pi_trigger_2pics_BGR.py", line 120, in _get_default_ip
    tmp.connect(("192.168.178.5", 80))
    ~~~~~~~~~~~^^^^^^^^^^^^^^^^^^^^^^^
OSError: [Errno 101] Network is unreachable
Traceback (most recent call last):
  File "/home/pi/pi_trigger_2pics_BGR.py", line 273, in <module>
    main()
    ~~~~^^
  File "/home/pi/pi_trigger_2pics_BGR.py", line 155, in main
    udp_sock = setup_multicast_socket()
  File "/home/pi/pi_trigger_2pics_BGR.py", line 125, in setup_multicast_socket
    iface_ip = _get_default_ip()
  File "/home/pi/pi_trigger_2pics_BGR.py", line 120, in _get_default_ip
    tmp.connect(("192.168.178.5", 80))
    ~~~~~~~~~~~^^^^^^^^^^^^^^^^^^^^^^^
OSError: [Errno 101] Network is unreachable
Traceback (most recent call last):
  File "/home/pi/pi_trigger_2pics_BGR.py", line 273, in <module>
    main()
    ~~~~^^
  File "/home/pi/pi_trigger_2pics_BGR.py", line 155, in main
    udp_sock = setup_multicast_socket()
  File "/home/pi/pi_trigger_2pics_BGR.py", line 125, in setup_multicast_socket
    iface_ip = _get_default_ip()
  File "/home/pi/pi_trigger_2pics_BGR.py", line 120, in _get_default_ip
    tmp.connect(("192.168.178.5", 80))
    ~~~~~~~~~~~^^^^^^^^^^^^^^^^^^^^^^^
OSError: [Errno 101] Network is unreachable
Traceback (most recent call last):
  File "/home/pi/pi_trigger_2pics_BGR.py", line 273, in <module>
    main()
    ~~~~^^
  File "/home/pi/pi_trigger_2pics_BGR.py", line 155, in main
    udp_sock = setup_multicast_socket()
  File "/home/pi/pi_trigger_2pics_BGR.py", line 125, in setup_multicast_socket
    iface_ip = _get_default_ip()
  File "/home/pi/pi_trigger_2pics_BGR.py", line 120, in _get_default_ip
    tmp.connect(("192.168.178.5", 80))
    ~~~~~~~~~~~^^^^^^^^^^^^^^^^^^^^^^^
OSError: [Errno 101] Network is unreachable
Traceback (most recent call last):
  File "/home/pi/pi_trigger_2pics_BGR.py", line 273, in <module>
    main()
    ~~~~^^
  File "/home/pi/pi_trigger_2pics_BGR.py", line 155, in main
    udp_sock = setup_multicast_socket()
  File "/home/pi/pi_trigger_2pics_BGR.py", line 125, in setup_multicast_socket
    iface_ip = _get_default_ip()
  File "/home/pi/pi_trigger_2pics_BGR.py", line 120, in _get_default_ip
    tmp.connect(("192.168.178.5", 80))
    ~~~~~~~~~~~^^^^^^^^^^^^^^^^^^^^^^^
OSError: [Errno 101] Network is unreachable
Traceback (most recent call last):
  File "/home/pi/pi_trigger_2pics_BGR.py", line 273, in <module>
    main()
    ~~~~^^
  File "/home/pi/pi_trigger_2pics_BGR.py", line 155, in main
    udp_sock = setup_multicast_socket()
  File "/home/pi/pi_trigger_2pics_BGR.py", line 125, in setup_multicast_socket
    iface_ip = _get_default_ip()
  File "/home/pi/pi_trigger_2pics_BGR.py", line 120, in _get_default_ip
    tmp.connect(("192.168.178.5", 80))
    ~~~~~~~~~~~^^^^^^^^^^^^^^^^^^^^^^^
OSError: [Errno 101] Network is unreachable
Traceback (most recent call last):
  File "/home/pi/pi_trigger_2pics_BGR.py", line 273, in <module>
    main()
    ~~~~^^
  File "/home/pi/pi_trigger_2pics_BGR.py", line 155, in main
    udp_sock = setup_multicast_socket()
  File "/home/pi/pi_trigger_2pics_BGR.py", line 125, in setup_multicast_socket
    iface_ip = _get_default_ip()
  File "/home/pi/pi_trigger_2pics_BGR.py", line 120, in _get_default_ip
    tmp.connect(("192.168.178.5", 80))
    ~~~~~~~~~~~^^^^^^^^^^^^^^^^^^^^^^^
OSError: [Errno 101] Network is unreachable
Traceback (most recent call last):
  File "/home/pi/pi_trigger_2pics_BGR.py", line 273, in <module>
    main()
    ~~~~^^
  File "/home/pi/pi_trigger_2pics_BGR.py", line 155, in main
    udp_sock = setup_multicast_socket()
  File "/home/pi/pi_trigger_2pics_BGR.py", line 125, in setup_multicast_socket
    iface_ip = _get_default_ip()
  File "/home/pi/pi_trigger_2pics_BGR.py", line 120, in _get_default_ip
    tmp.connect(("192.168.178.5", 80))
    ~~~~~~~~~~~^^^^^^^^^^^^^^^^^^^^^^^
OSError: [Errno 101] Network is unreachable
Traceback (most recent call last):
  File "/home/pi/pi_trigger_2pics_BGR.py", line 273, in <module>
    main()
    ~~~~^^
  File "/home/pi/pi_trigger_2pics_BGR.py", line 155, in main
    udp_sock = setup_multicast_socket()
  File "/home/pi/pi_trigger_2pics_BGR.py", line 125, in setup_multicast_socket
    iface_ip = _get_default_ip()
  File "/home/pi/pi_trigger_2pics_BGR.py", line 120, in _get_default_ip
    tmp.connect(("192.168.178.5", 80))
    ~~~~~~~~~~~^^^^^^^^^^^^^^^^^^^^^^^
OSError: [Errno 101] Network is unreachable
Traceback (most recent call last):
  File "/home/pi/pi_trigger_2pics_BGR.py", line 273, in <module>
    main()
    ~~~~^^
  File "/home/pi/pi_trigger_2pics_BGR.py", line 155, in main
    udp_sock = setup_multicast_socket()
  File "/home/pi/pi_trigger_2pics_BGR.py", line 125, in setup_multicast_socket
    iface_ip = _get_default_ip()
  File "/home/pi/pi_trigger_2pics_BGR.py", line 120, in _get_default_ip
    tmp.connect(("192.168.178.5", 80))
    ~~~~~~~~~~~^^^^^^^^^^^^^^^^^^^^^^^
OSError: [Errno 101] Network is unreachable
Traceback (most recent call last):
  File "/home/pi/pi_trigger_2pics_BGR.py", line 273, in <module>
    main()
    ~~~~^^
  File "/home/pi/pi_trigger_2pics_BGR.py", line 155, in main
    udp_sock = setup_multicast_socket()
  File "/home/pi/pi_trigger_2pics_BGR.py", line 125, in setup_multicast_socket
    iface_ip = _get_default_ip()
  File "/home/pi/pi_trigger_2pics_BGR.py", line 120, in _get_default_ip
    tmp.connect(("192.168.178.5", 80))
    ~~~~~~~~~~~^^^^^^^^^^^^^^^^^^^^^^^
OSError: [Errno 101] Network is unreachable
Traceback (most recent call last):
  File "/home/pi/pi_trigger_2pics_BGR.py", line 273, in <module>
    main()
    ~~~~^^
  File "/home/pi/pi_trigger_2pics_BGR.py", line 155, in main
    udp_sock = setup_multicast_socket()
  File "/home/pi/pi_trigger_2pics_BGR.py", line 125, in setup_multicast_socket
    iface_ip = _get_default_ip()
  File "/home/pi/pi_trigger_2pics_BGR.py", line 120, in _get_default_ip
    tmp.connect(("192.168.178.5", 80))
    ~~~~~~~~~~~^^^^^^^^^^^^^^^^^^^^^^^
OSError: [Errno 101] Network is unreachable
Traceback (most recent call last):
  File "/home/pi/pi_trigger_2pics_BGR.py", line 273, in <module>
    main()
    ~~~~^^
  File "/home/pi/pi_trigger_2pics_BGR.py", line 155, in main
    udp_sock = setup_multicast_socket()
  File "/home/pi/pi_trigger_2pics_BGR.py", line 125, in setup_multicast_socket
    iface_ip = _get_default_ip()
  File "/home/pi/pi_trigger_2pics_BGR.py", line 120, in _get_default_ip
    tmp.connect(("192.168.178.5", 80))
    ~~~~~~~~~~~^^^^^^^^^^^^^^^^^^^^^^^
OSError: [Errno 101] Network is unreachable
Traceback (most recent call last):
  File "/home/pi/pi_trigger_2pics_BGR.py", line 273, in <module>
    main()
    ~~~~^^
  File "/home/pi/pi_trigger_2pics_BGR.py", line 155, in main
    udp_sock = setup_multicast_socket()
  File "/home/pi/pi_trigger_2pics_BGR.py", line 125, in setup_multicast_socket
    iface_ip = _get_default_ip()
  File "/home/pi/pi_trigger_2pics_BGR.py", line 120, in _get_default_ip
    tmp.connect(("192.168.178.5", 80))
    ~~~~~~~~~~~^^^^^^^^^^^^^^^^^^^^^^^
OSError: [Errno 101] Network is unreachable
Traceback (most recent call last):
  File "/home/pi/pi_trigger_2pics_BGR.py", line 273, in <module>
    main()
    ~~~~^^
  File "/home/pi/pi_trigger_2pics_BGR.py", line 155, in main
    udp_sock = setup_multicast_socket()
  File "/home/pi/pi_trigger_2pics_BGR.py", line 125, in setup_multicast_socket
    iface_ip = _get_default_ip()
  File "/home/pi/pi_trigger_2pics_BGR.py", line 120, in _get_default_ip
    tmp.connect(("192.168.178.5", 80))
    ~~~~~~~~~~~^^^^^^^^^^^^^^^^^^^^^^^
OSError: [Errno 101] Network is unreachable
Traceback (most recent call last):
  File "/home/pi/pi_trigger_2pics_BGR.py", line 273, in <module>
    main()
    ~~~~^^
  File "/home/pi/pi_trigger_2pics_BGR.py", line 155, in main
    udp_sock = setup_multicast_socket()
  File "/home/pi/pi_trigger_2pics_BGR.py", line 125, in setup_multicast_socket
    iface_ip = _get_default_ip()
  File "/home/pi/pi_trigger_2pics_BGR.py", line 120, in _get_default_ip
    tmp.connect(("192.168.178.5", 80))
    ~~~~~~~~~~~^^^^^^^^^^^^^^^^^^^^^^^
OSError: [Errno 101] Network is unreachable
Traceback (most recent call last):
  File "/home/pi/pi_trigger_2pics_BGR.py", line 273, in <module>
    main()
    ~~~~^^
  File "/home/pi/pi_trigger_2pics_BGR.py", line 155, in main
    udp_sock = setup_multicast_socket()
  File "/home/pi/pi_trigger_2pics_BGR.py", line 125, in setup_multicast_socket
    iface_ip = _get_default_ip()
  File "/home/pi/pi_trigger_2pics_BGR.py", line 120, in _get_default_ip
    tmp.connect(("192.168.178.5", 80))
    ~~~~~~~~~~~^^^^^^^^^^^^^^^^^^^^^^^
OSError: [Errno 101] Network is unreachable
Traceback (most recent call last):
  File "/home/pi/pi_trigger_2pics_BGR.py", line 273, in <module>
    main()
    ~~~~^^
  File "/home/pi/pi_trigger_2pics_BGR.py", line 155, in main
    udp_sock = setup_multicast_socket()
  File "/home/pi/pi_trigger_2pics_BGR.py", line 125, in setup_multicast_socket
    iface_ip = _get_default_ip()
  File "/home/pi/pi_trigger_2pics_BGR.py", line 120, in _get_default_ip
    tmp.connect(("192.168.178.5", 80))
    ~~~~~~~~~~~^^^^^^^^^^^^^^^^^^^^^^^
OSError: [Errno 101] Network is unreachable
Traceback (most recent call last):
  File "/home/pi/pi_trigger_2pics_BGR.py", line 273, in <module>
    main()
    ~~~~^^
  File "/home/pi/pi_trigger_2pics_BGR.py", line 155, in main
    udp_sock = setup_multicast_socket()
  File "/home/pi/pi_trigger_2pics_BGR.py", line 125, in setup_multicast_socket
    iface_ip = _get_default_ip()
  File "/home/pi/pi_trigger_2pics_BGR.py", line 120, in _get_default_ip
    tmp.connect(("192.168.178.5", 80))
    ~~~~~~~~~~~^^^^^^^^^^^^^^^^^^^^^^^
OSError: [Errno 101] Network is unreachable
                                                                                                                                                                                                                                                                                                                                                                                                                                                                                                                                                 Traceback (most recent call last):
  File "/home/pi/pi_trigger_2pics_BGR.py", line 273, in <module>
    main()
    ~~~~^^
  File "/home/pi/pi_trigger_2pics_BGR.py", line 155, in main
    udp_sock = setup_multicast_socket()
  File "/home/pi/pi_trigger_2pics_BGR.py", line 125, in setup_multicast_socket
    iface_ip = _get_default_ip()
  File "/home/pi/pi_trigger_2pics_BGR.py", line 120, in _get_default_ip
    tmp.connect(("192.168.178.5", 80))
    ~~~~~~~~~~~^^^^^^^^^^^^^^^^^^^^^^^
OSError: [Errno 101] Network is unreachable
Traceback (most recent call last):
  File "/home/pi/pi_trigger_2pics_BGR.py", line 273, in <module>
    main()
    ~~~~^^
  File "/home/pi/pi_trigger_2pics_BGR.py", line 155, in main
    udp_sock = setup_multicast_socket()
  File "/home/pi/pi_trigger_2pics_BGR.py", line 125, in setup_multicast_socket
    iface_ip = _get_default_ip()
  File "/home/pi/pi_trigger_2pics_BGR.py", line 120, in _get_default_ip
    tmp.connect(("192.168.178.5", 80))
    ~~~~~~~~~~~^^^^^^^^^^^^^^^^^^^^^^^
OSError: [Errno 101] Network is unreachable
Traceback (most recent call last):
  File "/home/pi/pi_trigger_2pics_BGR.py", line 273, in <module>
    main()
    ~~~~^^
  File "/home/pi/pi_trigger_2pics_BGR.py", line 155, in main
    udp_sock = setup_multicast_socket()
  File "/home/pi/pi_trigger_2pics_BGR.py", line 125, in setup_multicast_socket
    iface_ip = _get_default_ip()
  File "/home/pi/pi_trigger_2pics_BGR.py", line 120, in _get_default_ip
    tmp.connect(("192.168.178.5", 80))
    ~~~~~~~~~~~^^^^^^^^^^^^^^^^^^^^^^^
OSError: [Errno 101] Network is unreachable
Traceback (most recent call last):
  File "/home/pi/pi_trigger_2pics_BGR.py", line 273, in <module>
    main()
    ~~~~^^
  File "/home/pi/pi_trigger_2pics_BGR.py", line 155, in main
    udp_sock = setup_multicast_socket()
  File "/home/pi/pi_trigger_2pics_BGR.py", line 125, in setup_multicast_socket
    iface_ip = _get_default_ip()
  File "/home/pi/pi_trigger_2pics_BGR.py", line 120, in _get_default_ip
    tmp.connect(("192.168.178.5", 80))
    ~~~~~~~~~~~^^^^^^^^^^^^^^^^^^^^^^^
OSError: [Errno 101] Network is unreachable
Traceback (most recent call last):
  File "/home/pi/pi_trigger_2pics_BGR.py", line 273, in <module>
    main()
    ~~~~^^
  File "/home/pi/pi_trigger_2pics_BGR.py", line 155, in main
    udp_sock = setup_multicast_socket()
  File "/home/pi/pi_trigger_2pics_BGR.py", line 125, in setup_multicast_socket
    iface_ip = _get_default_ip()
  File "/home/pi/pi_trigger_2pics_BGR.py", line 120, in _get_default_ip
    tmp.connect(("192.168.178.5", 80))
    ~~~~~~~~~~~^^^^^^^^^^^^^^^^^^^^^^^
OSError: [Errno 101] Network is unreachable
Traceback (most recent call last):
  File "/home/pi/pi_trigger_2pics_BGR.py", line 273, in <module>
    main()
    ~~~~^^
  File "/home/pi/pi_trigger_2pics_BGR.py", line 155, in main
    udp_sock = setup_multicast_socket()
  File "/home/pi/pi_trigger_2pics_BGR.py", line 125, in setup_multicast_socket
    iface_ip = _get_default_ip()
  File "/home/pi/pi_trigger_2pics_BGR.py", line 120, in _get_default_ip
    tmp.connect(("192.168.178.5", 80))
    ~~~~~~~~~~~^^^^^^^^^^^^^^^^^^^^^^^
OSError: [Errno 101] Network is unreachable
Traceback (most recent call last):
  File "/home/pi/pi_trigger_2pics_BGR.py", line 273, in <module>
    main()
    ~~~~^^
  File "/home/pi/pi_trigger_2pics_BGR.py", line 155, in main
    udp_sock = setup_multicast_socket()
  File "/home/pi/pi_trigger_2pics_BGR.py", line 125, in setup_multicast_socket
    iface_ip = _get_default_ip()
  File "/home/pi/pi_trigger_2pics_BGR.py", line 120, in _get_default_ip
    tmp.connect(("192.168.178.5", 80))
    ~~~~~~~~~~~^^^^^^^^^^^^^^^^^^^^^^^
OSError: [Errno 101] Network is unreachable
Traceback (most recent call last):
  File "/home/pi/pi_trigger_2pics_BGR.py", line 273, in <module>
    main()
    ~~~~^^
  File "/home/pi/pi_trigger_2pics_BGR.py", line 155, in main
    udp_sock = setup_multicast_socket()
  File "/home/pi/pi_trigger_2pics_BGR.py", line 125, in setup_multicast_socket
    iface_ip = _get_default_ip()
  File "/home/pi/pi_trigger_2pics_BGR.py", line 120, in _get_default_ip
    tmp.connect(("192.168.178.5", 80))
    ~~~~~~~~~~~^^^^^^^^^^^^^^^^^^^^^^^
OSError: [Errno 101] Network is unreachable
Traceback (most recent call last):
  File "/home/pi/pi_trigger_2pics_BGR.py", line 273, in <module>
    main()
    ~~~~^^
  File "/home/pi/pi_trigger_2pics_BGR.py", line 155, in main
    udp_sock = setup_multicast_socket()
  File "/home/pi/pi_trigger_2pics_BGR.py", line 125, in setup_multicast_socket
    iface_ip = _get_default_ip()
  File "/home/pi/pi_trigger_2pics_BGR.py", line 120, in _get_default_ip
    tmp.connect(("192.168.178.5", 80))
    ~~~~~~~~~~~^^^^^^^^^^^^^^^^^^^^^^^
OSError: [Errno 101] Network is unreachable
Traceback (most recent call last):
  File "/home/pi/pi_trigger_2pics_BGR.py", line 273, in <module>
    main()
    ~~~~^^
  File "/home/pi/pi_trigger_2pics_BGR.py", line 155, in main
    udp_sock = setup_multicast_socket()
  File "/home/pi/pi_trigger_2pics_BGR.py", line 125, in setup_multicast_socket
    iface_ip = _get_default_ip()
  File "/home/pi/pi_trigger_2pics_BGR.py", line 120, in _get_default_ip
    tmp.connect(("192.168.178.5", 80))
    ~~~~~~~~~~~^^^^^^^^^^^^^^^^^^^^^^^
OSError: [Errno 101] Network is unreachable
Traceback (most recent call last):
  File "/home/pi/pi_trigger_2pics_BGR.py", line 273, in <module>
    main()
    ~~~~^^
  File "/home/pi/pi_trigger_2pics_BGR.py", line 155, in main
    udp_sock = setup_multicast_socket()
  File "/home/pi/pi_trigger_2pics_BGR.py", line 125, in setup_multicast_socket
    iface_ip = _get_default_ip()
  File "/home/pi/pi_trigger_2pics_BGR.py", line 120, in _get_default_ip
    tmp.connect(("192.168.178.5", 80))
    ~~~~~~~~~~~^^^^^^^^^^^^^^^^^^^^^^^
OSError: [Errno 101] Network is unreachable
Traceback (most recent call last):
  File "/home/pi/pi_trigger_2pics_BGR.py", line 273, in <module>
    main()
    ~~~~^^
  File "/home/pi/pi_trigger_2pics_BGR.py", line 155, in main
    udp_sock = setup_multicast_socket()
  File "/home/pi/pi_trigger_2pics_BGR.py", line 125, in setup_multicast_socket
    iface_ip = _get_default_ip()
  File "/home/pi/pi_trigger_2pics_BGR.py", line 120, in _get_default_ip
    tmp.connect(("192.168.178.5", 80))
    ~~~~~~~~~~~^^^^^^^^^^^^^^^^^^^^^^^
OSError: [Errno 101] Network is unreachable
Traceback (most recent call last):
  File "/home/pi/pi_trigger_2pics_BGR.py", line 273, in <module>
    main()
    ~~~~^^
  File "/home/pi/pi_trigger_2pics_BGR.py", line 155, in main
    udp_sock = setup_multicast_socket()
  File "/home/pi/pi_trigger_2pics_BGR.py", line 125, in setup_multicast_socket
    iface_ip = _get_default_ip()
  File "/home/pi/pi_trigger_2pics_BGR.py", line 120, in _get_default_ip
    tmp.connect(("192.168.178.5", 80))
    ~~~~~~~~~~~^^^^^^^^^^^^^^^^^^^^^^^
OSError: [Errno 101] Network is unreachable
Traceback (most recent call last):
  File "/home/pi/pi_trigger_2pics_BGR.py", line 273, in <module>
    main()
    ~~~~^^
  File "/home/pi/pi_trigger_2pics_BGR.py", line 155, in main
    udp_sock = setup_multicast_socket()
  File "/home/pi/pi_trigger_2pics_BGR.py", line 125, in setup_multicast_socket
    iface_ip = _get_default_ip()
  File "/home/pi/pi_trigger_2pics_BGR.py", line 120, in _get_default_ip
    tmp.connect(("192.168.178.5", 80))
    ~~~~~~~~~~~^^^^^^^^^^^^^^^^^^^^^^^
OSError: [Errno 101] Network is unreachable
Traceback (most recent call last):
  File "/home/pi/pi_trigger_2pics_BGR.py", line 273, in <module>
    main()
    ~~~~^^
  File "/home/pi/pi_trigger_2pics_BGR.py", line 155, in main
    udp_sock = setup_multicast_socket()
  File "/home/pi/pi_trigger_2pics_BGR.py", line 125, in setup_multicast_socket
    iface_ip = _get_default_ip()
  File "/home/pi/pi_trigger_2pics_BGR.py", line 120, in _get_default_ip
    tmp.connect(("192.168.178.5", 80))
    ~~~~~~~~~~~^^^^^^^^^^^^^^^^^^^^^^^
OSError: [Errno 101] Network is unreachable
Traceback (most recent call last):
  File "/home/pi/pi_trigger_2pics_BGR.py", line 273, in <module>
    main()
    ~~~~^^
  File "/home/pi/pi_trigger_2pics_BGR.py", line 155, in main
    udp_sock = setup_multicast_socket()
  File "/home/pi/pi_trigger_2pics_BGR.py", line 125, in setup_multicast_socket
    iface_ip = _get_default_ip()
  File "/home/pi/pi_trigger_2pics_BGR.py", line 120, in _get_default_ip
    tmp.connect(("192.168.178.5", 80))
    ~~~~~~~~~~~^^^^^^^^^^^^^^^^^^^^^^^
OSError: [Errno 101] Network is unreachable
Traceback (most recent call last):
  File "/home/pi/pi_trigger_2pics_BGR.py", line 273, in <module>
    main()
    ~~~~^^
  File "/home/pi/pi_trigger_2pics_BGR.py", line 155, in main
    udp_sock = setup_multicast_socket()
  File "/home/pi/pi_trigger_2pics_BGR.py", line 125, in setup_multicast_socket
    iface_ip = _get_default_ip()
  File "/home/pi/pi_trigger_2pics_BGR.py", line 120, in _get_default_ip
    tmp.connect(("192.168.178.5", 80))
    ~~~~~~~~~~~^^^^^^^^^^^^^^^^^^^^^^^
OSError: [Errno 101] Network is unreachable
Traceback (most recent call last):
  File "/home/pi/pi_trigger_2pics_BGR.py", line 273, in <module>
    main()
    ~~~~^^
  File "/home/pi/pi_trigger_2pics_BGR.py", line 155, in main
    udp_sock = setup_multicast_socket()
  File "/home/pi/pi_trigger_2pics_BGR.py", line 125, in setup_multicast_socket
    iface_ip = _get_default_ip()
  File "/home/pi/pi_trigger_2pics_BGR.py", line 120, in _get_default_ip
    tmp.connect(("192.168.178.5", 80))
    ~~~~~~~~~~~^^^^^^^^^^^^^^^^^^^^^^^
OSError: [Errno 101] Network is unreachable
Traceback (most recent call last):
  File "/home/pi/pi_trigger_2pics_BGR.py", line 273, in <module>
    main()
    ~~~~^^
  File "/home/pi/pi_trigger_2pics_BGR.py", line 155, in main
    udp_sock = setup_multicast_socket()
  File "/home/pi/pi_trigger_2pics_BGR.py", line 125, in setup_multicast_socket
    iface_ip = _get_default_ip()
  File "/home/pi/pi_trigger_2pics_BGR.py", line 120, in _get_default_ip
    tmp.connect(("192.168.178.5", 80))
    ~~~~~~~~~~~^^^^^^^^^^^^^^^^^^^^^^^
OSError: [Errno 101] Network is unreachable
Traceback (most recent call last):
  File "/home/pi/pi_trigger_2pics_BGR.py", line 273, in <module>
    main()
    ~~~~^^
  File "/home/pi/pi_trigger_2pics_BGR.py", line 155, in main
    udp_sock = setup_multicast_socket()
  File "/home/pi/pi_trigger_2pics_BGR.py", line 125, in setup_multicast_socket
    iface_ip = _get_default_ip()
  File "/home/pi/pi_trigger_2pics_BGR.py", line 120, in _get_default_ip
    tmp.connect(("192.168.178.5", 80))
    ~~~~~~~~~~~^^^^^^^^^^^^^^^^^^^^^^^
OSError: [Errno 101] Network is unreachable
Traceback (most recent call last):
  File "/home/pi/pi_trigger_2pics_BGR.py", line 273, in <module>
    main()
    ~~~~^^
  File "/home/pi/pi_trigger_2pics_BGR.py", line 155, in main
    udp_sock = setup_multicast_socket()
  File "/home/pi/pi_trigger_2pics_BGR.py", line 125, in setup_multicast_socket
    iface_ip = _get_default_ip()
  File "/home/pi/pi_trigger_2pics_BGR.py", line 120, in _get_default_ip
    tmp.connect(("192.168.178.5", 80))
    ~~~~~~~~~~~^^^^^^^^^^^^^^^^^^^^^^^
OSError: [Errno 101] Network is unreachable
Traceback (most recent call last):
  File "/home/pi/pi_trigger_2pics_BGR.py", line 273, in <module>
    main()
    ~~~~^^
  File "/home/pi/pi_trigger_2pics_BGR.py", line 155, in main
    udp_sock = setup_multicast_socket()
  File "/home/pi/pi_trigger_2pics_BGR.py", line 125, in setup_multicast_socket
    iface_ip = _get_default_ip()
  File "/home/pi/pi_trigger_2pics_BGR.py", line 120, in _get_default_ip
    tmp.connect(("192.168.178.5", 80))
    ~~~~~~~~~~~^^^^^^^^^^^^^^^^^^^^^^^
OSError: [Errno 101] Network is unreachable
Traceback (most recent call last):
  File "/home/pi/pi_trigger_2pics_BGR.py", line 273, in <module>
    main()
    ~~~~^^
  File "/home/pi/pi_trigger_2pics_BGR.py", line 155, in main
    udp_sock = setup_multicast_socket()
  File "/home/pi/pi_trigger_2pics_BGR.py", line 125, in setup_multicast_socket
    iface_ip = _get_default_ip()
  File "/home/pi/pi_trigger_2pics_BGR.py", line 120, in _get_default_ip
    tmp.connect(("192.168.178.5", 80))
    ~~~~~~~~~~~^^^^^^^^^^^^^^^^^^^^^^^
OSError: [Errno 101] Network is unreachable
Traceback (most recent call last):
  File "/home/pi/pi_trigger_2pics_BGR.py", line 273, in <module>
    main()
    ~~~~^^
  File "/home/pi/pi_trigger_2pics_BGR.py", line 155, in main
    udp_sock = setup_multicast_socket()
  File "/home/pi/pi_trigger_2pics_BGR.py", line 125, in setup_multicast_socket
    iface_ip = _get_default_ip()
  File "/home/pi/pi_trigger_2pics_BGR.py", line 120, in _get_default_ip
    tmp.connect(("192.168.178.5", 80))
    ~~~~~~~~~~~^^^^^^^^^^^^^^^^^^^^^^^
OSError: [Errno 101] Network is unreachable
Traceback (most recent call last):
  File "/home/pi/pi_trigger_2pics_BGR.py", line 273, in <module>
    main()
    ~~~~^^
  File "/home/pi/pi_trigger_2pics_BGR.py", line 155, in main
    udp_sock = setup_multicast_socket()
  File "/home/pi/pi_trigger_2pics_BGR.py", line 125, in setup_multicast_socket
    iface_ip = _get_default_ip()
  File "/home/pi/pi_trigger_2pics_BGR.py", line 120, in _get_default_ip
    tmp.connect(("192.168.178.5", 80))
    ~~~~~~~~~~~^^^^^^^^^^^^^^^^^^^^^^^
OSError: [Errno 101] Network is unreachable
Traceback (most recent call last):
  File "/home/pi/pi_trigger_2pics_BGR.py", line 273, in <module>
    main()
    ~~~~^^
  File "/home/pi/pi_trigger_2pics_BGR.py", line 155, in main
    udp_sock = setup_multicast_socket()
  File "/home/pi/pi_trigger_2pics_BGR.py", line 125, in setup_multicast_socket
    iface_ip = _get_default_ip()
  File "/home/pi/pi_trigger_2pics_BGR.py", line 120, in _get_default_ip
    tmp.connect(("192.168.178.5", 80))
    ~~~~~~~~~~~^^^^^^^^^^^^^^^^^^^^^^^
OSError: [Errno 101] Network is unreachable
Traceback (most recent call last):
  File "/home/pi/pi_trigger_2pics_BGR.py", line 273, in <module>
    main()
    ~~~~^^
  File "/home/pi/pi_trigger_2pics_BGR.py", line 155, in main
    udp_sock = setup_multicast_socket()
  File "/home/pi/pi_trigger_2pics_BGR.py", line 125, in setup_multicast_socket
    iface_ip = _get_default_ip()
  File "/home/pi/pi_trigger_2pics_BGR.py", line 120, in _get_default_ip
    tmp.connect(("192.168.178.5", 80))
    ~~~~~~~~~~~^^^^^^^^^^^^^^^^^^^^^^^
OSError: [Errno 101] Network is unreachable
Traceback (most recent call last):
  File "/home/pi/pi_trigger_2pics_BGR.py", line 273, in <module>
    main()
    ~~~~^^
  File "/home/pi/pi_trigger_2pics_BGR.py", line 155, in main
    udp_sock = setup_multicast_socket()
  File "/home/pi/pi_trigger_2pics_BGR.py", line 125, in setup_multicast_socket
    iface_ip = _get_default_ip()
  File "/home/pi/pi_trigger_2pics_BGR.py", line 120, in _get_default_ip
    tmp.connect(("192.168.178.5", 80))
    ~~~~~~~~~~~^^^^^^^^^^^^^^^^^^^^^^^
OSError: [Errno 101] Network is unreachable
Traceback (most recent call last):
  File "/home/pi/pi_trigger_2pics_BGR.py", line 273, in <module>
    main()
    ~~~~^^
  File "/home/pi/pi_trigger_2pics_BGR.py", line 155, in main
    udp_sock = setup_multicast_socket()
  File "/home/pi/pi_trigger_2pics_BGR.py", line 125, in setup_multicast_socket
    iface_ip = _get_default_ip()
  File "/home/pi/pi_trigger_2pics_BGR.py", line 120, in _get_default_ip
    tmp.connect(("192.168.178.5", 80))
    ~~~~~~~~~~~^^^^^^^^^^^^^^^^^^^^^^^
OSError: [Errno 101] Network is unreachable
Traceback (most recent call last):
  File "/home/pi/pi_trigger_2pics_BGR.py", line 273, in <module>
    main()
    ~~~~^^
  File "/home/pi/pi_trigger_2pics_BGR.py", line 155, in main
    udp_sock = setup_multicast_socket()
  File "/home/pi/pi_trigger_2pics_BGR.py", line 125, in setup_multicast_socket
    iface_ip = _get_default_ip()
  File "/home/pi/pi_trigger_2pics_BGR.py", line 120, in _get_default_ip
    tmp.connect(("192.168.178.5", 80))
    ~~~~~~~~~~~^^^^^^^^^^^^^^^^^^^^^^^
OSError: [Errno 101] Network is unreachable
Traceback (most recent call last):
  File "/home/pi/pi_trigger_2pics_BGR.py", line 273, in <module>
    main()
    ~~~~^^
  File "/home/pi/pi_trigger_2pics_BGR.py", line 155, in main
    udp_sock = setup_multicast_socket()
  File "/home/pi/pi_trigger_2pics_BGR.py", line 125, in setup_multicast_socket
    iface_ip = _get_default_ip()
  File "/home/pi/pi_trigger_2pics_BGR.py", line 120, in _get_default_ip
    tmp.connect(("192.168.178.5", 80))
    ~~~~~~~~~~~^^^^^^^^^^^^^^^^^^^^^^^
OSError: [Errno 101] Network is unreachable
Traceback (most recent call last):
  File "/home/pi/pi_trigger_2pics_BGR.py", line 273, in <module>
    main()
    ~~~~^^
  File "/home/pi/pi_trigger_2pics_BGR.py", line 155, in main
    udp_sock = setup_multicast_socket()
  File "/home/pi/pi_trigger_2pics_BGR.py", line 125, in setup_multicast_socket
    iface_ip = _get_default_ip()
  File "/home/pi/pi_trigger_2pics_BGR.py", line 120, in _get_default_ip
    tmp.connect(("192.168.178.5", 80))
    ~~~~~~~~~~~^^^^^^^^^^^^^^^^^^^^^^^
OSError: [Errno 101] Network is unreachable
Traceback (most recent call last):
  File "/home/pi/pi_trigger_2pics_BGR.py", line 273, in <module>
    main()
    ~~~~^^
  File "/home/pi/pi_trigger_2pics_BGR.py", line 155, in main
    udp_sock = setup_multicast_socket()
  File "/home/pi/pi_trigger_2pics_BGR.py", line 125, in setup_multicast_socket
    iface_ip = _get_default_ip()
  File "/home/pi/pi_trigger_2pics_BGR.py", line 120, in _get_default_ip
    tmp.connect(("192.168.178.5", 80))
    ~~~~~~~~~~~^^^^^^^^^^^^^^^^^^^^^^^
OSError: [Errno 101] Network is unreachable
Traceback (most recent call last):
  File "/home/pi/pi_trigger_2pics_BGR.py", line 273, in <module>
    main()
    ~~~~^^
  File "/home/pi/pi_trigger_2pics_BGR.py", line 155, in main
    udp_sock = setup_multicast_socket()
  File "/home/pi/pi_trigger_2pics_BGR.py", line 125, in setup_multicast_socket
    iface_ip = _get_default_ip()
  File "/home/pi/pi_trigger_2pics_BGR.py", line 120, in _get_default_ip
    tmp.connect(("192.168.178.5", 80))
    ~~~~~~~~~~~^^^^^^^^^^^^^^^^^^^^^^^
OSError: [Errno 101] Network is unreachable
Traceback (most recent call last):
  File "/home/pi/pi_trigger_2pics_BGR.py", line 273, in <module>
    main()
    ~~~~^^
  File "/home/pi/pi_trigger_2pics_BGR.py", line 155, in main
    udp_sock = setup_multicast_socket()
  File "/home/pi/pi_trigger_2pics_BGR.py", line 125, in setup_multicast_socket
    iface_ip = _get_default_ip()
  File "/home/pi/pi_trigger_2pics_BGR.py", line 120, in _get_default_ip
    tmp.connect(("192.168.178.5", 80))
    ~~~~~~~~~~~^^^^^^^^^^^^^^^^^^^^^^^
OSError: [Errno 101] Network is unreachable
Traceback (most recent call last):
  File "/home/pi/pi_trigger_2pics_BGR.py", line 273, in <module>
    main()
    ~~~~^^
  File "/home/pi/pi_trigger_2pics_BGR.py", line 155, in main
    udp_sock = setup_multicast_socket()
  File "/home/pi/pi_trigger_2pics_BGR.py", line 125, in setup_multicast_socket
    iface_ip = _get_default_ip()
  File "/home/pi/pi_trigger_2pics_BGR.py", line 120, in _get_default_ip
    tmp.connect(("192.168.178.5", 80))
    ~~~~~~~~~~~^^^^^^^^^^^^^^^^^^^^^^^
OSError: [Errno 101] Network is unreachable
Traceback (most recent call last):
  File "/home/pi/pi_trigger_2pics_BGR.py", line 273, in <module>
    main()
    ~~~~^^
  File "/home/pi/pi_trigger_2pics_BGR.py", line 155, in main
    udp_sock = setup_multicast_socket()
  File "/home/pi/pi_trigger_2pics_BGR.py", line 125, in setup_multicast_socket
    iface_ip = _get_default_ip()
  File "/home/pi/pi_trigger_2pics_BGR.py", line 120, in _get_default_ip
    tmp.connect(("192.168.178.5", 80))
    ~~~~~~~~~~~^^^^^^^^^^^^^^^^^^^^^^^
OSError: [Errno 101] Network is unreachable
Traceback (most recent call last):
  File "/home/pi/pi_trigger_2pics_BGR.py", line 273, in <module>
    main()
    ~~~~^^
  File "/home/pi/pi_trigger_2pics_BGR.py", line 155, in main
    udp_sock = setup_multicast_socket()
  File "/home/pi/pi_trigger_2pics_BGR.py", line 125, in setup_multicast_socket
    iface_ip = _get_default_ip()
  File "/home/pi/pi_trigger_2pics_BGR.py", line 120, in _get_default_ip
    tmp.connect(("192.168.178.5", 80))
    ~~~~~~~~~~~^^^^^^^^^^^^^^^^^^^^^^^
OSError: [Errno 101] Network is unreachable
Traceback (most recent call last):
  File "/home/pi/pi_trigger_2pics_BGR.py", line 273, in <module>
    main()
    ~~~~^^
  File "/home/pi/pi_trigger_2pics_BGR.py", line 155, in main
    udp_sock = setup_multicast_socket()
  File "/home/pi/pi_trigger_2pics_BGR.py", line 125, in setup_multicast_socket
    iface_ip = _get_default_ip()
  File "/home/pi/pi_trigger_2pics_BGR.py", line 120, in _get_default_ip
    tmp.connect(("192.168.178.5", 80))
    ~~~~~~~~~~~^^^^^^^^^^^^^^^^^^^^^^^
OSError: [Errno 101] Network is unreachable
Traceback (most recent call last):
  File "/home/pi/pi_trigger_2pics_BGR.py", line 273, in <module>
    main()
    ~~~~^^
  File "/home/pi/pi_trigger_2pics_BGR.py", line 155, in main
    udp_sock = setup_multicast_socket()
  File "/home/pi/pi_trigger_2pics_BGR.py", line 125, in setup_multicast_socket
    iface_ip = _get_default_ip()
  File "/home/pi/pi_trigger_2pics_BGR.py", line 120, in _get_default_ip
    tmp.connect(("192.168.178.5", 80))
    ~~~~~~~~~~~^^^^^^^^^^^^^^^^^^^^^^^
OSError: [Errno 101] Network is unreachable
Traceback (most recent call last):
  File "/home/pi/pi_trigger_2pics_BGR.py", line 273, in <module>
    main()
    ~~~~^^
  File "/home/pi/pi_trigger_2pics_BGR.py", line 155, in main
    udp_sock = setup_multicast_socket()
  File "/home/pi/pi_trigger_2pics_BGR.py", line 125, in setup_multicast_socket
    iface_ip = _get_default_ip()
  File "/home/pi/pi_trigger_2pics_BGR.py", line 120, in _get_default_ip
    tmp.connect(("192.168.178.5", 80))
    ~~~~~~~~~~~^^^^^^^^^^^^^^^^^^^^^^^
OSError: [Errno 101] Network is unreachable
Traceback (most recent call last):
  File "/home/pi/pi_trigger_2pics_BGR.py", line 273, in <module>
    main()
    ~~~~^^
  File "/home/pi/pi_trigger_2pics_BGR.py", line 155, in main
    udp_sock = setup_multicast_socket()
  File "/home/pi/pi_trigger_2pics_BGR.py", line 125, in setup_multicast_socket
    iface_ip = _get_default_ip()
  File "/home/pi/pi_trigger_2pics_BGR.py", line 120, in _get_default_ip
    tmp.connect(("192.168.178.5", 80))
    ~~~~~~~~~~~^^^^^^^^^^^^^^^^^^^^^^^
OSError: [Errno 101] Network is unreachable
Traceback (most recent call last):
  File "/home/pi/pi_trigger_2pics_BGR.py", line 273, in <module>
    main()
    ~~~~^^
  File "/home/pi/pi_trigger_2pics_BGR.py", line 155, in main
    udp_sock = setup_multicast_socket()
  File "/home/pi/pi_trigger_2pics_BGR.py", line 125, in setup_multicast_socket
    iface_ip = _get_default_ip()
  File "/home/pi/pi_trigger_2pics_BGR.py", line 120, in _get_default_ip
    tmp.connect(("192.168.178.5", 80))
    ~~~~~~~~~~~^^^^^^^^^^^^^^^^^^^^^^^
OSError: [Errno 101] Network is unreachable
Traceback (most recent call last):
  File "/home/pi/pi_trigger_2pics_BGR.py", line 273, in <module>
    main()
    ~~~~^^
  File "/home/pi/pi_trigger_2pics_BGR.py", line 155, in main
    udp_sock = setup_multicast_socket()
  File "/home/pi/pi_trigger_2pics_BGR.py", line 125, in setup_multicast_socket
    iface_ip = _get_default_ip()
  File "/home/pi/pi_trigger_2pics_BGR.py", line 120, in _get_default_ip
    tmp.connect(("192.168.178.5", 80))
    ~~~~~~~~~~~^^^^^^^^^^^^^^^^^^^^^^^
OSError: [Errno 101] Network is unreachable
Traceback (most recent call last):
  File "/home/pi/pi_trigger_2pics_BGR.py", line 273, in <module>
    main()
    ~~~~^^
  File "/home/pi/pi_trigger_2pics_BGR.py", line 155, in main
    udp_sock = setup_multicast_socket()
  File "/home/pi/pi_trigger_2pics_BGR.py", line 125, in setup_multicast_socket
    iface_ip = _get_default_ip()
  File "/home/pi/pi_trigger_2pics_BGR.py", line 120, in _get_default_ip
    tmp.connect(("192.168.178.5", 80))
    ~~~~~~~~~~~^^^^^^^^^^^^^^^^^^^^^^^
OSError: [Errno 101] Network is unreachable
Traceback (most recent call last):
  File "/home/pi/pi_trigger_2pics_BGR.py", line 273, in <module>
    main()
    ~~~~^^
  File "/home/pi/pi_trigger_2pics_BGR.py", line 155, in main
    udp_sock = setup_multicast_socket()
  File "/home/pi/pi_trigger_2pics_BGR.py", line 125, in setup_multicast_socket
    iface_ip = _get_default_ip()
  File "/home/pi/pi_trigger_2pics_BGR.py", line 120, in _get_default_ip
    tmp.connect(("192.168.178.5", 80))
    ~~~~~~~~~~~^^^^^^^^^^^^^^^^^^^^^^^
OSError: [Errno 101] Network is unreachable
Traceback (most recent call last):
  File "/home/pi/pi_trigger_2pics_BGR.py", line 273, in <module>
    main()
    ~~~~^^
  File "/home/pi/pi_trigger_2pics_BGR.py", line 155, in main
    udp_sock = setup_multicast_socket()
  File "/home/pi/pi_trigger_2pics_BGR.py", line 125, in setup_multicast_socket
    iface_ip = _get_default_ip()
  File "/home/pi/pi_trigger_2pics_BGR.py", line 120, in _get_default_ip
    tmp.connect(("192.168.178.5", 80))
    ~~~~~~~~~~~^^^^^^^^^^^^^^^^^^^^^^^
OSError: [Errno 101] Network is unreachable
Traceback (most recent call last):
  File "/home/pi/pi_trigger_2pics_BGR.py", line 273, in <module>
    main()
    ~~~~^^
  File "/home/pi/pi_trigger_2pics_BGR.py", line 155, in main
    udp_sock = setup_multicast_socket()
  File "/home/pi/pi_trigger_2pics_BGR.py", line 125, in setup_multicast_socket
    iface_ip = _get_default_ip()
  File "/home/pi/pi_trigger_2pics_BGR.py", line 120, in _get_default_ip
    tmp.connect(("192.168.178.5", 80))
    ~~~~~~~~~~~^^^^^^^^^^^^^^^^^^^^^^^
OSError: [Errno 101] Network is unreachable
Traceback (most recent call last):
  File "/home/pi/pi_trigger_2pics_BGR.py", line 273, in <module>
    main()
    ~~~~^^
  File "/home/pi/pi_trigger_2pics_BGR.py", line 155, in main
    udp_sock = setup_multicast_socket()
  File "/home/pi/pi_trigger_2pics_BGR.py", line 125, in setup_multicast_socket
    iface_ip = _get_default_ip()
  File "/home/pi/pi_trigger_2pics_BGR.py", line 120, in _get_default_ip
    tmp.connect(("192.168.178.5", 80))
    ~~~~~~~~~~~^^^^^^^^^^^^^^^^^^^^^^^
OSError: [Errno 101] Network is unreachable
Traceback (most recent call last):
  File "/home/pi/pi_trigger_2pics_BGR.py", line 273, in <module>
    main()
    ~~~~^^
  File "/home/pi/pi_trigger_2pics_BGR.py", line 155, in main
    udp_sock = setup_multicast_socket()
  File "/home/pi/pi_trigger_2pics_BGR.py", line 125, in setup_multicast_socket
    iface_ip = _get_default_ip()
  File "/home/pi/pi_trigger_2pics_BGR.py", line 120, in _get_default_ip
    tmp.connect(("192.168.178.5", 80))
    ~~~~~~~~~~~^^^^^^^^^^^^^^^^^^^^^^^
OSError: [Errno 101] Network is unreachable
Traceback (most recent call last):
  File "/home/pi/pi_trigger_2pics_BGR.py", line 273, in <module>
    main()
    ~~~~^^
  File "/home/pi/pi_trigger_2pics_BGR.py", line 155, in main
    udp_sock = setup_multicast_socket()
  File "/home/pi/pi_trigger_2pics_BGR.py", line 125, in setup_multicast_socket
    iface_ip = _get_default_ip()
  File "/home/pi/pi_trigger_2pics_BGR.py", line 120, in _get_default_ip
    tmp.connect(("192.168.178.5", 80))
    ~~~~~~~~~~~^^^^^^^^^^^^^^^^^^^^^^^
OSError: [Errno 101] Network is unreachable
Traceback (most recent call last):
  File "/home/pi/pi_trigger_2pics_BGR.py", line 273, in <module>
    main()
    ~~~~^^
  File "/home/pi/pi_trigger_2pics_BGR.py", line 155, in main
    udp_sock = setup_multicast_socket()
  File "/home/pi/pi_trigger_2pics_BGR.py", line 125, in setup_multicast_socket
    iface_ip = _get_default_ip()
  File "/home/pi/pi_trigger_2pics_BGR.py", line 120, in _get_default_ip
    tmp.connect(("192.168.178.5", 80))
    ~~~~~~~~~~~^^^^^^^^^^^^^^^^^^^^^^^
OSError: [Errno 101] Network is unreachable
Traceback (most recent call last):
  File "/home/pi/pi_trigger_2pics_BGR.py", line 273, in <module>
    main()
    ~~~~^^
  File "/home/pi/pi_trigger_2pics_BGR.py", line 155, in main
    udp_sock = setup_multicast_socket()
  File "/home/pi/pi_trigger_2pics_BGR.py", line 125, in setup_multicast_socket
    iface_ip = _get_default_ip()
  File "/home/pi/pi_trigger_2pics_BGR.py", line 120, in _get_default_ip
    tmp.connect(("192.168.178.5", 80))
    ~~~~~~~~~~~^^^^^^^^^^^^^^^^^^^^^^^
OSError: [Errno 101] Network is unreachable
Traceback (most recent call last):
  File "/home/pi/pi_trigger_2pics_BGR.py", line 273, in <module>
    main()
    ~~~~^^
  File "/home/pi/pi_trigger_2pics_BGR.py", line 155, in main
    udp_sock = setup_multicast_socket()
  File "/home/pi/pi_trigger_2pics_BGR.py", line 125, in setup_multicast_socket
    iface_ip = _get_default_ip()
  File "/home/pi/pi_trigger_2pics_BGR.py", line 120, in _get_default_ip
    tmp.connect(("192.168.178.5", 80))
    ~~~~~~~~~~~^^^^^^^^^^^^^^^^^^^^^^^
OSError: [Errno 101] Network is unreachable
Traceback (most recent call last):
  File "/home/pi/pi_trigger_2pics_BGR.py", line 273, in <module>
    main()
    ~~~~^^
  File "/home/pi/pi_trigger_2pics_BGR.py", line 155, in main
    udp_sock = setup_multicast_socket()
  File "/home/pi/pi_trigger_2pics_BGR.py", line 125, in setup_multicast_socket
    iface_ip = _get_default_ip()
  File "/home/pi/pi_trigger_2pics_BGR.py", line 120, in _get_default_ip
    tmp.connect(("192.168.178.5", 80))
    ~~~~~~~~~~~^^^^^^^^^^^^^^^^^^^^^^^
OSError: [Errno 101] Network is unreachable
Traceback (most recent call last):
  File "/home/pi/pi_trigger_2pics_BGR.py", line 273, in <module>
    main()
    ~~~~^^
  File "/home/pi/pi_trigger_2pics_BGR.py", line 155, in main
    udp_sock = setup_multicast_socket()
  File "/home/pi/pi_trigger_2pics_BGR.py", line 125, in setup_multicast_socket
    iface_ip = _get_default_ip()
  File "/home/pi/pi_trigger_2pics_BGR.py", line 120, in _get_default_ip
    tmp.connect(("192.168.178.5", 80))
    ~~~~~~~~~~~^^^^^^^^^^^^^^^^^^^^^^^
OSError: [Errno 101] Network is unreachable
Traceback (most recent call last):
  File "/home/pi/pi_trigger_2pics_BGR.py", line 273, in <module>
    main()
    ~~~~^^
  File "/home/pi/pi_trigger_2pics_BGR.py", line 155, in main
    udp_sock = setup_multicast_socket()
  File "/home/pi/pi_trigger_2pics_BGR.py", line 125, in setup_multicast_socket
    iface_ip = _get_default_ip()
  File "/home/pi/pi_trigger_2pics_BGR.py", line 120, in _get_default_ip
    tmp.connect(("192.168.178.5", 80))
    ~~~~~~~~~~~^^^^^^^^^^^^^^^^^^^^^^^
OSError: [Errno 101] Network is unreachable
Traceback (most recent call last):
  File "/home/pi/pi_trigger_2pics_BGR.py", line 273, in <module>
    main()
    ~~~~^^
  File "/home/pi/pi_trigger_2pics_BGR.py", line 155, in main
    udp_sock = setup_multicast_socket()
  File "/home/pi/pi_trigger_2pics_BGR.py", line 125, in setup_multicast_socket
    iface_ip = _get_default_ip()
  File "/home/pi/pi_trigger_2pics_BGR.py", line 120, in _get_default_ip
    tmp.connect(("192.168.178.5", 80))
    ~~~~~~~~~~~^^^^^^^^^^^^^^^^^^^^^^^
OSError: [Errno 101] Network is unreachable
Traceback (most recent call last):
  File "/home/pi/pi_trigger_2pics_BGR.py", line 273, in <module>
    main()
    ~~~~^^
  File "/home/pi/pi_trigger_2pics_BGR.py", line 155, in main
    udp_sock = setup_multicast_socket()
  File "/home/pi/pi_trigger_2pics_BGR.py", line 125, in setup_multicast_socket
    iface_ip = _get_default_ip()
  File "/home/pi/pi_trigger_2pics_BGR.py", line 120, in _get_default_ip
    tmp.connect(("192.168.178.5", 80))
    ~~~~~~~~~~~^^^^^^^^^^^^^^^^^^^^^^^
OSError: [Errno 101] Network is unreachable
Traceback (most recent call last):
  File "/home/pi/pi_trigger_2pics_BGR.py", line 273, in <module>
    main()
    ~~~~^^
  File "/home/pi/pi_trigger_2pics_BGR.py", line 155, in main
    udp_sock = setup_multicast_socket()
  File "/home/pi/pi_trigger_2pics_BGR.py", line 125, in setup_multicast_socket
    iface_ip = _get_default_ip()
  File "/home/pi/pi_trigger_2pics_BGR.py", line 120, in _get_default_ip
    tmp.connect(("192.168.178.5", 80))
    ~~~~~~~~~~~^^^^^^^^^^^^^^^^^^^^^^^
OSError: [Errno 101] Network is unreachable
Traceback (most recent call last):
  File "/home/pi/pi_trigger_2pics_BGR.py", line 273, in <module>
    main()
    ~~~~^^
  File "/home/pi/pi_trigger_2pics_BGR.py", line 155, in main
    udp_sock = setup_multicast_socket()
  File "/home/pi/pi_trigger_2pics_BGR.py", line 125, in setup_multicast_socket
    iface_ip = _get_default_ip()
  File "/home/pi/pi_trigger_2pics_BGR.py", line 120, in _get_default_ip
    tmp.connect(("192.168.178.5", 80))
    ~~~~~~~~~~~^^^^^^^^^^^^^^^^^^^^^^^
OSError: [Errno 101] Network is unreachable
Traceback (most recent call last):
  File "/home/pi/pi_trigger_2pics_BGR.py", line 273, in <module>
    main()
    ~~~~^^
  File "/home/pi/pi_trigger_2pics_BGR.py", line 155, in main
    udp_sock = setup_multicast_socket()
  File "/home/pi/pi_trigger_2pics_BGR.py", line 125, in setup_multicast_socket
    iface_ip = _get_default_ip()
  File "/home/pi/pi_trigger_2pics_BGR.py", line 120, in _get_default_ip
    tmp.connect(("192.168.178.5", 80))
    ~~~~~~~~~~~^^^^^^^^^^^^^^^^^^^^^^^
OSError: [Errno 101] Network is unreachable
Traceback (most recent call last):
  File "/home/pi/pi_trigger_2pics_BGR.py", line 273, in <module>
    main()
    ~~~~^^
  File "/home/pi/pi_trigger_2pics_BGR.py", line 155, in main
    udp_sock = setup_multicast_socket()
  File "/home/pi/pi_trigger_2pics_BGR.py", line 125, in setup_multicast_socket
    iface_ip = _get_default_ip()
  File "/home/pi/pi_trigger_2pics_BGR.py", line 120, in _get_default_ip
    tmp.connect(("192.168.178.5", 80))
    ~~~~~~~~~~~^^^^^^^^^^^^^^^^^^^^^^^
OSError: [Errno 101] Network is unreachable
Traceback (most recent call last):
  File "/home/pi/pi_trigger_2pics_BGR.py", line 273, in <module>
    main()
    ~~~~^^
  File "/home/pi/pi_trigger_2pics_BGR.py", line 155, in main
    udp_sock = setup_multicast_socket()
  File "/home/pi/pi_trigger_2pics_BGR.py", line 125, in setup_multicast_socket
    iface_ip = _get_default_ip()
  File "/home/pi/pi_trigger_2pics_BGR.py", line 120, in _get_default_ip
    tmp.connect(("192.168.178.5", 80))
    ~~~~~~~~~~~^^^^^^^^^^^^^^^^^^^^^^^
OSError: [Errno 101] Network is unreachable
Traceback (most recent call last):
  File "/home/pi/pi_trigger_2pics_BGR.py", line 273, in <module>
    main()
    ~~~~^^
  File "/home/pi/pi_trigger_2pics_BGR.py", line 155, in main
    udp_sock = setup_multicast_socket()
  File "/home/pi/pi_trigger_2pics_BGR.py", line 125, in setup_multicast_socket
    iface_ip = _get_default_ip()
  File "/home/pi/pi_trigger_2pics_BGR.py", line 120, in _get_default_ip
    tmp.connect(("192.168.178.5", 80))
    ~~~~~~~~~~~^^^^^^^^^^^^^^^^^^^^^^^
OSError: [Errno 101] Network is unreachable
Traceback (most recent call last):
  File "/home/pi/pi_trigger_2pics_BGR.py", line 273, in <module>
    main()
    ~~~~^^
  File "/home/pi/pi_trigger_2pics_BGR.py", line 155, in main
    udp_sock = setup_multicast_socket()
  File "/home/pi/pi_trigger_2pics_BGR.py", line 125, in setup_multicast_socket
    iface_ip = _get_default_ip()
  File "/home/pi/pi_trigger_2pics_BGR.py", line 120, in _get_default_ip
    tmp.connect(("192.168.178.5", 80))
    ~~~~~~~~~~~^^^^^^^^^^^^^^^^^^^^^^^
OSError: [Errno 101] Network is unreachable
Traceback (most recent call last):
  File "/home/pi/pi_trigger_2pics_BGR.py", line 273, in <module>
    main()
    ~~~~^^
  File "/home/pi/pi_trigger_2pics_BGR.py", line 155, in main
    udp_sock = setup_multicast_socket()
  File "/home/pi/pi_trigger_2pics_BGR.py", line 125, in setup_multicast_socket
    iface_ip = _get_default_ip()
  File "/home/pi/pi_trigger_2pics_BGR.py", line 120, in _get_default_ip
    tmp.connect(("192.168.178.5", 80))
    ~~~~~~~~~~~^^^^^^^^^^^^^^^^^^^^^^^
OSError: [Errno 101] Network is unreachable
Traceback (most recent call last):
  File "/home/pi/pi_trigger_2pics_BGR.py", line 273, in <module>
    main()
    ~~~~^^
  File "/home/pi/pi_trigger_2pics_BGR.py", line 155, in main
    udp_sock = setup_multicast_socket()
  File "/home/pi/pi_trigger_2pics_BGR.py", line 125, in setup_multicast_socket
    iface_ip = _get_default_ip()
  File "/home/pi/pi_trigger_2pics_BGR.py", line 120, in _get_default_ip
    tmp.connect(("192.168.178.5", 80))
    ~~~~~~~~~~~^^^^^^^^^^^^^^^^^^^^^^^
OSError: [Errno 101] Network is unreachable
Traceback (most recent call last):
  File "/home/pi/pi_trigger_2pics_BGR.py", line 273, in <module>
    main()
    ~~~~^^
  File "/home/pi/pi_trigger_2pics_BGR.py", line 155, in main
    udp_sock = setup_multicast_socket()
  File "/home/pi/pi_trigger_2pics_BGR.py", line 125, in setup_multicast_socket
    iface_ip = _get_default_ip()
  File "/home/pi/pi_trigger_2pics_BGR.py", line 120, in _get_default_ip
    tmp.connect(("192.168.178.5", 80))
    ~~~~~~~~~~~^^^^^^^^^^^^^^^^^^^^^^^
OSError: [Errno 101] Network is unreachable
Traceback (most recent call last):
  File "/home/pi/pi_trigger_2pics_BGR.py", line 273, in <module>
    main()
    ~~~~^^
  File "/home/pi/pi_trigger_2pics_BGR.py", line 155, in main
    udp_sock = setup_multicast_socket()
  File "/home/pi/pi_trigger_2pics_BGR.py", line 125, in setup_multicast_socket
    iface_ip = _get_default_ip()
  File "/home/pi/pi_trigger_2pics_BGR.py", line 120, in _get_default_ip
    tmp.connect(("192.168.178.5", 80))
    ~~~~~~~~~~~^^^^^^^^^^^^^^^^^^^^^^^
OSError: [Errno 101] Network is unreachable
Traceback (most recent call last):
  File "/home/pi/pi_trigger_2pics_BGR.py", line 273, in <module>
    main()
    ~~~~^^
  File "/home/pi/pi_trigger_2pics_BGR.py", line 155, in main
    udp_sock = setup_multicast_socket()
  File "/home/pi/pi_trigger_2pics_BGR.py", line 125, in setup_multicast_socket
    iface_ip = _get_default_ip()
  File "/home/pi/pi_trigger_2pics_BGR.py", line 120, in _get_default_ip
    tmp.connect(("192.168.178.5", 80))
    ~~~~~~~~~~~^^^^^^^^^^^^^^^^^^^^^^^
OSError: [Errno 101] Network is unreachable
Traceback (most recent call last):
  File "/home/pi/pi_trigger_2pics_BGR.py", line 273, in <module>
    main()
    ~~~~^^
  File "/home/pi/pi_trigger_2pics_BGR.py", line 155, in main
    udp_sock = setup_multicast_socket()
  File "/home/pi/pi_trigger_2pics_BGR.py", line 125, in setup_multicast_socket
    iface_ip = _get_default_ip()
  File "/home/pi/pi_trigger_2pics_BGR.py", line 120, in _get_default_ip
    tmp.connect(("192.168.178.5", 80))
    ~~~~~~~~~~~^^^^^^^^^^^^^^^^^^^^^^^
OSError: [Errno 101] Network is unreachable
Traceback (most recent call last):
  File "/home/pi/pi_trigger_2pics_BGR.py", line 273, in <module>
    main()
    ~~~~^^
  File "/home/pi/pi_trigger_2pics_BGR.py", line 155, in main
    udp_sock = setup_multicast_socket()
  File "/home/pi/pi_trigger_2pics_BGR.py", line 125, in setup_multicast_socket
    iface_ip = _get_default_ip()
  File "/home/pi/pi_trigger_2pics_BGR.py", line 120, in _get_default_ip
    tmp.connect(("192.168.178.5", 80))
    ~~~~~~~~~~~^^^^^^^^^^^^^^^^^^^^^^^
OSError: [Errno 101] Network is unreachable
Traceback (most recent call last):
  File "/home/pi/pi_trigger_2pics_BGR.py", line 273, in <module>
    main()
    ~~~~^^
  File "/home/pi/pi_trigger_2pics_BGR.py", line 155, in main
    udp_sock = setup_multicast_socket()
  File "/home/pi/pi_trigger_2pics_BGR.py", line 125, in setup_multicast_socket
    iface_ip = _get_default_ip()
  File "/home/pi/pi_trigger_2pics_BGR.py", line 120, in _get_default_ip
    tmp.connect(("192.168.178.5", 80))
    ~~~~~~~~~~~^^^^^^^^^^^^^^^^^^^^^^^
OSError: [Errno 101] Network is unreachable
Traceback (most recent call last):
  File "/home/pi/pi_trigger_2pics_BGR.py", line 273, in <module>
    main()
    ~~~~^^
  File "/home/pi/pi_trigger_2pics_BGR.py", line 155, in main
    udp_sock = setup_multicast_socket()
  File "/home/pi/pi_trigger_2pics_BGR.py", line 125, in setup_multicast_socket
    iface_ip = _get_default_ip()
  File "/home/pi/pi_trigger_2pics_BGR.py", line 120, in _get_default_ip
    tmp.connect(("192.168.178.5", 80))
    ~~~~~~~~~~~^^^^^^^^^^^^^^^^^^^^^^^
OSError: [Errno 101] Network is unreachable
Traceback (most recent call last):
  File "/home/pi/pi_trigger_2pics_BGR.py", line 273, in <module>
    main()
    ~~~~^^
  File "/home/pi/pi_trigger_2pics_BGR.py", line 155, in main
    udp_sock = setup_multicast_socket()
  File "/home/pi/pi_trigger_2pics_BGR.py", line 125, in setup_multicast_socket
    iface_ip = _get_default_ip()
  File "/home/pi/pi_trigger_2pics_BGR.py", line 120, in _get_default_ip
    tmp.connect(("192.168.178.5", 80))
    ~~~~~~~~~~~^^^^^^^^^^^^^^^^^^^^^^^
OSError: [Errno 101] Network is unreachable
Traceback (most recent call last):
  File "/home/pi/pi_trigger_2pics_BGR.py", line 273, in <module>
    main()
    ~~~~^^
  File "/home/pi/pi_trigger_2pics_BGR.py", line 155, in main
    udp_sock = setup_multicast_socket()
  File "/home/pi/pi_trigger_2pics_BGR.py", line 125, in setup_multicast_socket
    iface_ip = _get_default_ip()
  File "/home/pi/pi_trigger_2pics_BGR.py", line 120, in _get_default_ip
    tmp.connect(("192.168.178.5", 80))
    ~~~~~~~~~~~^^^^^^^^^^^^^^^^^^^^^^^
OSError: [Errno 101] Network is unreachable
Traceback (most recent call last):
  File "/home/pi/pi_trigger_2pics_BGR.py", line 273, in <module>
    main()
    ~~~~^^
  File "/home/pi/pi_trigger_2pics_BGR.py", line 155, in main
    udp_sock = setup_multicast_socket()
  File "/home/pi/pi_trigger_2pics_BGR.py", line 125, in setup_multicast_socket
    iface_ip = _get_default_ip()
  File "/home/pi/pi_trigger_2pics_BGR.py", line 120, in _get_default_ip
    tmp.connect(("192.168.178.5", 80))
    ~~~~~~~~~~~^^^^^^^^^^^^^^^^^^^^^^^
OSError: [Errno 101] Network is unreachable
Traceback (most recent call last):
  File "/home/pi/pi_trigger_2pics_BGR.py", line 273, in <module>
    main()
    ~~~~^^
  File "/home/pi/pi_trigger_2pics_BGR.py", line 155, in main
    udp_sock = setup_multicast_socket()
  File "/home/pi/pi_trigger_2pics_BGR.py", line 125, in setup_multicast_socket
    iface_ip = _get_default_ip()
  File "/home/pi/pi_trigger_2pics_BGR.py", line 120, in _get_default_ip
    tmp.connect(("192.168.178.5", 80))
    ~~~~~~~~~~~^^^^^^^^^^^^^^^^^^^^^^^
OSError: [Errno 101] Network is unreachable
Traceback (most recent call last):
  File "/home/pi/pi_trigger_2pics_BGR.py", line 273, in <module>
    main()
    ~~~~^^
  File "/home/pi/pi_trigger_2pics_BGR.py", line 155, in main
    udp_sock = setup_multicast_socket()
  File "/home/pi/pi_trigger_2pics_BGR.py", line 125, in setup_multicast_socket
    iface_ip = _get_default_ip()
  File "/home/pi/pi_trigger_2pics_BGR.py", line 120, in _get_default_ip
    tmp.connect(("192.168.178.5", 80))
    ~~~~~~~~~~~^^^^^^^^^^^^^^^^^^^^^^^
OSError: [Errno 101] Network is unreachable
Traceback (most recent call last):
  File "/home/pi/pi_trigger_2pics_BGR.py", line 273, in <module>
    main()
    ~~~~^^
  File "/home/pi/pi_trigger_2pics_BGR.py", line 155, in main
    udp_sock = setup_multicast_socket()
  File "/home/pi/pi_trigger_2pics_BGR.py", line 125, in setup_multicast_socket
    iface_ip = _get_default_ip()
  File "/home/pi/pi_trigger_2pics_BGR.py", line 120, in _get_default_ip
    tmp.connect(("192.168.178.5", 80))
    ~~~~~~~~~~~^^^^^^^^^^^^^^^^^^^^^^^
OSError: [Errno 101] Network is unreachable
Traceback (most recent call last):
  File "/home/pi/pi_trigger_2pics_BGR.py", line 273, in <module>
    main()
    ~~~~^^
  File "/home/pi/pi_trigger_2pics_BGR.py", line 155, in main
    udp_sock = setup_multicast_socket()
  File "/home/pi/pi_trigger_2pics_BGR.py", line 125, in setup_multicast_socket
    iface_ip = _get_default_ip()
  File "/home/pi/pi_trigger_2pics_BGR.py", line 120, in _get_default_ip
    tmp.connect(("192.168.178.5", 80))
    ~~~~~~~~~~~^^^^^^^^^^^^^^^^^^^^^^^
OSError: [Errno 101] Network is unreachable
Traceback (most recent call last):
  File "/home/pi/pi_trigger_2pics_BGR.py", line 273, in <module>
    main()
    ~~~~^^
  File "/home/pi/pi_trigger_2pics_BGR.py", line 155, in main
    udp_sock = setup_multicast_socket()
  File "/home/pi/pi_trigger_2pics_BGR.py", line 125, in setup_multicast_socket
    iface_ip = _get_default_ip()
  File "/home/pi/pi_trigger_2pics_BGR.py", line 120, in _get_default_ip
    tmp.connect(("192.168.178.5", 80))
    ~~~~~~~~~~~^^^^^^^^^^^^^^^^^^^^^^^
OSError: [Errno 101] Network is unreachable
Traceback (most recent call last):
  File "/home/pi/pi_trigger_2pics_BGR.py", line 273, in <module>
    main()
    ~~~~^^
  File "/home/pi/pi_trigger_2pics_BGR.py", line 155, in main
    udp_sock = setup_multicast_socket()
  File "/home/pi/pi_trigger_2pics_BGR.py", line 125, in setup_multicast_socket
    iface_ip = _get_default_ip()
  File "/home/pi/pi_trigger_2pics_BGR.py", line 120, in _get_default_ip
    tmp.connect(("192.168.178.5", 80))
    ~~~~~~~~~~~^^^^^^^^^^^^^^^^^^^^^^^
OSError: [Errno 101] Network is unreachable
Traceback (most recent call last):
  File "/home/pi/pi_trigger_2pics_BGR.py", line 273, in <module>
    main()
    ~~~~^^
  File "/home/pi/pi_trigger_2pics_BGR.py", line 155, in main
    udp_sock = setup_multicast_socket()
  File "/home/pi/pi_trigger_2pics_BGR.py", line 125, in setup_multicast_socket
    iface_ip = _get_default_ip()
  File "/home/pi/pi_trigger_2pics_BGR.py", line 120, in _get_default_ip
    tmp.connect(("192.168.178.5", 80))
    ~~~~~~~~~~~^^^^^^^^^^^^^^^^^^^^^^^
OSError: [Errno 101] Network is unreachable
Traceback (most recent call last):
  File "/home/pi/pi_trigger_2pics_BGR.py", line 273, in <module>
    main()
    ~~~~^^
  File "/home/pi/pi_trigger_2pics_BGR.py", line 155, in main
    udp_sock = setup_multicast_socket()
  File "/home/pi/pi_trigger_2pics_BGR.py", line 125, in setup_multicast_socket
    iface_ip = _get_default_ip()
  File "/home/pi/pi_trigger_2pics_BGR.py", line 120, in _get_default_ip
    tmp.connect(("192.168.178.5", 80))
    ~~~~~~~~~~~^^^^^^^^^^^^^^^^^^^^^^^
OSError: [Errno 101] Network is unreachable
Traceback (most recent call last):
  File "/home/pi/pi_trigger_2pics_BGR.py", line 273, in <module>
    main()
    ~~~~^^
  File "/home/pi/pi_trigger_2pics_BGR.py", line 155, in main
    udp_sock = setup_multicast_socket()
  File "/home/pi/pi_trigger_2pics_BGR.py", line 125, in setup_multicast_socket
    iface_ip = _get_default_ip()
  File "/home/pi/pi_trigger_2pics_BGR.py", line 120, in _get_default_ip
    tmp.connect(("192.168.178.5", 80))
    ~~~~~~~~~~~^^^^^^^^^^^^^^^^^^^^^^^
OSError: [Errno 101] Network is unreachable
Traceback (most recent call last):
  File "/home/pi/pi_trigger_2pics_BGR.py", line 273, in <module>
    main()
    ~~~~^^
  File "/home/pi/pi_trigger_2pics_BGR.py", line 155, in main
    udp_sock = setup_multicast_socket()
  File "/home/pi/pi_trigger_2pics_BGR.py", line 125, in setup_multicast_socket
    iface_ip = _get_default_ip()
  File "/home/pi/pi_trigger_2pics_BGR.py", line 120, in _get_default_ip
    tmp.connect(("192.168.178.5", 80))
    ~~~~~~~~~~~^^^^^^^^^^^^^^^^^^^^^^^
OSError: [Errno 101] Network is unreachable
Traceback (most recent call last):
  File "/home/pi/pi_trigger_2pics_BGR.py", line 273, in <module>
    main()
    ~~~~^^
  File "/home/pi/pi_trigger_2pics_BGR.py", line 155, in main
    udp_sock = setup_multicast_socket()
  File "/home/pi/pi_trigger_2pics_BGR.py", line 125, in setup_multicast_socket
    iface_ip = _get_default_ip()
  File "/home/pi/pi_trigger_2pics_BGR.py", line 120, in _get_default_ip
    tmp.connect(("192.168.178.5", 80))
    ~~~~~~~~~~~^^^^^^^^^^^^^^^^^^^^^^^
OSError: [Errno 101] Network is unreachable
Traceback (most recent call last):
  File "/home/pi/pi_trigger_2pics_BGR.py", line 273, in <module>
    main()
    ~~~~^^
  File "/home/pi/pi_trigger_2pics_BGR.py", line 155, in main
    udp_sock = setup_multicast_socket()
  File "/home/pi/pi_trigger_2pics_BGR.py", line 125, in setup_multicast_socket
    iface_ip = _get_default_ip()
  File "/home/pi/pi_trigger_2pics_BGR.py", line 120, in _get_default_ip
    tmp.connect(("192.168.178.5", 80))
    ~~~~~~~~~~~^^^^^^^^^^^^^^^^^^^^^^^
OSError: [Errno 101] Network is unreachable
Traceback (most recent call last):
  File "/home/pi/pi_trigger_2pics_BGR.py", line 273, in <module>
    main()
    ~~~~^^
  File "/home/pi/pi_trigger_2pics_BGR.py", line 155, in main
    udp_sock = setup_multicast_socket()
  File "/home/pi/pi_trigger_2pics_BGR.py", line 125, in setup_multicast_socket
    iface_ip = _get_default_ip()
  File "/home/pi/pi_trigger_2pics_BGR.py", line 120, in _get_default_ip
    tmp.connect(("192.168.178.5", 80))
    ~~~~~~~~~~~^^^^^^^^^^^^^^^^^^^^^^^
OSError: [Errno 101] Network is unreachable
Traceback (most recent call last):
  File "/home/pi/pi_trigger_2pics_BGR.py", line 273, in <module>
    main()
    ~~~~^^
  File "/home/pi/pi_trigger_2pics_BGR.py", line 155, in main
    udp_sock = setup_multicast_socket()
  File "/home/pi/pi_trigger_2pics_BGR.py", line 125, in setup_multicast_socket
    iface_ip = _get_default_ip()
  File "/home/pi/pi_trigger_2pics_BGR.py", line 120, in _get_default_ip
    tmp.connect(("192.168.178.5", 80))
    ~~~~~~~~~~~^^^^^^^^^^^^^^^^^^^^^^^
OSError: [Errno 101] Network is unreachable
Traceback (most recent call last):
  File "/home/pi/pi_trigger_2pics_BGR.py", line 273, in <module>
    main()
    ~~~~^^
  File "/home/pi/pi_trigger_2pics_BGR.py", line 155, in main
    udp_sock = setup_multicast_socket()
  File "/home/pi/pi_trigger_2pics_BGR.py", line 125, in setup_multicast_socket
    iface_ip = _get_default_ip()
  File "/home/pi/pi_trigger_2pics_BGR.py", line 120, in _get_default_ip
    tmp.connect(("192.168.178.5", 80))
    ~~~~~~~~~~~^^^^^^^^^^^^^^^^^^^^^^^
OSError: [Errno 101] Network is unreachable
Traceback (most recent call last):
  File "/home/pi/pi_trigger_2pics_BGR.py", line 273, in <module>
    main()
    ~~~~^^
  File "/home/pi/pi_trigger_2pics_BGR.py", line 155, in main
    udp_sock = setup_multicast_socket()
  File "/home/pi/pi_trigger_2pics_BGR.py", line 125, in setup_multicast_socket
    iface_ip = _get_default_ip()
  File "/home/pi/pi_trigger_2pics_BGR.py", line 120, in _get_default_ip
    tmp.connect(("192.168.178.5", 80))
    ~~~~~~~~~~~^^^^^^^^^^^^^^^^^^^^^^^
OSError: [Errno 101] Network is unreachable
Traceback (most recent call last):
  File "/home/pi/pi_trigger_2pics_BGR.py", line 273, in <module>
    main()
    ~~~~^^
  File "/home/pi/pi_trigger_2pics_BGR.py", line 155, in main
    udp_sock = setup_multicast_socket()
  File "/home/pi/pi_trigger_2pics_BGR.py", line 125, in setup_multicast_socket
    iface_ip = _get_default_ip()
  File "/home/pi/pi_trigger_2pics_BGR.py", line 120, in _get_default_ip
    tmp.connect(("192.168.178.5", 80))
    ~~~~~~~~~~~^^^^^^^^^^^^^^^^^^^^^^^
OSError: [Errno 101] Network is unreachable
Traceback (most recent call last):
  File "/home/pi/pi_trigger_2pics_BGR.py", line 273, in <module>
    main()
    ~~~~^^
  File "/home/pi/pi_trigger_2pics_BGR.py", line 155, in main
    udp_sock = setup_multicast_socket()
  File "/home/pi/pi_trigger_2pics_BGR.py", line 125, in setup_multicast_socket
    iface_ip = _get_default_ip()
  File "/home/pi/pi_trigger_2pics_BGR.py", line 120, in _get_default_ip
    tmp.connect(("192.168.178.5", 80))
    ~~~~~~~~~~~^^^^^^^^^^^^^^^^^^^^^^^
OSError: [Errno 101] Network is unreachable
Traceback (most recent call last):
  File "/home/pi/pi_trigger_2pics_BGR.py", line 273, in <module>
    main()
    ~~~~^^
  File "/home/pi/pi_trigger_2pics_BGR.py", line 155, in main
    udp_sock = setup_multicast_socket()
  File "/home/pi/pi_trigger_2pics_BGR.py", line 125, in setup_multicast_socket
    iface_ip = _get_default_ip()
  File "/home/pi/pi_trigger_2pics_BGR.py", line 120, in _get_default_ip
    tmp.connect(("192.168.178.5", 80))
    ~~~~~~~~~~~^^^^^^^^^^^^^^^^^^^^^^^
OSError: [Errno 101] Network is unreachable
Traceback (most recent call last):
  File "/home/pi/pi_trigger_2pics_BGR.py", line 273, in <module>
    main()
    ~~~~^^
  File "/home/pi/pi_trigger_2pics_BGR.py", line 155, in main
    udp_sock = setup_multicast_socket()
  File "/home/pi/pi_trigger_2pics_BGR.py", line 125, in setup_multicast_socket
    iface_ip = _get_default_ip()
  File "/home/pi/pi_trigger_2pics_BGR.py", line 120, in _get_default_ip
    tmp.connect(("192.168.178.5", 80))
    ~~~~~~~~~~~^^^^^^^^^^^^^^^^^^^^^^^
OSError: [Errno 101] Network is unreachable
Traceback (most recent call last):
  File "/home/pi/pi_trigger_2pics_BGR.py", line 273, in <module>
    main()
    ~~~~^^
  File "/home/pi/pi_trigger_2pics_BGR.py", line 155, in main
    udp_sock = setup_multicast_socket()
  File "/home/pi/pi_trigger_2pics_BGR.py", line 125, in setup_multicast_socket
    iface_ip = _get_default_ip()
  File "/home/pi/pi_trigger_2pics_BGR.py", line 120, in _get_default_ip
    tmp.connect(("192.168.178.5", 80))
    ~~~~~~~~~~~^^^^^^^^^^^^^^^^^^^^^^^
OSError: [Errno 101] Network is unreachable
Traceback (most recent call last):
  File "/home/pi/pi_trigger_2pics_BGR.py", line 273, in <module>
    main()
    ~~~~^^
  File "/home/pi/pi_trigger_2pics_BGR.py", line 155, in main
    udp_sock = setup_multicast_socket()
  File "/home/pi/pi_trigger_2pics_BGR.py", line 125, in setup_multicast_socket
    iface_ip = _get_default_ip()
  File "/home/pi/pi_trigger_2pics_BGR.py", line 120, in _get_default_ip
    tmp.connect(("192.168.178.5", 80))
    ~~~~~~~~~~~^^^^^^^^^^^^^^^^^^^^^^^
OSError: [Errno 101] Network is unreachable
Traceback (most recent call last):
  File "/home/pi/pi_trigger_2pics_BGR.py", line 273, in <module>
    main()
    ~~~~^^
  File "/home/pi/pi_trigger_2pics_BGR.py", line 155, in main
    udp_sock = setup_multicast_socket()
  File "/home/pi/pi_trigger_2pics_BGR.py", line 125, in setup_multicast_socket
    iface_ip = _get_default_ip()
  File "/home/pi/pi_trigger_2pics_BGR.py", line 120, in _get_default_ip
    tmp.connect(("192.168.178.5", 80))
    ~~~~~~~~~~~^^^^^^^^^^^^^^^^^^^^^^^
OSError: [Errno 101] Network is unreachable
Traceback (most recent call last):
  File "/home/pi/pi_trigger_2pics_BGR.py", line 273, in <module>
    main()
    ~~~~^^
  File "/home/pi/pi_trigger_2pics_BGR.py", line 155, in main
    udp_sock = setup_multicast_socket()
  File "/home/pi/pi_trigger_2pics_BGR.py", line 125, in setup_multicast_socket
    iface_ip = _get_default_ip()
  File "/home/pi/pi_trigger_2pics_BGR.py", line 120, in _get_default_ip
    tmp.connect(("192.168.178.5", 80))
    ~~~~~~~~~~~^^^^^^^^^^^^^^^^^^^^^^^
OSError: [Errno 101] Network is unreachable
Traceback (most recent call last):
  File "/home/pi/pi_trigger_2pics_BGR.py", line 273, in <module>
    main()
    ~~~~^^
  File "/home/pi/pi_trigger_2pics_BGR.py", line 155, in main
    udp_sock = setup_multicast_socket()
  File "/home/pi/pi_trigger_2pics_BGR.py", line 125, in setup_multicast_socket
    iface_ip = _get_default_ip()
  File "/home/pi/pi_trigger_2pics_BGR.py", line 120, in _get_default_ip
    tmp.connect(("192.168.178.5", 80))
    ~~~~~~~~~~~^^^^^^^^^^^^^^^^^^^^^^^
OSError: [Errno 101] Network is unreachable
Traceback (most recent call last):
  File "/home/pi/pi_trigger_2pics_BGR.py", line 273, in <module>
    main()
    ~~~~^^
  File "/home/pi/pi_trigger_2pics_BGR.py", line 155, in main
    udp_sock = setup_multicast_socket()
  File "/home/pi/pi_trigger_2pics_BGR.py", line 125, in setup_multicast_socket
    iface_ip = _get_default_ip()
  File "/home/pi/pi_trigger_2pics_BGR.py", line 120, in _get_default_ip
    tmp.connect(("192.168.178.5", 80))
    ~~~~~~~~~~~^^^^^^^^^^^^^^^^^^^^^^^
OSError: [Errno 101] Network is unreachable
Traceback (most recent call last):
  File "/home/pi/pi_trigger_2pics_BGR.py", line 273, in <module>
    main()
    ~~~~^^
  File "/home/pi/pi_trigger_2pics_BGR.py", line 155, in main
    udp_sock = setup_multicast_socket()
  File "/home/pi/pi_trigger_2pics_BGR.py", line 125, in setup_multicast_socket
    iface_ip = _get_default_ip()
  File "/home/pi/pi_trigger_2pics_BGR.py", line 120, in _get_default_ip
    tmp.connect(("192.168.178.5", 80))
    ~~~~~~~~~~~^^^^^^^^^^^^^^^^^^^^^^^
OSError: [Errno 101] Network is unreachable
Traceback (most recent call last):
  File "/home/pi/pi_trigger_2pics_BGR.py", line 273, in <module>
    main()
    ~~~~^^
  File "/home/pi/pi_trigger_2pics_BGR.py", line 155, in main
    udp_sock = setup_multicast_socket()
  File "/home/pi/pi_trigger_2pics_BGR.py", line 125, in setup_multicast_socket
    iface_ip = _get_default_ip()
  File "/home/pi/pi_trigger_2pics_BGR.py", line 120, in _get_default_ip
    tmp.connect(("192.168.178.5", 80))
    ~~~~~~~~~~~^^^^^^^^^^^^^^^^^^^^^^^
OSError: [Errno 101] Network is unreachable
Traceback (most recent call last):
  File "/home/pi/pi_trigger_2pics_BGR.py", line 273, in <module>
    main()
    ~~~~^^
  File "/home/pi/pi_trigger_2pics_BGR.py", line 155, in main
    udp_sock = setup_multicast_socket()
  File "/home/pi/pi_trigger_2pics_BGR.py", line 125, in setup_multicast_socket
    iface_ip = _get_default_ip()
  File "/home/pi/pi_trigger_2pics_BGR.py", line 120, in _get_default_ip
    tmp.connect(("192.168.178.5", 80))
    ~~~~~~~~~~~^^^^^^^^^^^^^^^^^^^^^^^
OSError: [Errno 101] Network is unreachable
Traceback (most recent call last):
  File "/home/pi/pi_trigger_2pics_BGR.py", line 273, in <module>
    main()
    ~~~~^^
  File "/home/pi/pi_trigger_2pics_BGR.py", line 155, in main
    udp_sock = setup_multicast_socket()
  File "/home/pi/pi_trigger_2pics_BGR.py", line 125, in setup_multicast_socket
    iface_ip = _get_default_ip()
  File "/home/pi/pi_trigger_2pics_BGR.py", line 120, in _get_default_ip
    tmp.connect(("192.168.178.5", 80))
    ~~~~~~~~~~~^^^^^^^^^^^^^^^^^^^^^^^
OSError: [Errno 101] Network is unreachable
Traceback (most recent call last):
  File "/home/pi/pi_trigger_2pics_BGR.py", line 273, in <module>
    main()
    ~~~~^^
  File "/home/pi/pi_trigger_2pics_BGR.py", line 155, in main
    udp_sock = setup_multicast_socket()
  File "/home/pi/pi_trigger_2pics_BGR.py", line 125, in setup_multicast_socket
    iface_ip = _get_default_ip()
  File "/home/pi/pi_trigger_2pics_BGR.py", line 120, in _get_default_ip
    tmp.connect(("192.168.178.5", 80))
    ~~~~~~~~~~~^^^^^^^^^^^^^^^^^^^^^^^
OSError: [Errno 101] Network is unreachable
Traceback (most recent call last):
  File "/home/pi/pi_trigger_2pics_BGR.py", line 273, in <module>
    main()
    ~~~~^^
  File "/home/pi/pi_trigger_2pics_BGR.py", line 155, in main
    udp_sock = setup_multicast_socket()
  File "/home/pi/pi_trigger_2pics_BGR.py", line 125, in setup_multicast_socket
    iface_ip = _get_default_ip()
  File "/home/pi/pi_trigger_2pics_BGR.py", line 120, in _get_default_ip
    tmp.connect(("192.168.178.5", 80))
    ~~~~~~~~~~~^^^^^^^^^^^^^^^^^^^^^^^
OSError: [Errno 101] Network is unreachable
Traceback (most recent call last):
  File "/home/pi/pi_trigger_2pics_BGR.py", line 273, in <module>
    main()
    ~~~~^^
  File "/home/pi/pi_trigger_2pics_BGR.py", line 155, in main
    udp_sock = setup_multicast_socket()
  File "/home/pi/pi_trigger_2pics_BGR.py", line 125, in setup_multicast_socket
    iface_ip = _get_default_ip()
  File "/home/pi/pi_trigger_2pics_BGR.py", line 120, in _get_default_ip
    tmp.connect(("192.168.178.5", 80))
    ~~~~~~~~~~~^^^^^^^^^^^^^^^^^^^^^^^
OSError: [Errno 101] Network is unreachable
Traceback (most recent call last):
  File "/home/pi/pi_trigger_2pics_BGR.py", line 273, in <module>
    main()
    ~~~~^^
  File "/home/pi/pi_trigger_2pics_BGR.py", line 155, in main
    udp_sock = setup_multicast_socket()
  File "/home/pi/pi_trigger_2pics_BGR.py", line 125, in setup_multicast_socket
    iface_ip = _get_default_ip()
  File "/home/pi/pi_trigger_2pics_BGR.py", line 120, in _get_default_ip
    tmp.connect(("192.168.178.5", 80))
    ~~~~~~~~~~~^^^^^^^^^^^^^^^^^^^^^^^
OSError: [Errno 101] Network is unreachable
Traceback (most recent call last):
  File "/home/pi/pi_trigger_2pics_BGR.py", line 273, in <module>
    main()
    ~~~~^^
  File "/home/pi/pi_trigger_2pics_BGR.py", line 155, in main
    udp_sock = setup_multicast_socket()
  File "/home/pi/pi_trigger_2pics_BGR.py", line 125, in setup_multicast_socket
    iface_ip = _get_default_ip()
  File "/home/pi/pi_trigger_2pics_BGR.py", line 120, in _get_default_ip
    tmp.connect(("192.168.178.5", 80))
    ~~~~~~~~~~~^^^^^^^^^^^^^^^^^^^^^^^
OSError: [Errno 101] Network is unreachable
Traceback (most recent call last):
  File "/home/pi/pi_trigger_2pics_BGR.py", line 273, in <module>
    main()
    ~~~~^^
  File "/home/pi/pi_trigger_2pics_BGR.py", line 155, in main
    udp_sock = setup_multicast_socket()
  File "/home/pi/pi_trigger_2pics_BGR.py", line 125, in setup_multicast_socket
    iface_ip = _get_default_ip()
  File "/home/pi/pi_trigger_2pics_BGR.py", line 120, in _get_default_ip
    tmp.connect(("192.168.178.5", 80))
    ~~~~~~~~~~~^^^^^^^^^^^^^^^^^^^^^^^
OSError: [Errno 101] Network is unreachable
Traceback (most recent call last):
  File "/home/pi/pi_trigger_2pics_BGR.py", line 273, in <module>
    main()
    ~~~~^^
  File "/home/pi/pi_trigger_2pics_BGR.py", line 155, in main
    udp_sock = setup_multicast_socket()
  File "/home/pi/pi_trigger_2pics_BGR.py", line 125, in setup_multicast_socket
    iface_ip = _get_default_ip()
  File "/home/pi/pi_trigger_2pics_BGR.py", line 120, in _get_default_ip
    tmp.connect(("192.168.178.5", 80))
    ~~~~~~~~~~~^^^^^^^^^^^^^^^^^^^^^^^
OSError: [Errno 101] Network is unreachable
Traceback (most recent call last):
  File "/home/pi/pi_trigger_2pics_BGR.py", line 273, in <module>
    main()
    ~~~~^^
  File "/home/pi/pi_trigger_2pics_BGR.py", line 155, in main
    udp_sock = setup_multicast_socket()
  File "/home/pi/pi_trigger_2pics_BGR.py", line 125, in setup_multicast_socket
    iface_ip = _get_default_ip()
  File "/home/pi/pi_trigger_2pics_BGR.py", line 120, in _get_default_ip
    tmp.connect(("192.168.178.5", 80))
    ~~~~~~~~~~~^^^^^^^^^^^^^^^^^^^^^^^
OSError: [Errno 101] Network is unreachable
Traceback (most recent call last):
  File "/home/pi/pi_trigger_2pics_BGR.py", line 273, in <module>
    main()
    ~~~~^^
  File "/home/pi/pi_trigger_2pics_BGR.py", line 155, in main
    udp_sock = setup_multicast_socket()
  File "/home/pi/pi_trigger_2pics_BGR.py", line 125, in setup_multicast_socket
    iface_ip = _get_default_ip()
  File "/home/pi/pi_trigger_2pics_BGR.py", line 120, in _get_default_ip
    tmp.connect(("192.168.178.5", 80))
    ~~~~~~~~~~~^^^^^^^^^^^^^^^^^^^^^^^
OSError: [Errno 101] Network is unreachable
Traceback (most recent call last):
  File "/home/pi/pi_trigger_2pics_BGR.py", line 273, in <module>
    main()
    ~~~~^^
  File "/home/pi/pi_trigger_2pics_BGR.py", line 155, in main
    udp_sock = setup_multicast_socket()
  File "/home/pi/pi_trigger_2pics_BGR.py", line 125, in setup_multicast_socket
    iface_ip = _get_default_ip()
  File "/home/pi/pi_trigger_2pics_BGR.py", line 120, in _get_default_ip
    tmp.connect(("192.168.178.5", 80))
    ~~~~~~~~~~~^^^^^^^^^^^^^^^^^^^^^^^
OSError: [Errno 101] Network is unreachable
Traceback (most recent call last):
  File "/home/pi/pi_trigger_2pics_BGR.py", line 273, in <module>
    main()
    ~~~~^^
  File "/home/pi/pi_trigger_2pics_BGR.py", line 155, in main
    udp_sock = setup_multicast_socket()
  File "/home/pi/pi_trigger_2pics_BGR.py", line 125, in setup_multicast_socket
    iface_ip = _get_default_ip()
  File "/home/pi/pi_trigger_2pics_BGR.py", line 120, in _get_default_ip
    tmp.connect(("192.168.178.5", 80))
    ~~~~~~~~~~~^^^^^^^^^^^^^^^^^^^^^^^
OSError: [Errno 101] Network is unreachable
Traceback (most recent call last):
  File "/home/pi/pi_trigger_2pics_BGR.py", line 273, in <module>
    main()
    ~~~~^^
  File "/home/pi/pi_trigger_2pics_BGR.py", line 155, in main
    udp_sock = setup_multicast_socket()
  File "/home/pi/pi_trigger_2pics_BGR.py", line 125, in setup_multicast_socket
    iface_ip = _get_default_ip()
  File "/home/pi/pi_trigger_2pics_BGR.py", line 120, in _get_default_ip
    tmp.connect(("192.168.178.5", 80))
    ~~~~~~~~~~~^^^^^^^^^^^^^^^^^^^^^^^
OSError: [Errno 101] Network is unreachable
Traceback (most recent call last):
  File "/home/pi/pi_trigger_2pics_BGR.py", line 273, in <module>
    main()
    ~~~~^^
  File "/home/pi/pi_trigger_2pics_BGR.py", line 155, in main
    udp_sock = setup_multicast_socket()
  File "/home/pi/pi_trigger_2pics_BGR.py", line 125, in setup_multicast_socket
    iface_ip = _get_default_ip()
  File "/home/pi/pi_trigger_2pics_BGR.py", line 120, in _get_default_ip
    tmp.connect(("192.168.178.5", 80))
    ~~~~~~~~~~~^^^^^^^^^^^^^^^^^^^^^^^
OSError: [Errno 101] Network is unreachable
Traceback (most recent call last):
  File "/home/pi/pi_trigger_2pics_BGR.py", line 273, in <module>
    main()
    ~~~~^^
  File "/home/pi/pi_trigger_2pics_BGR.py", line 155, in main
    udp_sock = setup_multicast_socket()
  File "/home/pi/pi_trigger_2pics_BGR.py", line 125, in setup_multicast_socket
    iface_ip = _get_default_ip()
  File "/home/pi/pi_trigger_2pics_BGR.py", line 120, in _get_default_ip
    tmp.connect(("192.168.178.5", 80))
    ~~~~~~~~~~~^^^^^^^^^^^^^^^^^^^^^^^
OSError: [Errno 101] Network is unreachable
Traceback (most recent call last):
  File "/home/pi/pi_trigger_2pics_BGR.py", line 273, in <module>
    main()
    ~~~~^^
  File "/home/pi/pi_trigger_2pics_BGR.py", line 155, in main
    udp_sock = setup_multicast_socket()
  File "/home/pi/pi_trigger_2pics_BGR.py", line 125, in setup_multicast_socket
    iface_ip = _get_default_ip()
  File "/home/pi/pi_trigger_2pics_BGR.py", line 120, in _get_default_ip
    tmp.connect(("192.168.178.5", 80))
    ~~~~~~~~~~~^^^^^^^^^^^^^^^^^^^^^^^
OSError: [Errno 101] Network is unreachable
Traceback (most recent call last):
  File "/home/pi/pi_trigger_2pics_BGR.py", line 273, in <module>
    main()
    ~~~~^^
  File "/home/pi/pi_trigger_2pics_BGR.py", line 155, in main
    udp_sock = setup_multicast_socket()
  File "/home/pi/pi_trigger_2pics_BGR.py", line 125, in setup_multicast_socket
    iface_ip = _get_default_ip()
  File "/home/pi/pi_trigger_2pics_BGR.py", line 120, in _get_default_ip
    tmp.connect(("192.168.178.5", 80))
    ~~~~~~~~~~~^^^^^^^^^^^^^^^^^^^^^^^
OSError: [Errno 101] Network is unreachable
Traceback (most recent call last):
  File "/home/pi/pi_trigger_2pics_BGR.py", line 273, in <module>
    main()
    ~~~~^^
  File "/home/pi/pi_trigger_2pics_BGR.py", line 155, in main
    udp_sock = setup_multicast_socket()
  File "/home/pi/pi_trigger_2pics_BGR.py", line 125, in setup_multicast_socket
    iface_ip = _get_default_ip()
  File "/home/pi/pi_trigger_2pics_BGR.py", line 120, in _get_default_ip
    tmp.connect(("192.168.178.5", 80))
    ~~~~~~~~~~~^^^^^^^^^^^^^^^^^^^^^^^
OSError: [Errno 101] Network is unreachable
Traceback (most recent call last):
  File "/home/pi/pi_trigger_2pics_BGR.py", line 273, in <module>
    main()
    ~~~~^^
  File "/home/pi/pi_trigger_2pics_BGR.py", line 155, in main
    udp_sock = setup_multicast_socket()
  File "/home/pi/pi_trigger_2pics_BGR.py", line 125, in setup_multicast_socket
    iface_ip = _get_default_ip()
  File "/home/pi/pi_trigger_2pics_BGR.py", line 120, in _get_default_ip
    tmp.connect(("192.168.178.5", 80))
    ~~~~~~~~~~~^^^^^^^^^^^^^^^^^^^^^^^
OSError: [Errno 101] Network is unreachable
Traceback (most recent call last):
  File "/home/pi/pi_trigger_2pics_BGR.py", line 273, in <module>
    main()
    ~~~~^^
  File "/home/pi/pi_trigger_2pics_BGR.py", line 155, in main
    udp_sock = setup_multicast_socket()
  File "/home/pi/pi_trigger_2pics_BGR.py", line 125, in setup_multicast_socket
    iface_ip = _get_default_ip()
  File "/home/pi/pi_trigger_2pics_BGR.py", line 120, in _get_default_ip
    tmp.connect(("192.168.178.5", 80))
    ~~~~~~~~~~~^^^^^^^^^^^^^^^^^^^^^^^
OSError: [Errno 101] Network is unreachable
Traceback (most recent call last):
  File "/home/pi/pi_trigger_2pics_BGR.py", line 273, in <module>
    main()
    ~~~~^^
  File "/home/pi/pi_trigger_2pics_BGR.py", line 155, in main
    udp_sock = setup_multicast_socket()
  File "/home/pi/pi_trigger_2pics_BGR.py", line 125, in setup_multicast_socket
    iface_ip = _get_default_ip()
  File "/home/pi/pi_trigger_2pics_BGR.py", line 120, in _get_default_ip
    tmp.connect(("192.168.178.5", 80))
    ~~~~~~~~~~~^^^^^^^^^^^^^^^^^^^^^^^
OSError: [Errno 101] Network is unreachable
Traceback (most recent call last):
  File "/home/pi/pi_trigger_2pics_BGR.py", line 273, in <module>
    main()
    ~~~~^^
  File "/home/pi/pi_trigger_2pics_BGR.py", line 155, in main
    udp_sock = setup_multicast_socket()
  File "/home/pi/pi_trigger_2pics_BGR.py", line 125, in setup_multicast_socket
    iface_ip = _get_default_ip()
  File "/home/pi/pi_trigger_2pics_BGR.py", line 120, in _get_default_ip
    tmp.connect(("192.168.178.5", 80))
    ~~~~~~~~~~~^^^^^^^^^^^^^^^^^^^^^^^
OSError: [Errno 101] Network is unreachable
Traceback (most recent call last):
  File "/home/pi/pi_trigger_2pics_BGR.py", line 273, in <module>
    main()
    ~~~~^^
  File "/home/pi/pi_trigger_2pics_BGR.py", line 155, in main
    udp_sock = setup_multicast_socket()
  File "/home/pi/pi_trigger_2pics_BGR.py", line 125, in setup_multicast_socket
    iface_ip = _get_default_ip()
  File "/home/pi/pi_trigger_2pics_BGR.py", line 120, in _get_default_ip
    tmp.connect(("192.168.178.5", 80))
    ~~~~~~~~~~~^^^^^^^^^^^^^^^^^^^^^^^
OSError: [Errno 101] Network is unreachable
Traceback (most recent call last):
  File "/home/pi/pi_trigger_2pics_BGR.py", line 273, in <module>
    main()
    ~~~~^^
  File "/home/pi/pi_trigger_2pics_BGR.py", line 155, in main
    udp_sock = setup_multicast_socket()
  File "/home/pi/pi_trigger_2pics_BGR.py", line 125, in setup_multicast_socket
    iface_ip = _get_default_ip()
  File "/home/pi/pi_trigger_2pics_BGR.py", line 120, in _get_default_ip
    tmp.connect(("192.168.178.5", 80))
    ~~~~~~~~~~~^^^^^^^^^^^^^^^^^^^^^^^
OSError: [Errno 101] Network is unreachable
Traceback (most recent call last):
  File "/home/pi/pi_trigger_2pics_BGR.py", line 273, in <module>
    main()
    ~~~~^^
  File "/home/pi/pi_trigger_2pics_BGR.py", line 155, in main
    udp_sock = setup_multicast_socket()
  File "/home/pi/pi_trigger_2pics_BGR.py", line 125, in setup_multicast_socket
    iface_ip = _get_default_ip()
  File "/home/pi/pi_trigger_2pics_BGR.py", line 120, in _get_default_ip
    tmp.connect(("192.168.178.5", 80))
    ~~~~~~~~~~~^^^^^^^^^^^^^^^^^^^^^^^
OSError: [Errno 101] Network is unreachable
Traceback (most recent call last):
  File "/home/pi/pi_trigger_2pics_BGR.py", line 273, in <module>
    main()
    ~~~~^^
  File "/home/pi/pi_trigger_2pics_BGR.py", line 155, in main
    udp_sock = setup_multicast_socket()
  File "/home/pi/pi_trigger_2pics_BGR.py", line 125, in setup_multicast_socket
    iface_ip = _get_default_ip()
  File "/home/pi/pi_trigger_2pics_BGR.py", line 120, in _get_default_ip
    tmp.connect(("192.168.178.5", 80))
    ~~~~~~~~~~~^^^^^^^^^^^^^^^^^^^^^^^
OSError: [Errno 101] Network is unreachable
Traceback (most recent call last):
  File "/home/pi/pi_trigger_2pics_BGR.py", line 273, in <module>
    main()
    ~~~~^^
  File "/home/pi/pi_trigger_2pics_BGR.py", line 155, in main
    udp_sock = setup_multicast_socket()
  File "/home/pi/pi_trigger_2pics_BGR.py", line 125, in setup_multicast_socket
    iface_ip = _get_default_ip()
  File "/home/pi/pi_trigger_2pics_BGR.py", line 120, in _get_default_ip
    tmp.connect(("192.168.178.5", 80))
    ~~~~~~~~~~~^^^^^^^^^^^^^^^^^^^^^^^
OSError: [Errno 101] Network is unreachable
Traceback (most recent call last):
  File "/home/pi/pi_trigger_2pics_BGR.py", line 273, in <module>
    main()
    ~~~~^^
  File "/home/pi/pi_trigger_2pics_BGR.py", line 155, in main
    udp_sock = setup_multicast_socket()
  File "/home/pi/pi_trigger_2pics_BGR.py", line 125, in setup_multicast_socket
    iface_ip = _get_default_ip()
  File "/home/pi/pi_trigger_2pics_BGR.py", line 120, in _get_default_ip
    tmp.connect(("192.168.178.5", 80))
    ~~~~~~~~~~~^^^^^^^^^^^^^^^^^^^^^^^
OSError: [Errno 101] Network is unreachable
Traceback (most recent call last):
  File "/home/pi/pi_trigger_2pics_BGR.py", line 273, in <module>
    main()
    ~~~~^^
  File "/home/pi/pi_trigger_2pics_BGR.py", line 155, in main
    udp_sock = setup_multicast_socket()
  File "/home/pi/pi_trigger_2pics_BGR.py", line 125, in setup_multicast_socket
    iface_ip = _get_default_ip()
  File "/home/pi/pi_trigger_2pics_BGR.py", line 120, in _get_default_ip
    tmp.connect(("192.168.178.5", 80))
    ~~~~~~~~~~~^^^^^^^^^^^^^^^^^^^^^^^
OSError: [Errno 101] Network is unreachable
Traceback (most recent call last):
  File "/home/pi/pi_trigger_2pics_BGR.py", line 273, in <module>
    main()
    ~~~~^^
  File "/home/pi/pi_trigger_2pics_BGR.py", line 155, in main
    udp_sock = setup_multicast_socket()
  File "/home/pi/pi_trigger_2pics_BGR.py", line 125, in setup_multicast_socket
    iface_ip = _get_default_ip()
  File "/home/pi/pi_trigger_2pics_BGR.py", line 120, in _get_default_ip
    tmp.connect(("192.168.178.5", 80))
    ~~~~~~~~~~~^^^^^^^^^^^^^^^^^^^^^^^
OSError: [Errno 101] Network is unreachable
Traceback (most recent call last):
  File "/home/pi/pi_trigger_2pics_BGR.py", line 273, in <module>
    main()
    ~~~~^^
  File "/home/pi/pi_trigger_2pics_BGR.py", line 155, in main
    udp_sock = setup_multicast_socket()
  File "/home/pi/pi_trigger_2pics_BGR.py", line 125, in setup_multicast_socket
    iface_ip = _get_default_ip()
  File "/home/pi/pi_trigger_2pics_BGR.py", line 120, in _get_default_ip
    tmp.connect(("192.168.178.5", 80))
    ~~~~~~~~~~~^^^^^^^^^^^^^^^^^^^^^^^
OSError: [Errno 101] Network is unreachable
Traceback (most recent call last):
  File "/home/pi/pi_trigger_2pics_BGR.py", line 273, in <module>
    main()
    ~~~~^^
  File "/home/pi/pi_trigger_2pics_BGR.py", line 155, in main
    udp_sock = setup_multicast_socket()
  File "/home/pi/pi_trigger_2pics_BGR.py", line 125, in setup_multicast_socket
    iface_ip = _get_default_ip()
  File "/home/pi/pi_trigger_2pics_BGR.py", line 120, in _get_default_ip
    tmp.connect(("192.168.178.5", 80))
    ~~~~~~~~~~~^^^^^^^^^^^^^^^^^^^^^^^
OSError: [Errno 101] Network is unreachable
Traceback (most recent call last):
  File "/home/pi/pi_trigger_2pics_BGR.py", line 273, in <module>
    main()
    ~~~~^^
  File "/home/pi/pi_trigger_2pics_BGR.py", line 155, in main
    udp_sock = setup_multicast_socket()
  File "/home/pi/pi_trigger_2pics_BGR.py", line 125, in setup_multicast_socket
    iface_ip = _get_default_ip()
  File "/home/pi/pi_trigger_2pics_BGR.py", line 120, in _get_default_ip
    tmp.connect(("192.168.178.5", 80))
    ~~~~~~~~~~~^^^^^^^^^^^^^^^^^^^^^^^
OSError: [Errno 101] Network is unreachable
Traceback (most recent call last):
  File "/home/pi/pi_trigger_2pics_BGR.py", line 273, in <module>
    main()
    ~~~~^^
  File "/home/pi/pi_trigger_2pics_BGR.py", line 155, in main
    udp_sock = setup_multicast_socket()
  File "/home/pi/pi_trigger_2pics_BGR.py", line 125, in setup_multicast_socket
    iface_ip = _get_default_ip()
  File "/home/pi/pi_trigger_2pics_BGR.py", line 120, in _get_default_ip
    tmp.connect(("192.168.178.5", 80))
    ~~~~~~~~~~~^^^^^^^^^^^^^^^^^^^^^^^
OSError: [Errno 101] Network is unreachable
Traceback (most recent call last):
  File "/home/pi/pi_trigger_2pics_BGR.py", line 273, in <module>
    main()
    ~~~~^^
  File "/home/pi/pi_trigger_2pics_BGR.py", line 155, in main
    udp_sock = setup_multicast_socket()
  File "/home/pi/pi_trigger_2pics_BGR.py", line 125, in setup_multicast_socket
    iface_ip = _get_default_ip()
  File "/home/pi/pi_trigger_2pics_BGR.py", line 120, in _get_default_ip
    tmp.connect(("192.168.178.5", 80))
    ~~~~~~~~~~~^^^^^^^^^^^^^^^^^^^^^^^
OSError: [Errno 101] Network is unreachable
Traceback (most recent call last):
  File "/home/pi/pi_trigger_2pics_BGR.py", line 273, in <module>
    main()
    ~~~~^^
  File "/home/pi/pi_trigger_2pics_BGR.py", line 155, in main
    udp_sock = setup_multicast_socket()
  File "/home/pi/pi_trigger_2pics_BGR.py", line 125, in setup_multicast_socket
    iface_ip = _get_default_ip()
  File "/home/pi/pi_trigger_2pics_BGR.py", line 120, in _get_default_ip
    tmp.connect(("192.168.178.5", 80))
    ~~~~~~~~~~~^^^^^^^^^^^^^^^^^^^^^^^
OSError: [Errno 101] Network is unreachable
Traceback (most recent call last):
  File "/home/pi/pi_trigger_2pics_BGR.py", line 273, in <module>
    main()
    ~~~~^^
  File "/home/pi/pi_trigger_2pics_BGR.py", line 155, in main
    udp_sock = setup_multicast_socket()
  File "/home/pi/pi_trigger_2pics_BGR.py", line 125, in setup_multicast_socket
    iface_ip = _get_default_ip()
  File "/home/pi/pi_trigger_2pics_BGR.py", line 120, in _get_default_ip
    tmp.connect(("192.168.178.5", 80))
    ~~~~~~~~~~~^^^^^^^^^^^^^^^^^^^^^^^
OSError: [Errno 101] Network is unreachable
Traceback (most recent call last):
  File "/home/pi/pi_trigger_2pics_BGR.py", line 273, in <module>
    main()
    ~~~~^^
  File "/home/pi/pi_trigger_2pics_BGR.py", line 155, in main
    udp_sock = setup_multicast_socket()
  File "/home/pi/pi_trigger_2pics_BGR.py", line 125, in setup_multicast_socket
    iface_ip = _get_default_ip()
  File "/home/pi/pi_trigger_2pics_BGR.py", line 120, in _get_default_ip
    tmp.connect(("192.168.178.5", 80))
    ~~~~~~~~~~~^^^^^^^^^^^^^^^^^^^^^^^
OSError: [Errno 101] Network is unreachable
Traceback (most recent call last):
  File "/home/pi/pi_trigger_2pics_BGR.py", line 273, in <module>
    main()
    ~~~~^^
  File "/home/pi/pi_trigger_2pics_BGR.py", line 155, in main
    udp_sock = setup_multicast_socket()
  File "/home/pi/pi_trigger_2pics_BGR.py", line 125, in setup_multicast_socket
    iface_ip = _get_default_ip()
  File "/home/pi/pi_trigger_2pics_BGR.py", line 120, in _get_default_ip
    tmp.connect(("192.168.178.5", 80))
    ~~~~~~~~~~~^^^^^^^^^^^^^^^^^^^^^^^
OSError: [Errno 101] Network is unreachable
Traceback (most recent call last):
  File "/home/pi/pi_trigger_2pics_BGR.py", line 273, in <module>
    main()
    ~~~~^^
  File "/home/pi/pi_trigger_2pics_BGR.py", line 155, in main
    udp_sock = setup_multicast_socket()
  File "/home/pi/pi_trigger_2pics_BGR.py", line 125, in setup_multicast_socket
    iface_ip = _get_default_ip()
  File "/home/pi/pi_trigger_2pics_BGR.py", line 120, in _get_default_ip
    tmp.connect(("192.168.178.5", 80))
    ~~~~~~~~~~~^^^^^^^^^^^^^^^^^^^^^^^
OSError: [Errno 101] Network is unreachable
Traceback (most recent call last):
  File "/home/pi/pi_trigger_2pics_BGR.py", line 273, in <module>
    main()
    ~~~~^^
  File "/home/pi/pi_trigger_2pics_BGR.py", line 155, in main
    udp_sock = setup_multicast_socket()
  File "/home/pi/pi_trigger_2pics_BGR.py", line 125, in setup_multicast_socket
    iface_ip = _get_default_ip()
  File "/home/pi/pi_trigger_2pics_BGR.py", line 120, in _get_default_ip
    tmp.connect(("192.168.178.5", 80))
    ~~~~~~~~~~~^^^^^^^^^^^^^^^^^^^^^^^
OSError: [Errno 101] Network is unreachable
Traceback (most recent call last):
  File "/home/pi/pi_trigger_2pics_BGR.py", line 273, in <module>
    main()
    ~~~~^^
  File "/home/pi/pi_trigger_2pics_BGR.py", line 155, in main
    udp_sock = setup_multicast_socket()
  File "/home/pi/pi_trigger_2pics_BGR.py", line 125, in setup_multicast_socket
    iface_ip = _get_default_ip()
  File "/home/pi/pi_trigger_2pics_BGR.py", line 120, in _get_default_ip
    tmp.connect(("192.168.178.5", 80))
    ~~~~~~~~~~~^^^^^^^^^^^^^^^^^^^^^^^
OSError: [Errno 101] Network is unreachable
Traceback (most recent call last):
  File "/home/pi/pi_trigger_2pics_BGR.py", line 273, in <module>
    main()
    ~~~~^^
  File "/home/pi/pi_trigger_2pics_BGR.py", line 155, in main
    udp_sock = setup_multicast_socket()
  File "/home/pi/pi_trigger_2pics_BGR.py", line 125, in setup_multicast_socket
    iface_ip = _get_default_ip()
  File "/home/pi/pi_trigger_2pics_BGR.py", line 120, in _get_default_ip
    tmp.connect(("192.168.178.5", 80))
    ~~~~~~~~~~~^^^^^^^^^^^^^^^^^^^^^^^
OSError: [Errno 101] Network is unreachable
Traceback (most recent call last):
  File "/home/pi/pi_trigger_2pics_BGR.py", line 273, in <module>
    main()
    ~~~~^^
  File "/home/pi/pi_trigger_2pics_BGR.py", line 155, in main
    udp_sock = setup_multicast_socket()
  File "/home/pi/pi_trigger_2pics_BGR.py", line 125, in setup_multicast_socket
    iface_ip = _get_default_ip()
  File "/home/pi/pi_trigger_2pics_BGR.py", line 120, in _get_default_ip
    tmp.connect(("192.168.178.5", 80))
    ~~~~~~~~~~~^^^^^^^^^^^^^^^^^^^^^^^
OSError: [Errno 101] Network is unreachable
Traceback (most recent call last):
  File "/home/pi/pi_trigger_2pics_BGR.py", line 273, in <module>
    main()
    ~~~~^^
  File "/home/pi/pi_trigger_2pics_BGR.py", line 155, in main
    udp_sock = setup_multicast_socket()
  File "/home/pi/pi_trigger_2pics_BGR.py", line 125, in setup_multicast_socket
    iface_ip = _get_default_ip()
  File "/home/pi/pi_trigger_2pics_BGR.py", line 120, in _get_default_ip
    tmp.connect(("192.168.178.5", 80))
    ~~~~~~~~~~~^^^^^^^^^^^^^^^^^^^^^^^
OSError: [Errno 101] Network is unreachable
Traceback (most recent call last):
  File "/home/pi/pi_trigger_2pics_BGR.py", line 273, in <module>
    main()
    ~~~~^^
  File "/home/pi/pi_trigger_2pics_BGR.py", line 155, in main
    udp_sock = setup_multicast_socket()
  File "/home/pi/pi_trigger_2pics_BGR.py", line 125, in setup_multicast_socket
    iface_ip = _get_default_ip()
  File "/home/pi/pi_trigger_2pics_BGR.py", line 120, in _get_default_ip
    tmp.connect(("192.168.178.5", 80))
    ~~~~~~~~~~~^^^^^^^^^^^^^^^^^^^^^^^
OSError: [Errno 101] Network is unreachable
Traceback (most recent call last):
  File "/home/pi/pi_trigger_2pics_BGR.py", line 273, in <module>
    main()
    ~~~~^^
  File "/home/pi/pi_trigger_2pics_BGR.py", line 155, in main
    udp_sock = setup_multicast_socket()
  File "/home/pi/pi_trigger_2pics_BGR.py", line 125, in setup_multicast_socket
    iface_ip = _get_default_ip()
  File "/home/pi/pi_trigger_2pics_BGR.py", line 120, in _get_default_ip
    tmp.connect(("192.168.178.5", 80))
    ~~~~~~~~~~~^^^^^^^^^^^^^^^^^^^^^^^
OSError: [Errno 101] Network is unreachable
Traceback (most recent call last):
  File "/home/pi/pi_trigger_2pics_BGR.py", line 273, in <module>
    main()
    ~~~~^^
  File "/home/pi/pi_trigger_2pics_BGR.py", line 155, in main
    udp_sock = setup_multicast_socket()
  File "/home/pi/pi_trigger_2pics_BGR.py", line 125, in setup_multicast_socket
    iface_ip = _get_default_ip()
  File "/home/pi/pi_trigger_2pics_BGR.py", line 120, in _get_default_ip
    tmp.connect(("192.168.178.5", 80))
    ~~~~~~~~~~~^^^^^^^^^^^^^^^^^^^^^^^
OSError: [Errno 101] Network is unreachable
Traceback (most recent call last):
  File "/home/pi/pi_trigger_2pics_BGR.py", line 273, in <module>
    main()
    ~~~~^^
  File "/home/pi/pi_trigger_2pics_BGR.py", line 155, in main
    udp_sock = setup_multicast_socket()
  File "/home/pi/pi_trigger_2pics_BGR.py", line 125, in setup_multicast_socket
    iface_ip = _get_default_ip()
  File "/home/pi/pi_trigger_2pics_BGR.py", line 120, in _get_default_ip
    tmp.connect(("192.168.178.5", 80))
    ~~~~~~~~~~~^^^^^^^^^^^^^^^^^^^^^^^
OSError: [Errno 101] Network is unreachable
Traceback (most recent call last):
  File "/home/pi/pi_trigger_2pics_BGR.py", line 273, in <module>
    main()
    ~~~~^^
  File "/home/pi/pi_trigger_2pics_BGR.py", line 155, in main
    udp_sock = setup_multicast_socket()
  File "/home/pi/pi_trigger_2pics_BGR.py", line 125, in setup_multicast_socket
    iface_ip = _get_default_ip()
  File "/home/pi/pi_trigger_2pics_BGR.py", line 120, in _get_default_ip
    tmp.connect(("192.168.178.5", 80))
    ~~~~~~~~~~~^^^^^^^^^^^^^^^^^^^^^^^
OSError: [Errno 101] Network is unreachable
Traceback (most recent call last):
  File "/home/pi/pi_trigger_2pics_BGR.py", line 273, in <module>
    main()
    ~~~~^^
  File "/home/pi/pi_trigger_2pics_BGR.py", line 155, in main
    udp_sock = setup_multicast_socket()
  File "/home/pi/pi_trigger_2pics_BGR.py", line 125, in setup_multicast_socket
    iface_ip = _get_default_ip()
  File "/home/pi/pi_trigger_2pics_BGR.py", line 120, in _get_default_ip
    tmp.connect(("192.168.178.5", 80))
    ~~~~~~~~~~~^^^^^^^^^^^^^^^^^^^^^^^
OSError: [Errno 101] Network is unreachable
Traceback (most recent call last):
  File "/home/pi/pi_trigger_2pics_BGR.py", line 273, in <module>
    main()
    ~~~~^^
  File "/home/pi/pi_trigger_2pics_BGR.py", line 155, in main
    udp_sock = setup_multicast_socket()
  File "/home/pi/pi_trigger_2pics_BGR.py", line 125, in setup_multicast_socket
    iface_ip = _get_default_ip()
  File "/home/pi/pi_trigger_2pics_BGR.py", line 120, in _get_default_ip
    tmp.connect(("192.168.178.5", 80))
    ~~~~~~~~~~~^^^^^^^^^^^^^^^^^^^^^^^
OSError: [Errno 101] Network is unreachable
Traceback (most recent call last):
  File "/home/pi/pi_trigger_2pics_BGR.py", line 273, in <module>
    main()
    ~~~~^^
  File "/home/pi/pi_trigger_2pics_BGR.py", line 155, in main
    udp_sock = setup_multicast_socket()
  File "/home/pi/pi_trigger_2pics_BGR.py", line 125, in setup_multicast_socket
    iface_ip = _get_default_ip()
  File "/home/pi/pi_trigger_2pics_BGR.py", line 120, in _get_default_ip
    tmp.connect(("192.168.178.5", 80))
    ~~~~~~~~~~~^^^^^^^^^^^^^^^^^^^^^^^
OSError: [Errno 101] Network is unreachable
Traceback (most recent call last):
  File "/home/pi/pi_trigger_2pics_BGR.py", line 273, in <module>
    main()
    ~~~~^^
  File "/home/pi/pi_trigger_2pics_BGR.py", line 155, in main
    udp_sock = setup_multicast_socket()
  File "/home/pi/pi_trigger_2pics_BGR.py", line 125, in setup_multicast_socket
    iface_ip = _get_default_ip()
  File "/home/pi/pi_trigger_2pics_BGR.py", line 120, in _get_default_ip
    tmp.connect(("192.168.178.5", 80))
    ~~~~~~~~~~~^^^^^^^^^^^^^^^^^^^^^^^
OSError: [Errno 101] Network is unreachable
Traceback (most recent call last):
  File "/home/pi/pi_trigger_2pics_BGR.py", line 273, in <module>
    main()
    ~~~~^^
  File "/home/pi/pi_trigger_2pics_BGR.py", line 155, in main
    udp_sock = setup_multicast_socket()
  File "/home/pi/pi_trigger_2pics_BGR.py", line 125, in setup_multicast_socket
    iface_ip = _get_default_ip()
  File "/home/pi/pi_trigger_2pics_BGR.py", line 120, in _get_default_ip
    tmp.connect(("192.168.178.5", 80))
    ~~~~~~~~~~~^^^^^^^^^^^^^^^^^^^^^^^
OSError: [Errno 101] Network is unreachable
Traceback (most recent call last):
  File "/home/pi/pi_trigger_2pics_BGR.py", line 273, in <module>
    main()
    ~~~~^^
  File "/home/pi/pi_trigger_2pics_BGR.py", line 155, in main
    udp_sock = setup_multicast_socket()
  File "/home/pi/pi_trigger_2pics_BGR.py", line 125, in setup_multicast_socket
    iface_ip = _get_default_ip()
  File "/home/pi/pi_trigger_2pics_BGR.py", line 120, in _get_default_ip
    tmp.connect(("192.168.178.5", 80))
    ~~~~~~~~~~~^^^^^^^^^^^^^^^^^^^^^^^
OSError: [Errno 101] Network is unreachable
Traceback (most recent call last):
  File "/home/pi/pi_trigger_2pics_BGR.py", line 273, in <module>
    main()
    ~~~~^^
  File "/home/pi/pi_trigger_2pics_BGR.py", line 155, in main
    udp_sock = setup_multicast_socket()
  File "/home/pi/pi_trigger_2pics_BGR.py", line 125, in setup_multicast_socket
    iface_ip = _get_default_ip()
  File "/home/pi/pi_trigger_2pics_BGR.py", line 120, in _get_default_ip
    tmp.connect(("192.168.178.5", 80))
    ~~~~~~~~~~~^^^^^^^^^^^^^^^^^^^^^^^
OSError: [Errno 101] Network is unreachable
Traceback (most recent call last):
  File "/home/pi/pi_trigger_2pics_BGR.py", line 273, in <module>
    main()
    ~~~~^^
  File "/home/pi/pi_trigger_2pics_BGR.py", line 155, in main
    udp_sock = setup_multicast_socket()
  File "/home/pi/pi_trigger_2pics_BGR.py", line 125, in setup_multicast_socket
    iface_ip = _get_default_ip()
  File "/home/pi/pi_trigger_2pics_BGR.py", line 120, in _get_default_ip
    tmp.connect(("192.168.178.5", 80))
    ~~~~~~~~~~~^^^^^^^^^^^^^^^^^^^^^^^
OSError: [Errno 101] Network is unreachable
Traceback (most recent call last):
  File "/home/pi/pi_trigger_2pics_BGR.py", line 273, in <module>
    main()
    ~~~~^^
  File "/home/pi/pi_trigger_2pics_BGR.py", line 155, in main
    udp_sock = setup_multicast_socket()
  File "/home/pi/pi_trigger_2pics_BGR.py", line 125, in setup_multicast_socket
    iface_ip = _get_default_ip()
  File "/home/pi/pi_trigger_2pics_BGR.py", line 120, in _get_default_ip
    tmp.connect(("192.168.178.5", 80))
    ~~~~~~~~~~~^^^^^^^^^^^^^^^^^^^^^^^
OSError: [Errno 101] Network is unreachable
Traceback (most recent call last):
  File "/home/pi/pi_trigger_2pics_BGR.py", line 273, in <module>
    main()
    ~~~~^^
  File "/home/pi/pi_trigger_2pics_BGR.py", line 155, in main
    udp_sock = setup_multicast_socket()
  File "/home/pi/pi_trigger_2pics_BGR.py", line 125, in setup_multicast_socket
    iface_ip = _get_default_ip()
  File "/home/pi/pi_trigger_2pics_BGR.py", line 120, in _get_default_ip
    tmp.connect(("192.168.178.5", 80))
    ~~~~~~~~~~~^^^^^^^^^^^^^^^^^^^^^^^
OSError: [Errno 101] Network is unreachable
Traceback (most recent call last):
  File "/home/pi/pi_trigger_2pics_BGR.py", line 273, in <module>
    main()
    ~~~~^^
  File "/home/pi/pi_trigger_2pics_BGR.py", line 155, in main
    udp_sock = setup_multicast_socket()
  File "/home/pi/pi_trigger_2pics_BGR.py", line 125, in setup_multicast_socket
    iface_ip = _get_default_ip()
  File "/home/pi/pi_trigger_2pics_BGR.py", line 120, in _get_default_ip
    tmp.connect(("192.168.178.5", 80))
    ~~~~~~~~~~~^^^^^^^^^^^^^^^^^^^^^^^
OSError: [Errno 101] Network is unreachable
Traceback (most recent call last):
  File "/home/pi/pi_trigger_2pics_BGR.py", line 273, in <module>
    main()
    ~~~~^^
  File "/home/pi/pi_trigger_2pics_BGR.py", line 155, in main
    udp_sock = setup_multicast_socket()
  File "/home/pi/pi_trigger_2pics_BGR.py", line 125, in setup_multicast_socket
    iface_ip = _get_default_ip()
  File "/home/pi/pi_trigger_2pics_BGR.py", line 120, in _get_default_ip
    tmp.connect(("192.168.178.5", 80))
    ~~~~~~~~~~~^^^^^^^^^^^^^^^^^^^^^^^
OSError: [Errno 101] Network is unreachable
                                                                                                                                                                                                                                                                                                                                                                                                                                                                                                                                                                                                                                                                                                                                                                                                                                                                                                                                                                                                                                                                                                                                                                                                                                                                                                                                                                                                                                                                                                                                                                                                       Traceback (most recent call last):
  File "/home/pi/pi_trigger_2pics_BGR.py", line 273, in <module>
    main()
    ~~~~^^
  File "/home/pi/pi_trigger_2pics_BGR.py", line 155, in main
    udp_sock = setup_multicast_socket()
  File "/home/pi/pi_trigger_2pics_BGR.py", line 125, in setup_multicast_socket
    iface_ip = _get_default_ip()
  File "/home/pi/pi_trigger_2pics_BGR.py", line 120, in _get_default_ip
    tmp.connect(("192.168.178.5", 80))
    ~~~~~~~~~~~^^^^^^^^^^^^^^^^^^^^^^^
OSError: [Errno 101] Network is unreachable
Traceback (most recent call last):
  File "/home/pi/pi_trigger_2pics_BGR.py", line 273, in <module>
    main()
    ~~~~^^
  File "/home/pi/pi_trigger_2pics_BGR.py", line 155, in main
    udp_sock = setup_multicast_socket()
  File "/home/pi/pi_trigger_2pics_BGR.py", line 125, in setup_multicast_socket
    iface_ip = _get_default_ip()
  File "/home/pi/pi_trigger_2pics_BGR.py", line 120, in _get_default_ip
    tmp.connect(("192.168.178.5", 80))
    ~~~~~~~~~~~^^^^^^^^^^^^^^^^^^^^^^^
OSError: [Errno 101] Network is unreachable
Traceback (most recent call last):
  File "/home/pi/pi_trigger_2pics_BGR.py", line 273, in <module>
    main()
    ~~~~^^
  File "/home/pi/pi_trigger_2pics_BGR.py", line 155, in main
    udp_sock = setup_multicast_socket()
  File "/home/pi/pi_trigger_2pics_BGR.py", line 125, in setup_multicast_socket
    iface_ip = _get_default_ip()
  File "/home/pi/pi_trigger_2pics_BGR.py", line 120, in _get_default_ip
    tmp.connect(("192.168.178.5", 80))
    ~~~~~~~~~~~^^^^^^^^^^^^^^^^^^^^^^^
OSError: [Errno 101] Network is unreachable
Traceback (most recent call last):
  File "/home/pi/pi_trigger_2pics_BGR.py", line 273, in <module>
    main()
    ~~~~^^
  File "/home/pi/pi_trigger_2pics_BGR.py", line 155, in main
    udp_sock = setup_multicast_socket()
  File "/home/pi/pi_trigger_2pics_BGR.py", line 125, in setup_multicast_socket
    iface_ip = _get_default_ip()
  File "/home/pi/pi_trigger_2pics_BGR.py", line 120, in _get_default_ip
    tmp.connect(("192.168.178.5", 80))
    ~~~~~~~~~~~^^^^^^^^^^^^^^^^^^^^^^^
OSError: [Errno 101] Network is unreachable
Traceback (most recent call last):
  File "/home/pi/pi_trigger_2pics_BGR.py", line 273, in <module>
    main()
    ~~~~^^
  File "/home/pi/pi_trigger_2pics_BGR.py", line 155, in main
    udp_sock = setup_multicast_socket()
  File "/home/pi/pi_trigger_2pics_BGR.py", line 125, in setup_multicast_socket
    iface_ip = _get_default_ip()
  File "/home/pi/pi_trigger_2pics_BGR.py", line 120, in _get_default_ip
    tmp.connect(("192.168.178.5", 80))
    ~~~~~~~~~~~^^^^^^^^^^^^^^^^^^^^^^^
OSError: [Errno 101] Network is unreachable
Traceback (most recent call last):
  File "/home/pi/pi_trigger_2pics_BGR.py", line 273, in <module>
    main()
    ~~~~^^
  File "/home/pi/pi_trigger_2pics_BGR.py", line 155, in main
    udp_sock = setup_multicast_socket()
  File "/home/pi/pi_trigger_2pics_BGR.py", line 125, in setup_multicast_socket
    iface_ip = _get_default_ip()
  File "/home/pi/pi_trigger_2pics_BGR.py", line 120, in _get_default_ip
    tmp.connect(("192.168.178.5", 80))
    ~~~~~~~~~~~^^^^^^^^^^^^^^^^^^^^^^^
OSError: [Errno 101] Network is unreachable
[0:00:44.011095590] [1933] [1;32m INFO [1;37mCamera [1;34mcamera_manager.cpp:340 [0mlibcamera v0.6.0+rpt20251202
[0:00:44.019280941] [1984] [1;32m INFO [1;37mRPI [1;34mpisp.cpp:720 [0mlibpisp version 1.3.0
[0:00:44.021650144] [1984] [1;32m INFO [1;37mIPAProxy [1;34mipa_proxy.cpp:180 [0mUsing tuning file /usr/share/libcamera/ipa/rpi/pisp/imx477.json
[0:00:44.028357125] [1984] [1;32m INFO [1;37mCamera [1;34mcamera_manager.cpp:223 [0mAdding camera '/base/axi/pcie@1000120000/rp1/i2c@88000/imx477@1a' for pipeline handler rpi/pisp
[0:00:44.028386791] [1984] [1;32m INFO [1;37mRPI [1;34mpisp.cpp:1181 [0mRegistered camera /base/axi/pcie@1000120000/rp1/i2c@88000/imx477@1a to CFE device /dev/media1 and ISP device /dev/media2 using PiSP variant BCM2712_D0
[0:00:44.031287254] [1933] [1;32m INFO [1;37mCamera [1;34mcamera.cpp:1215 [0mconfiguring streams: (0) 4056x3040-BGR888/sRGB (1) 4056x3040-BGGR_PISP_COMP1/RAW
[0:00:44.031383569] [1984] [1;32m INFO [1;37mRPI [1;34mpisp.cpp:1485 [0mSensor: /base/axi/pcie@1000120000/rp1/i2c@88000/imx477@1a - Selected sensor format: 4056x3040-SBGGR12_1X12/RAW - Selected CFE format: 4056x3040-PC1B/RAW
[0:01:11.640585050] [2564] [1;32m INFO [1;37mCamera [1;34mcamera_manager.cpp:340 [0mlibcamera v0.6.0+rpt20251202
[0:01:11.648865993] [2582] [1;32m INFO [1;37mRPI [1;34mpisp.cpp:720 [0mlibpisp version 1.3.0
[0:01:11.651246549] [2582] [1;32m INFO [1;37mIPAProxy [1;34mipa_proxy.cpp:180 [0mUsing tuning file /usr/share/libcamera/ipa/rpi/pisp/imx477.json
[0:01:11.657999140] [2582] [1;32m INFO [1;37mCamera [1;34mcamera_manager.cpp:223 [0mAdding camera '/base/axi/pcie@1000120000/rp1/i2c@88000/imx477@1a' for pipeline handler rpi/pisp
[0:01:11.658027399] [2582] [1;32m INFO [1;37mRPI [1;34mpisp.cpp:1181 [0mRegistered camera /base/axi/pcie@1000120000/rp1/i2c@88000/imx477@1a to CFE device /dev/media1 and ISP device /dev/media2 using PiSP variant BCM2712_D0
[0:01:11.661049677] [2564] [1;32m INFO [1;37mCamera [1;34mcamera.cpp:1215 [0mconfiguring streams: (0) 4056x3040-BGR888/sRGB (1) 4056x3040-BGGR_PISP_COMP1/RAW
[0:01:11.661156232] [2582] [1;32m INFO [1;37mRPI [1;34mpisp.cpp:1485 [0mSensor: /base/axi/pcie@1000120000/rp1/i2c@88000/imx477@1a - Selected sensor format: 4056x3040-SBGGR12_1X12/RAW - Selected CFE format: 4056x3040-PC1B/RAW
[0:02:31.754248819] [4233] [1;32m INFO [1;37mCamera [1;34mcamera_manager.cpp:340 [0mlibcamera v0.6.0+rpt20251202
[0:02:31.762421211] [4250] [1;32m INFO [1;37mRPI [1;34mpisp.cpp:720 [0mlibpisp version 1.3.0
[0:02:31.764769976] [4250] [1;32m INFO [1;37mIPAProxy [1;34mipa_proxy.cpp:180 [0mUsing tuning file /usr/share/libcamera/ipa/rpi/pisp/imx477.json
[0:02:31.771465818] [4250] [1;32m INFO [1;37mCamera [1;34mcamera_manager.cpp:223 [0mAdding camera '/base/axi/pcie@1000120000/rp1/i2c@88000/imx477@1a' for pipeline handler rpi/pisp
[0:02:31.771493558] [4250] [1;32m INFO [1;37mRPI [1;34mpisp.cpp:1181 [0mRegistered camera /base/axi/pcie@1000120000/rp1/i2c@88000/imx477@1a to CFE device /dev/media1 and ISP device /dev/media2 using PiSP variant BCM2712_D0
[0:02:31.774440880] [4233] [1;32m INFO [1;37mCamera [1;34mcamera.cpp:1215 [0mconfiguring streams: (0) 4056x3040-BGR888/sRGB (1) 4056x3040-BGGR_PISP_COMP1/RAW
[0:02:31.774538932] [4250] [1;32m INFO [1;37mRPI [1;34mpisp.cpp:1485 [0mSensor: /base/axi/pcie@1000120000/rp1/i2c@88000/imx477@1a - Selected sensor format: 4056x3040-SBGGR12_1X12/RAW - Selected CFE format: 4056x3040-PC1B/RAW
[0:03:32.631666319] [5602] [1;32m INFO [1;37mCamera [1;34mcamera_manager.cpp:340 [0mlibcamera v0.6.0+rpt20251202
[0:03:32.639907742] [5620] [1;32m INFO [1;37mRPI [1;34mpisp.cpp:720 [0mlibpisp version 1.3.0
[0:03:32.642262371] [5620] [1;32m INFO [1;37mIPAProxy [1;34mipa_proxy.cpp:180 [0mUsing tuning file /usr/share/libcamera/ipa/rpi/pisp/imx477.json
[0:03:32.648943183] [5620] [1;32m INFO [1;37mCamera [1;34mcamera_manager.cpp:223 [0mAdding camera '/base/axi/pcie@1000120000/rp1/i2c@88000/imx477@1a' for pipeline handler rpi/pisp
[0:03:32.648970776] [5620] [1;32m INFO [1;37mRPI [1;34mpisp.cpp:1181 [0mRegistered camera /base/axi/pcie@1000120000/rp1/i2c@88000/imx477@1a to CFE device /dev/media1 and ISP device /dev/media2 using PiSP variant BCM2712_D0
[0:03:32.651802793] [5602] [1;32m INFO [1;37mCamera [1;34mcamera.cpp:1215 [0mconfiguring streams: (0) 4056x3040-BGR888/sRGB (1) 4056x3040-BGGR_PISP_COMP1/RAW
[0:03:32.651901886] [5620] [1;32m INFO [1;37mRPI [1;34mpisp.cpp:1485 [0mSensor: /base/axi/pcie@1000120000/rp1/i2c@88000/imx477@1a - Selected sensor format: 4056x3040-SBGGR12_1X12/RAW - Selected CFE format: 4056x3040-PC1B/RAW
[0:04:09.294638031] [6445] [1;32m INFO [1;37mCamera [1;34mcamera_manager.cpp:340 [0mlibcamera v0.6.0+rpt20251202
[0:04:09.302845018] [6463] [1;32m INFO [1;37mRPI [1;34mpisp.cpp:720 [0mlibpisp version 1.3.0
[0:04:09.305212933] [6463] [1;32m INFO [1;37mIPAProxy [1;34mipa_proxy.cpp:180 [0mUsing tuning file /usr/share/libcamera/ipa/rpi/pisp/imx477.json
[0:04:09.311958786] [6463] [1;32m INFO [1;37mCamera [1;34mcamera_manager.cpp:223 [0mAdding camera '/base/axi/pcie@1000120000/rp1/i2c@88000/imx477@1a' for pipeline handler rpi/pisp
[0:04:09.312027323] [6463] [1;32m INFO [1;37mRPI [1;34mpisp.cpp:1181 [0mRegistered camera /base/axi/pcie@1000120000/rp1/i2c@88000/imx477@1a to CFE device /dev/media1 and ISP device /dev/media2 using PiSP variant BCM2712_D0
[0:04:09.314809628] [6445] [1;32m INFO [1;37mCamera [1;34mcamera.cpp:1215 [0mconfiguring streams: (0) 4056x3040-BGR888/sRGB (1) 4056x3040-BGGR_PISP_COMP1/RAW
[0:04:09.314900202] [6463] [1;32m INFO [1;37mRPI [1;34mpisp.cpp:1485 [0mSensor: /base/axi/pcie@1000120000/rp1/i2c@88000/imx477@1a - Selected sensor format: 4056x3040-SBGGR12_1X12/RAW - Selected CFE format: 4056x3040-PC1B/RAW
Traceback (most recent call last):
  File "/home/pi/pi_trigger_2pics_BGR.py", line 273, in <module>
    main()
    ~~~~^^
  File "/home/pi/pi_trigger_2pics_BGR.py", line 155, in main
    udp_sock = setup_multicast_socket()
  File "/home/pi/pi_trigger_2pics_BGR.py", line 125, in setup_multicast_socket
    iface_ip = _get_default_ip()
  File "/home/pi/pi_trigger_2pics_BGR.py", line 120, in _get_default_ip
    tmp.connect(("192.168.178.5", 80))
    ~~~~~~~~~~~^^^^^^^^^^^^^^^^^^^^^^^
OSError: [Errno 101] Network is unreachable
Traceback (most recent call last):
  File "/home/pi/pi_trigger_2pics_BGR.py", line 273, in <module>
    main()
    ~~~~^^
  File "/home/pi/pi_trigger_2pics_BGR.py", line 155, in main
    udp_sock = setup_multicast_socket()
  File "/home/pi/pi_trigger_2pics_BGR.py", line 125, in setup_multicast_socket
    iface_ip = _get_default_ip()
  File "/home/pi/pi_trigger_2pics_BGR.py", line 120, in _get_default_ip
    tmp.connect(("192.168.178.5", 80))
    ~~~~~~~~~~~^^^^^^^^^^^^^^^^^^^^^^^
OSError: [Errno 101] Network is unreachable
Traceback (most recent call last):
  File "/home/pi/pi_trigger_2pics_BGR.py", line 273, in <module>
    main()
    ~~~~^^
  File "/home/pi/pi_trigger_2pics_BGR.py", line 155, in main
    udp_sock = setup_multicast_socket()
  File "/home/pi/pi_trigger_2pics_BGR.py", line 125, in setup_multicast_socket
    iface_ip = _get_default_ip()
  File "/home/pi/pi_trigger_2pics_BGR.py", line 120, in _get_default_ip
    tmp.connect(("192.168.178.5", 80))
    ~~~~~~~~~~~^^^^^^^^^^^^^^^^^^^^^^^
OSError: [Errno 101] Network is unreachable
Traceback (most recent call last):
  File "/home/pi/pi_trigger_2pics_BGR.py", line 273, in <module>
    main()
    ~~~~^^
  File "/home/pi/pi_trigger_2pics_BGR.py", line 155, in main
    udp_sock = setup_multicast_socket()
  File "/home/pi/pi_trigger_2pics_BGR.py", line 125, in setup_multicast_socket
    iface_ip = _get_default_ip()
  File "/home/pi/pi_trigger_2pics_BGR.py", line 120, in _get_default_ip
    tmp.connect(("192.168.178.5", 80))
    ~~~~~~~~~~~^^^^^^^^^^^^^^^^^^^^^^^
OSError: [Errno 101] Network is unreachable
Traceback (most recent call last):
  File "/home/pi/pi_trigger_2pics_BGR.py", line 273, in <module>
    main()
    ~~~~^^
  File "/home/pi/pi_trigger_2pics_BGR.py", line 155, in main
    udp_sock = setup_multicast_socket()
  File "/home/pi/pi_trigger_2pics_BGR.py", line 125, in setup_multicast_socket
    iface_ip = _get_default_ip()
  File "/home/pi/pi_trigger_2pics_BGR.py", line 120, in _get_default_ip
    tmp.connect(("192.168.178.5", 80))
    ~~~~~~~~~~~^^^^^^^^^^^^^^^^^^^^^^^
OSError: [Errno 101] Network is unreachable
Traceback (most recent call last):
  File "/home/pi/pi_trigger_2pics_BGR.py", line 273, in <module>
    main()
    ~~~~^^
  File "/home/pi/pi_trigger_2pics_BGR.py", line 155, in main
    udp_sock = setup_multicast_socket()
  File "/home/pi/pi_trigger_2pics_BGR.py", line 125, in setup_multicast_socket
    iface_ip = _get_default_ip()
  File "/home/pi/pi_trigger_2pics_BGR.py", line 120, in _get_default_ip
    tmp.connect(("192.168.178.5", 80))
    ~~~~~~~~~~~^^^^^^^^^^^^^^^^^^^^^^^
OSError: [Errno 101] Network is unreachable
Traceback (most recent call last):
  File "/home/pi/pi_trigger_2pics_BGR.py", line 273, in <module>
    main()
    ~~~~^^
  File "/home/pi/pi_trigger_2pics_BGR.py", line 155, in main
    udp_sock = setup_multicast_socket()
  File "/home/pi/pi_trigger_2pics_BGR.py", line 125, in setup_multicast_socket
    iface_ip = _get_default_ip()
  File "/home/pi/pi_trigger_2pics_BGR.py", line 120, in _get_default_ip
    tmp.connect(("192.168.178.5", 80))
    ~~~~~~~~~~~^^^^^^^^^^^^^^^^^^^^^^^
OSError: [Errno 101] Network is unreachable
[0:00:49.897827908] [2069] [1;32m INFO [1;37mCamera [1;34mcamera_manager.cpp:340 [0mlibcamera v0.6.0+rpt20251202
[0:00:49.906172240] [2087] [1;32m INFO [1;37mRPI [1;34mpisp.cpp:720 [0mlibpisp version 1.3.0
[0:00:49.908564703] [2087] [1;32m INFO [1;37mIPAProxy [1;34mipa_proxy.cpp:180 [0mUsing tuning file /usr/share/libcamera/ipa/rpi/pisp/imx477.json
[0:00:49.915280054] [2087] [1;32m INFO [1;37mCamera [1;34mcamera_manager.cpp:223 [0mAdding camera '/base/axi/pcie@1000120000/rp1/i2c@88000/imx477@1a' for pipeline handler rpi/pisp
[0:00:49.915304554] [2087] [1;32m INFO [1;37mRPI [1;34mpisp.cpp:1181 [0mRegistered camera /base/axi/pcie@1000120000/rp1/i2c@88000/imx477@1a to CFE device /dev/media0 and ISP device /dev/media2 using PiSP variant BCM2712_D0
[0:00:49.918215942] [2069] [1;32m INFO [1;37mCamera [1;34mcamera.cpp:1215 [0mconfiguring streams: (0) 4056x3040-BGR888/sRGB (1) 4056x3040-BGGR_PISP_COMP1/RAW
[0:00:49.918319090] [2087] [1;32m INFO [1;37mRPI [1;34mpisp.cpp:1485 [0mSensor: /base/axi/pcie@1000120000/rp1/i2c@88000/imx477@1a - Selected sensor format: 4056x3040-SBGGR12_1X12/RAW - Selected CFE format: 4056x3040-PC1B/RAW
[0:05:16.236626583] [7535] [1;32m INFO [1;37mCamera [1;34mcamera_manager.cpp:340 [0mlibcamera v0.6.0+rpt20251202
[0:05:16.244127105] [7551] [1;32m INFO [1;37mRPI [1;34mpisp.cpp:720 [0mlibpisp version 1.3.0
[0:05:16.246280117] [7551] [1;32m INFO [1;37mIPAProxy [1;34mipa_proxy.cpp:180 [0mUsing tuning file /usr/share/libcamera/ipa/rpi/pisp/imx477.json
[0:05:16.252396846] [7551] [1;32m INFO [1;37mCamera [1;34mcamera_manager.cpp:223 [0mAdding camera '/base/axi/pcie@1000120000/rp1/i2c@88000/imx477@1a' for pipeline handler rpi/pisp
[0:05:16.252422139] [7551] [1;32m INFO [1;37mRPI [1;34mpisp.cpp:1181 [0mRegistered camera /base/axi/pcie@1000120000/rp1/i2c@88000/imx477@1a to CFE device /dev/media0 and ISP device /dev/media2 using PiSP variant BCM2712_D0
[0:05:16.254980148] [7535] [1;32m INFO [1;37mCamera [1;34mcamera.cpp:1215 [0mconfiguring streams: (0) 4056x3040-BGR888/sRGB (1) 4056x3040-BGGR_PISP_COMP1/RAW
[0:05:16.255067197] [7551] [1;32m INFO [1;37mRPI [1;34mpisp.cpp:1485 [0mSensor: /base/axi/pcie@1000120000/rp1/i2c@88000/imx477@1a - Selected sensor format: 4056x3040-SBGGR12_1X12/RAW - Selected CFE format: 4056x3040-PC1B/RAW
Traceback (most recent call last):
  File "/home/pi/pi_trigger_2pics_BGR.py", line 273, in <module>
    main()
    ~~~~^^
  File "/home/pi/pi_trigger_2pics_BGR.py", line 155, in main
    udp_sock = setup_multicast_socket()
  File "/home/pi/pi_trigger_2pics_BGR.py", line 125, in setup_multicast_socket
    iface_ip = _get_default_ip()
  File "/home/pi/pi_trigger_2pics_BGR.py", line 120, in _get_default_ip
    tmp.connect(("192.168.178.5", 80))
    ~~~~~~~~~~~^^^^^^^^^^^^^^^^^^^^^^^
OSError: [Errno 101] Network is unreachable
Traceback (most recent call last):
  File "/home/pi/pi_trigger_2pics_BGR.py", line 273, in <module>
    main()
    ~~~~^^
  File "/home/pi/pi_trigger_2pics_BGR.py", line 155, in main
    udp_sock = setup_multicast_socket()
  File "/home/pi/pi_trigger_2pics_BGR.py", line 125, in setup_multicast_socket
    iface_ip = _get_default_ip()
  File "/home/pi/pi_trigger_2pics_BGR.py", line 120, in _get_default_ip
    tmp.connect(("192.168.178.5", 80))
    ~~~~~~~~~~~^^^^^^^^^^^^^^^^^^^^^^^
OSError: [Errno 101] Network is unreachable
Traceback (most recent call last):
  File "/home/pi/pi_trigger_2pics_BGR.py", line 273, in <module>
    main()
    ~~~~^^
  File "/home/pi/pi_trigger_2pics_BGR.py", line 155, in main
    udp_sock = setup_multicast_socket()
  File "/home/pi/pi_trigger_2pics_BGR.py", line 125, in setup_multicast_socket
    iface_ip = _get_default_ip()
  File "/home/pi/pi_trigger_2pics_BGR.py", line 120, in _get_default_ip
    tmp.connect(("192.168.178.5", 80))
    ~~~~~~~~~~~^^^^^^^^^^^^^^^^^^^^^^^
OSError: [Errno 101] Network is unreachable
Traceback (most recent call last):
  File "/home/pi/pi_trigger_2pics_BGR.py", line 273, in <module>
    main()
    ~~~~^^
  File "/home/pi/pi_trigger_2pics_BGR.py", line 155, in main
    udp_sock = setup_multicast_socket()
  File "/home/pi/pi_trigger_2pics_BGR.py", line 125, in setup_multicast_socket
    iface_ip = _get_default_ip()
  File "/home/pi/pi_trigger_2pics_BGR.py", line 120, in _get_default_ip
    tmp.connect(("192.168.178.5", 80))
    ~~~~~~~~~~~^^^^^^^^^^^^^^^^^^^^^^^
OSError: [Errno 101] Network is unreachable
Traceback (most recent call last):
  File "/home/pi/pi_trigger_2pics_BGR.py", line 273, in <module>
    main()
    ~~~~^^
  File "/home/pi/pi_trigger_2pics_BGR.py", line 155, in main
    udp_sock = setup_multicast_socket()
  File "/home/pi/pi_trigger_2pics_BGR.py", line 125, in setup_multicast_socket
    iface_ip = _get_default_ip()
  File "/home/pi/pi_trigger_2pics_BGR.py", line 120, in _get_default_ip
    tmp.connect(("192.168.178.5", 80))
    ~~~~~~~~~~~^^^^^^^^^^^^^^^^^^^^^^^
OSError: [Errno 101] Network is unreachable
Traceback (most recent call last):
  File "/home/pi/pi_trigger_2pics_BGR.py", line 273, in <module>
    main()
    ~~~~^^
  File "/home/pi/pi_trigger_2pics_BGR.py", line 155, in main
    udp_sock = setup_multicast_socket()
  File "/home/pi/pi_trigger_2pics_BGR.py", line 125, in setup_multicast_socket
    iface_ip = _get_default_ip()
  File "/home/pi/pi_trigger_2pics_BGR.py", line 120, in _get_default_ip
    tmp.connect(("192.168.178.5", 80))
    ~~~~~~~~~~~^^^^^^^^^^^^^^^^^^^^^^^
OSError: [Errno 101] Network is unreachable
Traceback (most recent call last):
  File "/home/pi/pi_trigger_2pics_BGR.py", line 273, in <module>
    main()
    ~~~~^^
  File "/home/pi/pi_trigger_2pics_BGR.py", line 155, in main
    udp_sock = setup_multicast_socket()
  File "/home/pi/pi_trigger_2pics_BGR.py", line 125, in setup_multicast_socket
    iface_ip = _get_default_ip()
  File "/home/pi/pi_trigger_2pics_BGR.py", line 120, in _get_default_ip
    tmp.connect(("192.168.178.5", 80))
    ~~~~~~~~~~~^^^^^^^^^^^^^^^^^^^^^^^
OSError: [Errno 101] Network is unreachable
Traceback (most recent call last):
  File "/home/pi/pi_trigger_2pics_BGR.py", line 273, in <module>
    main()
    ~~~~^^
  File "/home/pi/pi_trigger_2pics_BGR.py", line 155, in main
    udp_sock = setup_multicast_socket()
  File "/home/pi/pi_trigger_2pics_BGR.py", line 125, in setup_multicast_socket
    iface_ip = _get_default_ip()
  File "/home/pi/pi_trigger_2pics_BGR.py", line 120, in _get_default_ip
    tmp.connect(("192.168.178.5", 80))
    ~~~~~~~~~~~^^^^^^^^^^^^^^^^^^^^^^^
OSError: [Errno 101] Network is unreachable
Traceback (most recent call last):
  File "/home/pi/pi_trigger_2pics_BGR.py", line 273, in <module>
    main()
    ~~~~^^
  File "/home/pi/pi_trigger_2pics_BGR.py", line 155, in main
    udp_sock = setup_multicast_socket()
  File "/home/pi/pi_trigger_2pics_BGR.py", line 125, in setup_multicast_socket
    iface_ip = _get_default_ip()
  File "/home/pi/pi_trigger_2pics_BGR.py", line 120, in _get_default_ip
    tmp.connect(("192.168.178.5", 80))
    ~~~~~~~~~~~^^^^^^^^^^^^^^^^^^^^^^^
OSError: [Errno 101] Network is unreachable
Traceback (most recent call last):
  File "/home/pi/pi_trigger_2pics_BGR.py", line 273, in <module>
    main()
    ~~~~^^
  File "/home/pi/pi_trigger_2pics_BGR.py", line 155, in main
    udp_sock = setup_multicast_socket()
  File "/home/pi/pi_trigger_2pics_BGR.py", line 125, in setup_multicast_socket
    iface_ip = _get_default_ip()
  File "/home/pi/pi_trigger_2pics_BGR.py", line 120, in _get_default_ip
    tmp.connect(("192.168.178.5", 80))
    ~~~~~~~~~~~^^^^^^^^^^^^^^^^^^^^^^^
OSError: [Errno 101] Network is unreachable
Traceback (most recent call last):
  File "/home/pi/pi_trigger_2pics_BGR.py", line 273, in <module>
    main()
    ~~~~^^
  File "/home/pi/pi_trigger_2pics_BGR.py", line 155, in main
    udp_sock = setup_multicast_socket()
  File "/home/pi/pi_trigger_2pics_BGR.py", line 125, in setup_multicast_socket
    iface_ip = _get_default_ip()
  File "/home/pi/pi_trigger_2pics_BGR.py", line 120, in _get_default_ip
    tmp.connect(("192.168.178.5", 80))
    ~~~~~~~~~~~^^^^^^^^^^^^^^^^^^^^^^^
OSError: [Errno 101] Network is unreachable
Traceback (most recent call last):
  File "/home/pi/pi_trigger_2pics_BGR.py", line 273, in <module>
    main()
    ~~~~^^
  File "/home/pi/pi_trigger_2pics_BGR.py", line 155, in main
    udp_sock = setup_multicast_socket()
  File "/home/pi/pi_trigger_2pics_BGR.py", line 125, in setup_multicast_socket
    iface_ip = _get_default_ip()
  File "/home/pi/pi_trigger_2pics_BGR.py", line 120, in _get_default_ip
    tmp.connect(("192.168.178.5", 80))
    ~~~~~~~~~~~^^^^^^^^^^^^^^^^^^^^^^^
OSError: [Errno 101] Network is unreachable
Traceback (most recent call last):
  File "/home/pi/pi_trigger_2pics_BGR.py", line 273, in <module>
    main()
    ~~~~^^
  File "/home/pi/pi_trigger_2pics_BGR.py", line 155, in main
    udp_sock = setup_multicast_socket()
  File "/home/pi/pi_trigger_2pics_BGR.py", line 125, in setup_multicast_socket
    iface_ip = _get_default_ip()
  File "/home/pi/pi_trigger_2pics_BGR.py", line 120, in _get_default_ip
    tmp.connect(("192.168.178.5", 80))
    ~~~~~~~~~~~^^^^^^^^^^^^^^^^^^^^^^^
OSError: [Errno 101] Network is unreachable
Traceback (most recent call last):
  File "/home/pi/pi_trigger_2pics_BGR.py", line 273, in <module>
    main()
    ~~~~^^
  File "/home/pi/pi_trigger_2pics_BGR.py", line 155, in main
    udp_sock = setup_multicast_socket()
  File "/home/pi/pi_trigger_2pics_BGR.py", line 125, in setup_multicast_socket
    iface_ip = _get_default_ip()
  File "/home/pi/pi_trigger_2pics_BGR.py", line 120, in _get_default_ip
    tmp.connect(("192.168.178.5", 80))
    ~~~~~~~~~~~^^^^^^^^^^^^^^^^^^^^^^^
OSError: [Errno 101] Network is unreachable
Traceback (most recent call last):
  File "/home/pi/pi_trigger_2pics_BGR.py", line 273, in <module>
    main()
    ~~~~^^
  File "/home/pi/pi_trigger_2pics_BGR.py", line 155, in main
    udp_sock = setup_multicast_socket()
  File "/home/pi/pi_trigger_2pics_BGR.py", line 125, in setup_multicast_socket
    iface_ip = _get_default_ip()
  File "/home/pi/pi_trigger_2pics_BGR.py", line 120, in _get_default_ip
    tmp.connect(("192.168.178.5", 80))
    ~~~~~~~~~~~^^^^^^^^^^^^^^^^^^^^^^^
OSError: [Errno 101] Network is unreachable
Traceback (most recent call last):
  File "/home/pi/pi_trigger_2pics_BGR.py", line 273, in <module>
    main()
    ~~~~^^
  File "/home/pi/pi_trigger_2pics_BGR.py", line 155, in main
    udp_sock = setup_multicast_socket()
  File "/home/pi/pi_trigger_2pics_BGR.py", line 125, in setup_multicast_socket
    iface_ip = _get_default_ip()
  File "/home/pi/pi_trigger_2pics_BGR.py", line 120, in _get_default_ip
    tmp.connect(("192.168.178.5", 80))
    ~~~~~~~~~~~^^^^^^^^^^^^^^^^^^^^^^^
OSError: [Errno 101] Network is unreachable
Traceback (most recent call last):
  File "/home/pi/pi_trigger_2pics_BGR.py", line 273, in <module>
    main()
    ~~~~^^
  File "/home/pi/pi_trigger_2pics_BGR.py", line 155, in main
    udp_sock = setup_multicast_socket()
  File "/home/pi/pi_trigger_2pics_BGR.py", line 125, in setup_multicast_socket
    iface_ip = _get_default_ip()
  File "/home/pi/pi_trigger_2pics_BGR.py", line 120, in _get_default_ip
    tmp.connect(("192.168.178.5", 80))
    ~~~~~~~~~~~^^^^^^^^^^^^^^^^^^^^^^^
OSError: [Errno 101] Network is unreachable
Traceback (most recent call last):
  File "/home/pi/pi_trigger_2pics_BGR.py", line 273, in <module>
    main()
    ~~~~^^
  File "/home/pi/pi_trigger_2pics_BGR.py", line 155, in main
    udp_sock = setup_multicast_socket()
  File "/home/pi/pi_trigger_2pics_BGR.py", line 125, in setup_multicast_socket
    iface_ip = _get_default_ip()
  File "/home/pi/pi_trigger_2pics_BGR.py", line 120, in _get_default_ip
    tmp.connect(("192.168.178.5", 80))
    ~~~~~~~~~~~^^^^^^^^^^^^^^^^^^^^^^^
OSError: [Errno 101] Network is unreachable
Traceback (most recent call last):
  File "/home/pi/pi_trigger_2pics_BGR.py", line 273, in <module>
    main()
    ~~~~^^
  File "/home/pi/pi_trigger_2pics_BGR.py", line 155, in main
    udp_sock = setup_multicast_socket()
  File "/home/pi/pi_trigger_2pics_BGR.py", line 125, in setup_multicast_socket
    iface_ip = _get_default_ip()
  File "/home/pi/pi_trigger_2pics_BGR.py", line 120, in _get_default_ip
    tmp.connect(("192.168.178.5", 80))
    ~~~~~~~~~~~^^^^^^^^^^^^^^^^^^^^^^^
OSError: [Errno 101] Network is unreachable
Traceback (most recent call last):
  File "/home/pi/pi_trigger_2pics_BGR.py", line 273, in <module>
    main()
    ~~~~^^
  File "/home/pi/pi_trigger_2pics_BGR.py", line 155, in main
    udp_sock = setup_multicast_socket()
  File "/home/pi/pi_trigger_2pics_BGR.py", line 125, in setup_multicast_socket
    iface_ip = _get_default_ip()
  File "/home/pi/pi_trigger_2pics_BGR.py", line 120, in _get_default_ip
    tmp.connect(("192.168.178.5", 80))
    ~~~~~~~~~~~^^^^^^^^^^^^^^^^^^^^^^^
OSError: [Errno 101] Network is unreachable
Traceback (most recent call last):
  File "/home/pi/pi_trigger_2pics_BGR.py", line 273, in <module>
    main()
    ~~~~^^
  File "/home/pi/pi_trigger_2pics_BGR.py", line 155, in main
    udp_sock = setup_multicast_socket()
  File "/home/pi/pi_trigger_2pics_BGR.py", line 125, in setup_multicast_socket
    iface_ip = _get_default_ip()
  File "/home/pi/pi_trigger_2pics_BGR.py", line 120, in _get_default_ip
    tmp.connect(("192.168.178.5", 80))
    ~~~~~~~~~~~^^^^^^^^^^^^^^^^^^^^^^^
OSError: [Errno 101] Network is unreachable
Traceback (most recent call last):
  File "/home/pi/pi_trigger_2pics_BGR.py", line 273, in <module>
    main()
    ~~~~^^
  File "/home/pi/pi_trigger_2pics_BGR.py", line 155, in main
    udp_sock = setup_multicast_socket()
  File "/home/pi/pi_trigger_2pics_BGR.py", line 125, in setup_multicast_socket
    iface_ip = _get_default_ip()
  File "/home/pi/pi_trigger_2pics_BGR.py", line 120, in _get_default_ip
    tmp.connect(("192.168.178.5", 80))
    ~~~~~~~~~~~^^^^^^^^^^^^^^^^^^^^^^^
OSError: [Errno 101] Network is unreachable
Traceback (most recent call last):
  File "/home/pi/pi_trigger_2pics_BGR.py", line 273, in <module>
    main()
    ~~~~^^
  File "/home/pi/pi_trigger_2pics_BGR.py", line 155, in main
    udp_sock = setup_multicast_socket()
  File "/home/pi/pi_trigger_2pics_BGR.py", line 125, in setup_multicast_socket
    iface_ip = _get_default_ip()
  File "/home/pi/pi_trigger_2pics_BGR.py", line 120, in _get_default_ip
    tmp.connect(("192.168.178.5", 80))
    ~~~~~~~~~~~^^^^^^^^^^^^^^^^^^^^^^^
OSError: [Errno 101] Network is unreachable
Traceback (most recent call last):
  File "/home/pi/pi_trigger_2pics_BGR.py", line 273, in <module>
    main()
    ~~~~^^
  File "/home/pi/pi_trigger_2pics_BGR.py", line 155, in main
    udp_sock = setup_multicast_socket()
  File "/home/pi/pi_trigger_2pics_BGR.py", line 125, in setup_multicast_socket
    iface_ip = _get_default_ip()
  File "/home/pi/pi_trigger_2pics_BGR.py", line 120, in _get_default_ip
    tmp.connect(("192.168.178.5", 80))
    ~~~~~~~~~~~^^^^^^^^^^^^^^^^^^^^^^^
OSError: [Errno 101] Network is unreachable
Traceback (most recent call last):
  File "/home/pi/pi_trigger_2pics_BGR.py", line 273, in <module>
    main()
    ~~~~^^
  File "/home/pi/pi_trigger_2pics_BGR.py", line 155, in main
    udp_sock = setup_multicast_socket()
  File "/home/pi/pi_trigger_2pics_BGR.py", line 125, in setup_multicast_socket
    iface_ip = _get_default_ip()
  File "/home/pi/pi_trigger_2pics_BGR.py", line 120, in _get_default_ip
    tmp.connect(("192.168.178.5", 80))
    ~~~~~~~~~~~^^^^^^^^^^^^^^^^^^^^^^^
OSError: [Errno 101] Network is unreachable
Traceback (most recent call last):
  File "/home/pi/pi_trigger_2pics_BGR.py", line 273, in <module>
    main()
    ~~~~^^
  File "/home/pi/pi_trigger_2pics_BGR.py", line 155, in main
    udp_sock = setup_multicast_socket()
  File "/home/pi/pi_trigger_2pics_BGR.py", line 125, in setup_multicast_socket
    iface_ip = _get_default_ip()
  File "/home/pi/pi_trigger_2pics_BGR.py", line 120, in _get_default_ip
    tmp.connect(("192.168.178.5", 80))
    ~~~~~~~~~~~^^^^^^^^^^^^^^^^^^^^^^^
OSError: [Errno 101] Network is unreachable
Traceback (most recent call last):
  File "/home/pi/pi_trigger_2pics_BGR.py", line 273, in <module>
    main()
    ~~~~^^
  File "/home/pi/pi_trigger_2pics_BGR.py", line 155, in main
    udp_sock = setup_multicast_socket()
  File "/home/pi/pi_trigger_2pics_BGR.py", line 125, in setup_multicast_socket
    iface_ip = _get_default_ip()
  File "/home/pi/pi_trigger_2pics_BGR.py", line 120, in _get_default_ip
    tmp.connect(("192.168.178.5", 80))
    ~~~~~~~~~~~^^^^^^^^^^^^^^^^^^^^^^^
OSError: [Errno 101] Network is unreachable
Traceback (most recent call last):
  File "/home/pi/pi_trigger_2pics_BGR.py", line 273, in <module>
    main()
    ~~~~^^
  File "/home/pi/pi_trigger_2pics_BGR.py", line 155, in main
    udp_sock = setup_multicast_socket()
  File "/home/pi/pi_trigger_2pics_BGR.py", line 125, in setup_multicast_socket
    iface_ip = _get_default_ip()
  File "/home/pi/pi_trigger_2pics_BGR.py", line 120, in _get_default_ip
    tmp.connect(("192.168.178.5", 80))
    ~~~~~~~~~~~^^^^^^^^^^^^^^^^^^^^^^^
OSError: [Errno 101] Network is unreachable
Traceback (most recent call last):
  File "/home/pi/pi_trigger_2pics_BGR.py", line 273, in <module>
    main()
    ~~~~^^
  File "/home/pi/pi_trigger_2pics_BGR.py", line 155, in main
    udp_sock = setup_multicast_socket()
  File "/home/pi/pi_trigger_2pics_BGR.py", line 125, in setup_multicast_socket
    iface_ip = _get_default_ip()
  File "/home/pi/pi_trigger_2pics_BGR.py", line 120, in _get_default_ip
    tmp.connect(("192.168.178.5", 80))
    ~~~~~~~~~~~^^^^^^^^^^^^^^^^^^^^^^^
OSError: [Errno 101] Network is unreachable
Traceback (most recent call last):
  File "/home/pi/pi_trigger_2pics_BGR.py", line 273, in <module>
    main()
    ~~~~^^
  File "/home/pi/pi_trigger_2pics_BGR.py", line 155, in main
    udp_sock = setup_multicast_socket()
  File "/home/pi/pi_trigger_2pics_BGR.py", line 125, in setup_multicast_socket
    iface_ip = _get_default_ip()
  File "/home/pi/pi_trigger_2pics_BGR.py", line 120, in _get_default_ip
    tmp.connect(("192.168.178.5", 80))
    ~~~~~~~~~~~^^^^^^^^^^^^^^^^^^^^^^^
OSError: [Errno 101] Network is unreachable
Traceback (most recent call last):
  File "/home/pi/pi_trigger_2pics_BGR.py", line 273, in <module>
    main()
    ~~~~^^
  File "/home/pi/pi_trigger_2pics_BGR.py", line 155, in main
    udp_sock = setup_multicast_socket()
  File "/home/pi/pi_trigger_2pics_BGR.py", line 125, in setup_multicast_socket
    iface_ip = _get_default_ip()
  File "/home/pi/pi_trigger_2pics_BGR.py", line 120, in _get_default_ip
    tmp.connect(("192.168.178.5", 80))
    ~~~~~~~~~~~^^^^^^^^^^^^^^^^^^^^^^^
OSError: [Errno 101] Network is unreachable
Traceback (most recent call last):
  File "/home/pi/pi_trigger_2pics_BGR.py", line 273, in <module>
    main()
    ~~~~^^
  File "/home/pi/pi_trigger_2pics_BGR.py", line 155, in main
    udp_sock = setup_multicast_socket()
  File "/home/pi/pi_trigger_2pics_BGR.py", line 125, in setup_multicast_socket
    iface_ip = _get_default_ip()
  File "/home/pi/pi_trigger_2pics_BGR.py", line 120, in _get_default_ip
    tmp.connect(("192.168.178.5", 80))
    ~~~~~~~~~~~^^^^^^^^^^^^^^^^^^^^^^^
OSError: [Errno 101] Network is unreachable
Traceback (most recent call last):
  File "/home/pi/pi_trigger_2pics_BGR.py", line 273, in <module>
    main()
    ~~~~^^
  File "/home/pi/pi_trigger_2pics_BGR.py", line 155, in main
    udp_sock = setup_multicast_socket()
  File "/home/pi/pi_trigger_2pics_BGR.py", line 125, in setup_multicast_socket
    iface_ip = _get_default_ip()
  File "/home/pi/pi_trigger_2pics_BGR.py", line 120, in _get_default_ip
    tmp.connect(("192.168.178.5", 80))
    ~~~~~~~~~~~^^^^^^^^^^^^^^^^^^^^^^^
OSError: [Errno 101] Network is unreachable
Traceback (most recent call last):
  File "/home/pi/pi_trigger_2pics_BGR.py", line 273, in <module>
    main()
    ~~~~^^
  File "/home/pi/pi_trigger_2pics_BGR.py", line 155, in main
    udp_sock = setup_multicast_socket()
  File "/home/pi/pi_trigger_2pics_BGR.py", line 125, in setup_multicast_socket
    iface_ip = _get_default_ip()
  File "/home/pi/pi_trigger_2pics_BGR.py", line 120, in _get_default_ip
    tmp.connect(("192.168.178.5", 80))
    ~~~~~~~~~~~^^^^^^^^^^^^^^^^^^^^^^^
OSError: [Errno 101] Network is unreachable
Traceback (most recent call last):
  File "/home/pi/pi_trigger_2pics_BGR.py", line 273, in <module>
    main()
    ~~~~^^
  File "/home/pi/pi_trigger_2pics_BGR.py", line 155, in main
    udp_sock = setup_multicast_socket()
  File "/home/pi/pi_trigger_2pics_BGR.py", line 125, in setup_multicast_socket
    iface_ip = _get_default_ip()
  File "/home/pi/pi_trigger_2pics_BGR.py", line 120, in _get_default_ip
    tmp.connect(("192.168.178.5", 80))
    ~~~~~~~~~~~^^^^^^^^^^^^^^^^^^^^^^^
OSError: [Errno 101] Network is unreachable
Traceback (most recent call last):
  File "/home/pi/pi_trigger_2pics_BGR.py", line 273, in <module>
    main()
    ~~~~^^
  File "/home/pi/pi_trigger_2pics_BGR.py", line 155, in main
    udp_sock = setup_multicast_socket()
  File "/home/pi/pi_trigger_2pics_BGR.py", line 125, in setup_multicast_socket
    iface_ip = _get_default_ip()
  File "/home/pi/pi_trigger_2pics_BGR.py", line 120, in _get_default_ip
    tmp.connect(("192.168.178.5", 80))
    ~~~~~~~~~~~^^^^^^^^^^^^^^^^^^^^^^^
OSError: [Errno 101] Network is unreachable
Traceback (most recent call last):
  File "/home/pi/pi_trigger_2pics_BGR.py", line 273, in <module>
    main()
    ~~~~^^
  File "/home/pi/pi_trigger_2pics_BGR.py", line 155, in main
    udp_sock = setup_multicast_socket()
  File "/home/pi/pi_trigger_2pics_BGR.py", line 125, in setup_multicast_socket
    iface_ip = _get_default_ip()
  File "/home/pi/pi_trigger_2pics_BGR.py", line 120, in _get_default_ip
    tmp.connect(("192.168.178.5", 80))
    ~~~~~~~~~~~^^^^^^^^^^^^^^^^^^^^^^^
OSError: [Errno 101] Network is unreachable
Traceback (most recent call last):
  File "/home/pi/pi_trigger_2pics_BGR.py", line 273, in <module>
    main()
    ~~~~^^
  File "/home/pi/pi_trigger_2pics_BGR.py", line 155, in main
    udp_sock = setup_multicast_socket()
  File "/home/pi/pi_trigger_2pics_BGR.py", line 125, in setup_multicast_socket
    iface_ip = _get_default_ip()
  File "/home/pi/pi_trigger_2pics_BGR.py", line 120, in _get_default_ip
    tmp.connect(("192.168.178.5", 80))
    ~~~~~~~~~~~^^^^^^^^^^^^^^^^^^^^^^^
OSError: [Errno 101] Network is unreachable
Traceback (most recent call last):
  File "/home/pi/pi_trigger_2pics_BGR.py", line 273, in <module>
    main()
    ~~~~^^
  File "/home/pi/pi_trigger_2pics_BGR.py", line 155, in main
    udp_sock = setup_multicast_socket()
  File "/home/pi/pi_trigger_2pics_BGR.py", line 125, in setup_multicast_socket
    iface_ip = _get_default_ip()
  File "/home/pi/pi_trigger_2pics_BGR.py", line 120, in _get_default_ip
    tmp.connect(("192.168.178.5", 80))
    ~~~~~~~~~~~^^^^^^^^^^^^^^^^^^^^^^^
OSError: [Errno 101] Network is unreachable
Traceback (most recent call last):
  File "/home/pi/pi_trigger_2pics_BGR.py", line 273, in <module>
    main()
    ~~~~^^
  File "/home/pi/pi_trigger_2pics_BGR.py", line 155, in main
    udp_sock = setup_multicast_socket()
  File "/home/pi/pi_trigger_2pics_BGR.py", line 125, in setup_multicast_socket
    iface_ip = _get_default_ip()
  File "/home/pi/pi_trigger_2pics_BGR.py", line 120, in _get_default_ip
    tmp.connect(("192.168.178.5", 80))
    ~~~~~~~~~~~^^^^^^^^^^^^^^^^^^^^^^^
OSError: [Errno 101] Network is unreachable
Traceback (most recent call last):
  File "/home/pi/pi_trigger_2pics_BGR.py", line 273, in <module>
    main()
    ~~~~^^
  File "/home/pi/pi_trigger_2pics_BGR.py", line 155, in main
    udp_sock = setup_multicast_socket()
  File "/home/pi/pi_trigger_2pics_BGR.py", line 125, in setup_multicast_socket
    iface_ip = _get_default_ip()
  File "/home/pi/pi_trigger_2pics_BGR.py", line 120, in _get_default_ip
    tmp.connect(("192.168.178.5", 80))
    ~~~~~~~~~~~^^^^^^^^^^^^^^^^^^^^^^^
OSError: [Errno 101] Network is unreachable
Traceback (most recent call last):
  File "/home/pi/pi_trigger_2pics_BGR.py", line 273, in <module>
    main()
    ~~~~^^
  File "/home/pi/pi_trigger_2pics_BGR.py", line 155, in main
    udp_sock = setup_multicast_socket()
  File "/home/pi/pi_trigger_2pics_BGR.py", line 125, in setup_multicast_socket
    iface_ip = _get_default_ip()
  File "/home/pi/pi_trigger_2pics_BGR.py", line 120, in _get_default_ip
    tmp.connect(("192.168.178.5", 80))
    ~~~~~~~~~~~^^^^^^^^^^^^^^^^^^^^^^^
OSError: [Errno 101] Network is unreachable
Traceback (most recent call last):
  File "/home/pi/pi_trigger_2pics_BGR.py", line 273, in <module>
    main()
    ~~~~^^
  File "/home/pi/pi_trigger_2pics_BGR.py", line 155, in main
    udp_sock = setup_multicast_socket()
  File "/home/pi/pi_trigger_2pics_BGR.py", line 125, in setup_multicast_socket
    iface_ip = _get_default_ip()
  File "/home/pi/pi_trigger_2pics_BGR.py", line 120, in _get_default_ip
    tmp.connect(("192.168.178.5", 80))
    ~~~~~~~~~~~^^^^^^^^^^^^^^^^^^^^^^^
OSError: [Errno 101] Network is unreachable
Traceback (most recent call last):
  File "/home/pi/pi_trigger_2pics_BGR.py", line 273, in <module>
    main()
    ~~~~^^
  File "/home/pi/pi_trigger_2pics_BGR.py", line 155, in main
    udp_sock = setup_multicast_socket()
  File "/home/pi/pi_trigger_2pics_BGR.py", line 125, in setup_multicast_socket
    iface_ip = _get_default_ip()
  File "/home/pi/pi_trigger_2pics_BGR.py", line 120, in _get_default_ip
    tmp.connect(("192.168.178.5", 80))
    ~~~~~~~~~~~^^^^^^^^^^^^^^^^^^^^^^^
OSError: [Errno 101] Network is unreachable
Traceback (most recent call last):
  File "/home/pi/pi_trigger_2pics_BGR.py", line 273, in <module>
    main()
    ~~~~^^
  File "/home/pi/pi_trigger_2pics_BGR.py", line 155, in main
    udp_sock = setup_multicast_socket()
  File "/home/pi/pi_trigger_2pics_BGR.py", line 125, in setup_multicast_socket
    iface_ip = _get_default_ip()
  File "/home/pi/pi_trigger_2pics_BGR.py", line 120, in _get_default_ip
    tmp.connect(("192.168.178.5", 80))
    ~~~~~~~~~~~^^^^^^^^^^^^^^^^^^^^^^^
OSError: [Errno 101] Network is unreachable
Traceback (most recent call last):
  File "/home/pi/pi_trigger_2pics_BGR.py", line 273, in <module>
    main()
    ~~~~^^
  File "/home/pi/pi_trigger_2pics_BGR.py", line 155, in main
    udp_sock = setup_multicast_socket()
  File "/home/pi/pi_trigger_2pics_BGR.py", line 125, in setup_multicast_socket
    iface_ip = _get_default_ip()
  File "/home/pi/pi_trigger_2pics_BGR.py", line 120, in _get_default_ip
    tmp.connect(("192.168.178.5", 80))
    ~~~~~~~~~~~^^^^^^^^^^^^^^^^^^^^^^^
OSError: [Errno 101] Network is unreachable
Fatal Python error: _enter_buffered_busy: could not acquire lock for <_io.BufferedWriter name='<stdout>'> at interpreter shutdown, possibly due to daemon threads
Python runtime state: finalizing (tstate=0x0000000000a6c840)

Current thread 0x00007fff470c8760 (most recent call first):
  <no Python frame>

Extension modules: psutil._psutil_linux, psutil._psutil_posix, numpy._core._multiarray_umath, numpy.linalg._umath_linalg, PIL._imaging, av._core, av.logging, av.bytesource, av.buffer, av.audio.format, av.error, av.dictionary, av.container.pyio, av.utils, av.option, av.descriptor, av.format, av.stream, av.container.streams, av.sidedata.motionvectors, av.sidedata.sidedata, av.opaque, av.packet, av.container.input, av.container.output, av.container.core, av.codec.context, av.video.format, av.video.reformatter, av.plane, av.video.plane, av.video.frame, av.video.stream, av.codec.hwaccel, av.codec.codec, av.frame, av.audio.layout, av.audio.plane, av.audio.frame, av.audio.stream, av.filter.pad, av.filter.link, av.filter.context, av.filter.graph, av.filter.filter, av.audio.resampler, av.filter.loudnorm, av.audio.codeccontext, av.audio.fifo, av.bitstream, av.video.codeccontext, _prctl, simplejpeg._jpeg, markupsafe._speedups (total: 54)
Traceback (most recent call last):
  File "/home/pi/pi_trigger_2pics_BGR.py", line 273, in <module>
    main()
    ~~~~^^
  File "/home/pi/pi_trigger_2pics_BGR.py", line 155, in main
    udp_sock = setup_multicast_socket()
  File "/home/pi/pi_trigger_2pics_BGR.py", line 125, in setup_multicast_socket
    iface_ip = _get_default_ip()
  File "/home/pi/pi_trigger_2pics_BGR.py", line 120, in _get_default_ip
    tmp.connect(("192.168.178.5", 80))
    ~~~~~~~~~~~^^^^^^^^^^^^^^^^^^^^^^^
OSError: [Errno 101] Network is unreachable
Traceback (most recent call last):
  File "/home/pi/pi_trigger_2pics_BGR.py", line 273, in <module>
    main()
    ~~~~^^
  File "/home/pi/pi_trigger_2pics_BGR.py", line 155, in main
    udp_sock = setup_multicast_socket()
  File "/home/pi/pi_trigger_2pics_BGR.py", line 125, in setup_multicast_socket
    iface_ip = _get_default_ip()
  File "/home/pi/pi_trigger_2pics_BGR.py", line 120, in _get_default_ip
    tmp.connect(("192.168.178.5", 80))
    ~~~~~~~~~~~^^^^^^^^^^^^^^^^^^^^^^^
OSError: [Errno 101] Network is unreachable
Traceback (most recent call last):
  File "/home/pi/pi_trigger_2pics_BGR.py", line 273, in <module>
    main()
    ~~~~^^
  File "/home/pi/pi_trigger_2pics_BGR.py", line 155, in main
    udp_sock = setup_multicast_socket()
  File "/home/pi/pi_trigger_2pics_BGR.py", line 125, in setup_multicast_socket
    iface_ip = _get_default_ip()
  File "/home/pi/pi_trigger_2pics_BGR.py", line 120, in _get_default_ip
    tmp.connect(("192.168.178.5", 80))
    ~~~~~~~~~~~^^^^^^^^^^^^^^^^^^^^^^^
OSError: [Errno 101] Network is unreachable
Traceback (most recent call last):
  File "/home/pi/pi_trigger_2pics_BGR.py", line 273, in <module>
    main()
    ~~~~^^
  File "/home/pi/pi_trigger_2pics_BGR.py", line 155, in main
    udp_sock = setup_multicast_socket()
  File "/home/pi/pi_trigger_2pics_BGR.py", line 125, in setup_multicast_socket
    iface_ip = _get_default_ip()
  File "/home/pi/pi_trigger_2pics_BGR.py", line 120, in _get_default_ip
    tmp.connect(("192.168.178.5", 80))
    ~~~~~~~~~~~^^^^^^^^^^^^^^^^^^^^^^^
OSError: [Errno 101] Network is unreachable
Traceback (most recent call last):
  File "/home/pi/pi_trigger_2pics_BGR.py", line 273, in <module>
    main()
    ~~~~^^
  File "/home/pi/pi_trigger_2pics_BGR.py", line 155, in main
    udp_sock = setup_multicast_socket()
  File "/home/pi/pi_trigger_2pics_BGR.py", line 125, in setup_multicast_socket
    iface_ip = _get_default_ip()
  File "/home/pi/pi_trigger_2pics_BGR.py", line 120, in _get_default_ip
    tmp.connect(("192.168.178.5", 80))
    ~~~~~~~~~~~^^^^^^^^^^^^^^^^^^^^^^^
OSError: [Errno 101] Network is unreachable
Traceback (most recent call last):
  File "/home/pi/pi_trigger_2pics_BGR.py", line 273, in <module>
    main()
    ~~~~^^
  File "/home/pi/pi_trigger_2pics_BGR.py", line 155, in main
    udp_sock = setup_multicast_socket()
  File "/home/pi/pi_trigger_2pics_BGR.py", line 125, in setup_multicast_socket
    iface_ip = _get_default_ip()
  File "/home/pi/pi_trigger_2pics_BGR.py", line 120, in _get_default_ip
    tmp.connect(("192.168.178.5", 80))
    ~~~~~~~~~~~^^^^^^^^^^^^^^^^^^^^^^^
OSError: [Errno 101] Network is unreachable
Traceback (most recent call last):
  File "/home/pi/pi_trigger_2pics_BGR.py", line 273, in <module>
    main()
    ~~~~^^
  File "/home/pi/pi_trigger_2pics_BGR.py", line 155, in main
    udp_sock = setup_multicast_socket()
  File "/home/pi/pi_trigger_2pics_BGR.py", line 125, in setup_multicast_socket
    iface_ip = _get_default_ip()
  File "/home/pi/pi_trigger_2pics_BGR.py", line 120, in _get_default_ip
    tmp.connect(("192.168.178.5", 80))
    ~~~~~~~~~~~^^^^^^^^^^^^^^^^^^^^^^^
OSError: [Errno 101] Network is unreachable
Traceback (most recent call last):
  File "/home/pi/pi_trigger_2pics_BGR.py", line 273, in <module>
    main()
    ~~~~^^
  File "/home/pi/pi_trigger_2pics_BGR.py", line 155, in main
    udp_sock = setup_multicast_socket()
  File "/home/pi/pi_trigger_2pics_BGR.py", line 125, in setup_multicast_socket
    iface_ip = _get_default_ip()
  File "/home/pi/pi_trigger_2pics_BGR.py", line 120, in _get_default_ip
    tmp.connect(("192.168.178.5", 80))
    ~~~~~~~~~~~^^^^^^^^^^^^^^^^^^^^^^^
OSError: [Errno 101] Network is unreachable
Traceback (most recent call last):
  File "/home/pi/pi_trigger_2pics_BGR.py", line 273, in <module>
    main()
    ~~~~^^
  File "/home/pi/pi_trigger_2pics_BGR.py", line 155, in main
    udp_sock = setup_multicast_socket()
  File "/home/pi/pi_trigger_2pics_BGR.py", line 125, in setup_multicast_socket
    iface_ip = _get_default_ip()
  File "/home/pi/pi_trigger_2pics_BGR.py", line 120, in _get_default_ip
    tmp.connect(("192.168.178.5", 80))
    ~~~~~~~~~~~^^^^^^^^^^^^^^^^^^^^^^^
OSError: [Errno 101] Network is unreachable
Traceback (most recent call last):
  File "/home/pi/pi_trigger_2pics_BGR.py", line 273, in <module>
    main()
    ~~~~^^
  File "/home/pi/pi_trigger_2pics_BGR.py", line 155, in main
    udp_sock = setup_multicast_socket()
  File "/home/pi/pi_trigger_2pics_BGR.py", line 125, in setup_multicast_socket
    iface_ip = _get_default_ip()
  File "/home/pi/pi_trigger_2pics_BGR.py", line 120, in _get_default_ip
    tmp.connect(("192.168.178.5", 80))
    ~~~~~~~~~~~^^^^^^^^^^^^^^^^^^^^^^^
OSError: [Errno 101] Network is unreachable
Traceback (most recent call last):
  File "/home/pi/pi_trigger_2pics_BGR.py", line 273, in <module>
    main()
    ~~~~^^
  File "/home/pi/pi_trigger_2pics_BGR.py", line 155, in main
    udp_sock = setup_multicast_socket()
  File "/home/pi/pi_trigger_2pics_BGR.py", line 125, in setup_multicast_socket
    iface_ip = _get_default_ip()
  File "/home/pi/pi_trigger_2pics_BGR.py", line 120, in _get_default_ip
    tmp.connect(("192.168.178.5", 80))
    ~~~~~~~~~~~^^^^^^^^^^^^^^^^^^^^^^^
OSError: [Errno 101] Network is unreachable
Traceback (most recent call last):
  File "/home/pi/pi_trigger_2pics_BGR.py", line 273, in <module>
    main()
    ~~~~^^
  File "/home/pi/pi_trigger_2pics_BGR.py", line 155, in main
    udp_sock = setup_multicast_socket()
  File "/home/pi/pi_trigger_2pics_BGR.py", line 125, in setup_multicast_socket
    iface_ip = _get_default_ip()
  File "/home/pi/pi_trigger_2pics_BGR.py", line 120, in _get_default_ip
    tmp.connect(("192.168.178.5", 80))
    ~~~~~~~~~~~^^^^^^^^^^^^^^^^^^^^^^^
OSError: [Errno 101] Network is unreachable
Traceback (most recent call last):
  File "/home/pi/pi_trigger_2pics_BGR.py", line 273, in <module>
    main()
    ~~~~^^
  File "/home/pi/pi_trigger_2pics_BGR.py", line 155, in main
    udp_sock = setup_multicast_socket()
  File "/home/pi/pi_trigger_2pics_BGR.py", line 125, in setup_multicast_socket
    iface_ip = _get_default_ip()
  File "/home/pi/pi_trigger_2pics_BGR.py", line 120, in _get_default_ip
    tmp.connect(("192.168.178.5", 80))
    ~~~~~~~~~~~^^^^^^^^^^^^^^^^^^^^^^^
OSError: [Errno 101] Network is unreachable
Traceback (most recent call last):
  File "/home/pi/pi_trigger_2pics_BGR.py", line 273, in <module>
    main()
    ~~~~^^
  File "/home/pi/pi_trigger_2pics_BGR.py", line 155, in main
    udp_sock = setup_multicast_socket()
  File "/home/pi/pi_trigger_2pics_BGR.py", line 125, in setup_multicast_socket
    iface_ip = _get_default_ip()
  File "/home/pi/pi_trigger_2pics_BGR.py", line 120, in _get_default_ip
    tmp.connect(("192.168.178.5", 80))
    ~~~~~~~~~~~^^^^^^^^^^^^^^^^^^^^^^^
OSError: [Errno 101] Network is unreachable
Traceback (most recent call last):
  File "/home/pi/pi_trigger_2pics_BGR.py", line 273, in <module>
    main()
    ~~~~^^
  File "/home/pi/pi_trigger_2pics_BGR.py", line 155, in main
    udp_sock = setup_multicast_socket()
  File "/home/pi/pi_trigger_2pics_BGR.py", line 125, in setup_multicast_socket
    iface_ip = _get_default_ip()
  File "/home/pi/pi_trigger_2pics_BGR.py", line 120, in _get_default_ip
    tmp.connect(("192.168.178.5", 80))
    ~~~~~~~~~~~^^^^^^^^^^^^^^^^^^^^^^^
OSError: [Errno 101] Network is unreachable
Traceback (most recent call last):
  File "/home/pi/pi_trigger_2pics_BGR.py", line 273, in <module>
    main()
    ~~~~^^
  File "/home/pi/pi_trigger_2pics_BGR.py", line 155, in main
    udp_sock = setup_multicast_socket()
  File "/home/pi/pi_trigger_2pics_BGR.py", line 125, in setup_multicast_socket
    iface_ip = _get_default_ip()
  File "/home/pi/pi_trigger_2pics_BGR.py", line 120, in _get_default_ip
    tmp.connect(("192.168.178.5", 80))
    ~~~~~~~~~~~^^^^^^^^^^^^^^^^^^^^^^^
OSError: [Errno 101] Network is unreachable
Traceback (most recent call last):
  File "/home/pi/pi_trigger_2pics_BGR.py", line 273, in <module>
    main()
    ~~~~^^
  File "/home/pi/pi_trigger_2pics_BGR.py", line 155, in main
    udp_sock = setup_multicast_socket()
  File "/home/pi/pi_trigger_2pics_BGR.py", line 125, in setup_multicast_socket
    iface_ip = _get_default_ip()
  File "/home/pi/pi_trigger_2pics_BGR.py", line 120, in _get_default_ip
    tmp.connect(("192.168.178.5", 80))
    ~~~~~~~~~~~^^^^^^^^^^^^^^^^^^^^^^^
OSError: [Errno 101] Network is unreachable
Traceback (most recent call last):
  File "/home/pi/pi_trigger_2pics_BGR.py", line 273, in <module>
    main()
    ~~~~^^
  File "/home/pi/pi_trigger_2pics_BGR.py", line 155, in main
    udp_sock = setup_multicast_socket()
  File "/home/pi/pi_trigger_2pics_BGR.py", line 125, in setup_multicast_socket
    iface_ip = _get_default_ip()
  File "/home/pi/pi_trigger_2pics_BGR.py", line 120, in _get_default_ip
    tmp.connect(("192.168.178.5", 80))
    ~~~~~~~~~~~^^^^^^^^^^^^^^^^^^^^^^^
OSError: [Errno 101] Network is unreachable
Traceback (most recent call last):
  File "/home/pi/pi_trigger_2pics_BGR.py", line 273, in <module>
    main()
    ~~~~^^
  File "/home/pi/pi_trigger_2pics_BGR.py", line 155, in main
    udp_sock = setup_multicast_socket()
  File "/home/pi/pi_trigger_2pics_BGR.py", line 125, in setup_multicast_socket
    iface_ip = _get_default_ip()
  File "/home/pi/pi_trigger_2pics_BGR.py", line 120, in _get_default_ip
    tmp.connect(("192.168.178.5", 80))
    ~~~~~~~~~~~^^^^^^^^^^^^^^^^^^^^^^^
OSError: [Errno 101] Network is unreachable
Traceback (most recent call last):
  File "/home/pi/pi_trigger_2pics_BGR.py", line 273, in <module>
    main()
    ~~~~^^
  File "/home/pi/pi_trigger_2pics_BGR.py", line 155, in main
    udp_sock = setup_multicast_socket()
  File "/home/pi/pi_trigger_2pics_BGR.py", line 125, in setup_multicast_socket
    iface_ip = _get_default_ip()
  File "/home/pi/pi_trigger_2pics_BGR.py", line 120, in _get_default_ip
    tmp.connect(("192.168.178.5", 80))
    ~~~~~~~~~~~^^^^^^^^^^^^^^^^^^^^^^^
OSError: [Errno 101] Network is unreachable
Traceback (most recent call last):
  File "/home/pi/pi_trigger_2pics_BGR.py", line 273, in <module>
    main()
    ~~~~^^
  File "/home/pi/pi_trigger_2pics_BGR.py", line 155, in main
    udp_sock = setup_multicast_socket()
  File "/home/pi/pi_trigger_2pics_BGR.py", line 125, in setup_multicast_socket
    iface_ip = _get_default_ip()
  File "/home/pi/pi_trigger_2pics_BGR.py", line 120, in _get_default_ip
    tmp.connect(("192.168.178.5", 80))
    ~~~~~~~~~~~^^^^^^^^^^^^^^^^^^^^^^^
OSError: [Errno 101] Network is unreachable
Traceback (most recent call last):
  File "/home/pi/pi_trigger_2pics_BGR.py", line 273, in <module>
    main()
    ~~~~^^
  File "/home/pi/pi_trigger_2pics_BGR.py", line 155, in main
    udp_sock = setup_multicast_socket()
  File "/home/pi/pi_trigger_2pics_BGR.py", line 125, in setup_multicast_socket
    iface_ip = _get_default_ip()
  File "/home/pi/pi_trigger_2pics_BGR.py", line 120, in _get_default_ip
    tmp.connect(("192.168.178.5", 80))
    ~~~~~~~~~~~^^^^^^^^^^^^^^^^^^^^^^^
OSError: [Errno 101] Network is unreachable
Traceback (most recent call last):
  File "/home/pi/pi_trigger_2pics_BGR.py", line 273, in <module>
    main()
    ~~~~^^
  File "/home/pi/pi_trigger_2pics_BGR.py", line 155, in main
    udp_sock = setup_multicast_socket()
  File "/home/pi/pi_trigger_2pics_BGR.py", line 125, in setup_multicast_socket
    iface_ip = _get_default_ip()
  File "/home/pi/pi_trigger_2pics_BGR.py", line 120, in _get_default_ip
    tmp.connect(("192.168.178.5", 80))
    ~~~~~~~~~~~^^^^^^^^^^^^^^^^^^^^^^^
OSError: [Errno 101] Network is unreachable
Traceback (most recent call last):
  File "/home/pi/pi_trigger_2pics_BGR.py", line 273, in <module>
    main()
    ~~~~^^
  File "/home/pi/pi_trigger_2pics_BGR.py", line 155, in main
    udp_sock = setup_multicast_socket()
  File "/home/pi/pi_trigger_2pics_BGR.py", line 125, in setup_multicast_socket
    iface_ip = _get_default_ip()
  File "/home/pi/pi_trigger_2pics_BGR.py", line 120, in _get_default_ip
    tmp.connect(("192.168.178.5", 80))
    ~~~~~~~~~~~^^^^^^^^^^^^^^^^^^^^^^^
OSError: [Errno 101] Network is unreachable
Traceback (most recent call last):
  File "/home/pi/pi_trigger_2pics_BGR.py", line 273, in <module>
    main()
    ~~~~^^
  File "/home/pi/pi_trigger_2pics_BGR.py", line 155, in main
    udp_sock = setup_multicast_socket()
  File "/home/pi/pi_trigger_2pics_BGR.py", line 125, in setup_multicast_socket
    iface_ip = _get_default_ip()
  File "/home/pi/pi_trigger_2pics_BGR.py", line 120, in _get_default_ip
    tmp.connect(("192.168.178.5", 80))
    ~~~~~~~~~~~^^^^^^^^^^^^^^^^^^^^^^^
OSError: [Errno 101] Network is unreachable
Traceback (most recent call last):
  File "/home/pi/pi_trigger_2pics_BGR.py", line 273, in <module>
    main()
    ~~~~^^
  File "/home/pi/pi_trigger_2pics_BGR.py", line 155, in main
    udp_sock = setup_multicast_socket()
  File "/home/pi/pi_trigger_2pics_BGR.py", line 125, in setup_multicast_socket
    iface_ip = _get_default_ip()
  File "/home/pi/pi_trigger_2pics_BGR.py", line 120, in _get_default_ip
    tmp.connect(("192.168.178.5", 80))
    ~~~~~~~~~~~^^^^^^^^^^^^^^^^^^^^^^^
OSError: [Errno 101] Network is unreachable
Traceback (most recent call last):
  File "/home/pi/pi_trigger_2pics_BGR.py", line 273, in <module>
    main()
    ~~~~^^
  File "/home/pi/pi_trigger_2pics_BGR.py", line 155, in main
    udp_sock = setup_multicast_socket()
  File "/home/pi/pi_trigger_2pics_BGR.py", line 125, in setup_multicast_socket
    iface_ip = _get_default_ip()
  File "/home/pi/pi_trigger_2pics_BGR.py", line 120, in _get_default_ip
    tmp.connect(("192.168.178.5", 80))
    ~~~~~~~~~~~^^^^^^^^^^^^^^^^^^^^^^^
OSError: [Errno 101] Network is unreachable
Traceback (most recent call last):
  File "/home/pi/pi_trigger_2pics_BGR.py", line 273, in <module>
    main()
    ~~~~^^
  File "/home/pi/pi_trigger_2pics_BGR.py", line 155, in main
    udp_sock = setup_multicast_socket()
  File "/home/pi/pi_trigger_2pics_BGR.py", line 125, in setup_multicast_socket
    iface_ip = _get_default_ip()
  File "/home/pi/pi_trigger_2pics_BGR.py", line 120, in _get_default_ip
    tmp.connect(("192.168.178.5", 80))
    ~~~~~~~~~~~^^^^^^^^^^^^^^^^^^^^^^^
OSError: [Errno 101] Network is unreachable
Traceback (most recent call last):
  File "/home/pi/pi_trigger_2pics_BGR.py", line 273, in <module>
    main()
    ~~~~^^
  File "/home/pi/pi_trigger_2pics_BGR.py", line 155, in main
    udp_sock = setup_multicast_socket()
  File "/home/pi/pi_trigger_2pics_BGR.py", line 125, in setup_multicast_socket
    iface_ip = _get_default_ip()
  File "/home/pi/pi_trigger_2pics_BGR.py", line 120, in _get_default_ip
    tmp.connect(("192.168.178.5", 80))
    ~~~~~~~~~~~^^^^^^^^^^^^^^^^^^^^^^^
OSError: [Errno 101] Network is unreachable
Traceback (most recent call last):
  File "/home/pi/pi_trigger_2pics_BGR.py", line 273, in <module>
    main()
    ~~~~^^
  File "/home/pi/pi_trigger_2pics_BGR.py", line 155, in main
    udp_sock = setup_multicast_socket()
  File "/home/pi/pi_trigger_2pics_BGR.py", line 125, in setup_multicast_socket
    iface_ip = _get_default_ip()
  File "/home/pi/pi_trigger_2pics_BGR.py", line 120, in _get_default_ip
    tmp.connect(("192.168.178.5", 80))
    ~~~~~~~~~~~^^^^^^^^^^^^^^^^^^^^^^^
OSError: [Errno 101] Network is unreachable
Traceback (most recent call last):
  File "/home/pi/pi_trigger_2pics_BGR.py", line 273, in <module>
    main()
    ~~~~^^
  File "/home/pi/pi_trigger_2pics_BGR.py", line 155, in main
    udp_sock = setup_multicast_socket()
  File "/home/pi/pi_trigger_2pics_BGR.py", line 125, in setup_multicast_socket
    iface_ip = _get_default_ip()
  File "/home/pi/pi_trigger_2pics_BGR.py", line 120, in _get_default_ip
    tmp.connect(("192.168.178.5", 80))
    ~~~~~~~~~~~^^^^^^^^^^^^^^^^^^^^^^^
OSError: [Errno 101] Network is unreachable
Traceback (most recent call last):
  File "/home/pi/pi_trigger_2pics_BGR.py", line 273, in <module>
    main()
    ~~~~^^
  File "/home/pi/pi_trigger_2pics_BGR.py", line 155, in main
    udp_sock = setup_multicast_socket()
  File "/home/pi/pi_trigger_2pics_BGR.py", line 125, in setup_multicast_socket
    iface_ip = _get_default_ip()
  File "/home/pi/pi_trigger_2pics_BGR.py", line 120, in _get_default_ip
    tmp.connect(("192.168.178.5", 80))
    ~~~~~~~~~~~^^^^^^^^^^^^^^^^^^^^^^^
OSError: [Errno 101] Network is unreachable
Traceback (most recent call last):
  File "/home/pi/pi_trigger_2pics_BGR.py", line 273, in <module>
    main()
    ~~~~^^
  File "/home/pi/pi_trigger_2pics_BGR.py", line 155, in main
    udp_sock = setup_multicast_socket()
  File "/home/pi/pi_trigger_2pics_BGR.py", line 125, in setup_multicast_socket
    iface_ip = _get_default_ip()
  File "/home/pi/pi_trigger_2pics_BGR.py", line 120, in _get_default_ip
    tmp.connect(("192.168.178.5", 80))
    ~~~~~~~~~~~^^^^^^^^^^^^^^^^^^^^^^^
OSError: [Errno 101] Network is unreachable
Traceback (most recent call last):
  File "/home/pi/pi_trigger_2pics_BGR.py", line 273, in <module>
    main()
    ~~~~^^
  File "/home/pi/pi_trigger_2pics_BGR.py", line 155, in main
    udp_sock = setup_multicast_socket()
  File "/home/pi/pi_trigger_2pics_BGR.py", line 125, in setup_multicast_socket
    iface_ip = _get_default_ip()
  File "/home/pi/pi_trigger_2pics_BGR.py", line 120, in _get_default_ip
    tmp.connect(("192.168.178.5", 80))
    ~~~~~~~~~~~^^^^^^^^^^^^^^^^^^^^^^^
OSError: [Errno 101] Network is unreachable
Traceback (most recent call last):
  File "/home/pi/pi_trigger_2pics_BGR.py", line 273, in <module>
    main()
    ~~~~^^
  File "/home/pi/pi_trigger_2pics_BGR.py", line 155, in main
    udp_sock = setup_multicast_socket()
  File "/home/pi/pi_trigger_2pics_BGR.py", line 125, in setup_multicast_socket
    iface_ip = _get_default_ip()
  File "/home/pi/pi_trigger_2pics_BGR.py", line 120, in _get_default_ip
    tmp.connect(("192.168.178.5", 80))
    ~~~~~~~~~~~^^^^^^^^^^^^^^^^^^^^^^^
OSError: [Errno 101] Network is unreachable
Traceback (most recent call last):
  File "/home/pi/pi_trigger_2pics_BGR.py", line 273, in <module>
    main()
    ~~~~^^
  File "/home/pi/pi_trigger_2pics_BGR.py", line 155, in main
    udp_sock = setup_multicast_socket()
  File "/home/pi/pi_trigger_2pics_BGR.py", line 125, in setup_multicast_socket
    iface_ip = _get_default_ip()
  File "/home/pi/pi_trigger_2pics_BGR.py", line 120, in _get_default_ip
    tmp.connect(("192.168.178.5", 80))
    ~~~~~~~~~~~^^^^^^^^^^^^^^^^^^^^^^^
OSError: [Errno 101] Network is unreachable
Traceback (most recent call last):
  File "/home/pi/pi_trigger_2pics_BGR.py", line 273, in <module>
    main()
    ~~~~^^
  File "/home/pi/pi_trigger_2pics_BGR.py", line 155, in main
    udp_sock = setup_multicast_socket()
  File "/home/pi/pi_trigger_2pics_BGR.py", line 125, in setup_multicast_socket
    iface_ip = _get_default_ip()
  File "/home/pi/pi_trigger_2pics_BGR.py", line 120, in _get_default_ip
    tmp.connect(("192.168.178.5", 80))
    ~~~~~~~~~~~^^^^^^^^^^^^^^^^^^^^^^^
OSError: [Errno 101] Network is unreachable
Traceback (most recent call last):
  File "/home/pi/pi_trigger_2pics_BGR.py", line 273, in <module>
    main()
    ~~~~^^
  File "/home/pi/pi_trigger_2pics_BGR.py", line 155, in main
    udp_sock = setup_multicast_socket()
  File "/home/pi/pi_trigger_2pics_BGR.py", line 125, in setup_multicast_socket
    iface_ip = _get_default_ip()
  File "/home/pi/pi_trigger_2pics_BGR.py", line 120, in _get_default_ip
    tmp.connect(("192.168.178.5", 80))
    ~~~~~~~~~~~^^^^^^^^^^^^^^^^^^^^^^^
OSError: [Errno 101] Network is unreachable
Traceback (most recent call last):
  File "/home/pi/pi_trigger_2pics_BGR.py", line 273, in <module>
    main()
    ~~~~^^
  File "/home/pi/pi_trigger_2pics_BGR.py", line 155, in main
    udp_sock = setup_multicast_socket()
  File "/home/pi/pi_trigger_2pics_BGR.py", line 125, in setup_multicast_socket
    iface_ip = _get_default_ip()
  File "/home/pi/pi_trigger_2pics_BGR.py", line 120, in _get_default_ip
    tmp.connect(("192.168.178.5", 80))
    ~~~~~~~~~~~^^^^^^^^^^^^^^^^^^^^^^^
OSError: [Errno 101] Network is unreachable
Traceback (most recent call last):
  File "/home/pi/pi_trigger_2pics_BGR.py", line 273, in <module>
    main()
    ~~~~^^
  File "/home/pi/pi_trigger_2pics_BGR.py", line 155, in main
    udp_sock = setup_multicast_socket()
  File "/home/pi/pi_trigger_2pics_BGR.py", line 125, in setup_multicast_socket
    iface_ip = _get_default_ip()
  File "/home/pi/pi_trigger_2pics_BGR.py", line 120, in _get_default_ip
    tmp.connect(("192.168.178.5", 80))
    ~~~~~~~~~~~^^^^^^^^^^^^^^^^^^^^^^^
OSError: [Errno 101] Network is unreachable
Traceback (most recent call last):
  File "/home/pi/pi_trigger_2pics_BGR.py", line 273, in <module>
    main()
    ~~~~^^
  File "/home/pi/pi_trigger_2pics_BGR.py", line 155, in main
    udp_sock = setup_multicast_socket()
  File "/home/pi/pi_trigger_2pics_BGR.py", line 125, in setup_multicast_socket
    iface_ip = _get_default_ip()
  File "/home/pi/pi_trigger_2pics_BGR.py", line 120, in _get_default_ip
    tmp.connect(("192.168.178.5", 80))
    ~~~~~~~~~~~^^^^^^^^^^^^^^^^^^^^^^^
OSError: [Errno 101] Network is unreachable
Traceback (most recent call last):
  File "/home/pi/pi_trigger_2pics_BGR.py", line 273, in <module>
    main()
    ~~~~^^
  File "/home/pi/pi_trigger_2pics_BGR.py", line 155, in main
    udp_sock = setup_multicast_socket()
  File "/home/pi/pi_trigger_2pics_BGR.py", line 125, in setup_multicast_socket
    iface_ip = _get_default_ip()
  File "/home/pi/pi_trigger_2pics_BGR.py", line 120, in _get_default_ip
    tmp.connect(("192.168.178.5", 80))
    ~~~~~~~~~~~^^^^^^^^^^^^^^^^^^^^^^^
OSError: [Errno 101] Network is unreachable
Traceback (most recent call last):
  File "/home/pi/pi_trigger_2pics_BGR.py", line 273, in <module>
    main()
    ~~~~^^
  File "/home/pi/pi_trigger_2pics_BGR.py", line 155, in main
    udp_sock = setup_multicast_socket()
  File "/home/pi/pi_trigger_2pics_BGR.py", line 125, in setup_multicast_socket
    iface_ip = _get_default_ip()
  File "/home/pi/pi_trigger_2pics_BGR.py", line 120, in _get_default_ip
    tmp.connect(("192.168.178.5", 80))
    ~~~~~~~~~~~^^^^^^^^^^^^^^^^^^^^^^^
OSError: [Errno 101] Network is unreachable
Traceback (most recent call last):
  File "/home/pi/pi_trigger_2pics_BGR.py", line 273, in <module>
    main()
    ~~~~^^
  File "/home/pi/pi_trigger_2pics_BGR.py", line 155, in main
    udp_sock = setup_multicast_socket()
  File "/home/pi/pi_trigger_2pics_BGR.py", line 125, in setup_multicast_socket
    iface_ip = _get_default_ip()
  File "/home/pi/pi_trigger_2pics_BGR.py", line 120, in _get_default_ip
    tmp.connect(("192.168.178.5", 80))
    ~~~~~~~~~~~^^^^^^^^^^^^^^^^^^^^^^^
OSError: [Errno 101] Network is unreachable
Traceback (most recent call last):
  File "/home/pi/pi_trigger_2pics_BGR.py", line 273, in <module>
    main()
    ~~~~^^
  File "/home/pi/pi_trigger_2pics_BGR.py", line 155, in main
    udp_sock = setup_multicast_socket()
  File "/home/pi/pi_trigger_2pics_BGR.py", line 125, in setup_multicast_socket
    iface_ip = _get_default_ip()
  File "/home/pi/pi_trigger_2pics_BGR.py", line 120, in _get_default_ip
    tmp.connect(("192.168.178.5", 80))
    ~~~~~~~~~~~^^^^^^^^^^^^^^^^^^^^^^^
OSError: [Errno 101] Network is unreachable
Traceback (most recent call last):
  File "/home/pi/pi_trigger_2pics_BGR.py", line 273, in <module>
    main()
    ~~~~^^
  File "/home/pi/pi_trigger_2pics_BGR.py", line 155, in main
    udp_sock = setup_multicast_socket()
  File "/home/pi/pi_trigger_2pics_BGR.py", line 125, in setup_multicast_socket
    iface_ip = _get_default_ip()
  File "/home/pi/pi_trigger_2pics_BGR.py", line 120, in _get_default_ip
    tmp.connect(("192.168.178.5", 80))
    ~~~~~~~~~~~^^^^^^^^^^^^^^^^^^^^^^^
OSError: [Errno 101] Network is unreachable
Traceback (most recent call last):
  File "/home/pi/pi_trigger_2pics_BGR.py", line 273, in <module>
    main()
    ~~~~^^
  File "/home/pi/pi_trigger_2pics_BGR.py", line 155, in main
    udp_sock = setup_multicast_socket()
  File "/home/pi/pi_trigger_2pics_BGR.py", line 125, in setup_multicast_socket
    iface_ip = _get_default_ip()
  File "/home/pi/pi_trigger_2pics_BGR.py", line 120, in _get_default_ip
    tmp.connect(("192.168.178.5", 80))
    ~~~~~~~~~~~^^^^^^^^^^^^^^^^^^^^^^^
OSError: [Errno 101] Network is unreachable
Traceback (most recent call last):
  File "/home/pi/pi_trigger_2pics_BGR.py", line 273, in <module>
    main()
    ~~~~^^
  File "/home/pi/pi_trigger_2pics_BGR.py", line 155, in main
    udp_sock = setup_multicast_socket()
  File "/home/pi/pi_trigger_2pics_BGR.py", line 125, in setup_multicast_socket
    iface_ip = _get_default_ip()
  File "/home/pi/pi_trigger_2pics_BGR.py", line 120, in _get_default_ip
    tmp.connect(("192.168.178.5", 80))
    ~~~~~~~~~~~^^^^^^^^^^^^^^^^^^^^^^^
OSError: [Errno 101] Network is unreachable
Traceback (most recent call last):
  File "/home/pi/pi_trigger_2pics_BGR.py", line 273, in <module>
    main()
    ~~~~^^
  File "/home/pi/pi_trigger_2pics_BGR.py", line 155, in main
    udp_sock = setup_multicast_socket()
  File "/home/pi/pi_trigger_2pics_BGR.py", line 125, in setup_multicast_socket
    iface_ip = _get_default_ip()
  File "/home/pi/pi_trigger_2pics_BGR.py", line 120, in _get_default_ip
    tmp.connect(("192.168.178.5", 80))
    ~~~~~~~~~~~^^^^^^^^^^^^^^^^^^^^^^^
OSError: [Errno 101] Network is unreachable
Traceback (most recent call last):
  File "/home/pi/pi_trigger_2pics_BGR.py", line 273, in <module>
    main()
    ~~~~^^
  File "/home/pi/pi_trigger_2pics_BGR.py", line 155, in main
    udp_sock = setup_multicast_socket()
  File "/home/pi/pi_trigger_2pics_BGR.py", line 125, in setup_multicast_socket
    iface_ip = _get_default_ip()
  File "/home/pi/pi_trigger_2pics_BGR.py", line 120, in _get_default_ip
    tmp.connect(("192.168.178.5", 80))
    ~~~~~~~~~~~^^^^^^^^^^^^^^^^^^^^^^^
OSError: [Errno 101] Network is unreachable
Traceback (most recent call last):
  File "/home/pi/pi_trigger_2pics_BGR.py", line 273, in <module>
    main()
    ~~~~^^
  File "/home/pi/pi_trigger_2pics_BGR.py", line 155, in main
    udp_sock = setup_multicast_socket()
  File "/home/pi/pi_trigger_2pics_BGR.py", line 125, in setup_multicast_socket
    iface_ip = _get_default_ip()
  File "/home/pi/pi_trigger_2pics_BGR.py", line 120, in _get_default_ip
    tmp.connect(("192.168.178.5", 80))
    ~~~~~~~~~~~^^^^^^^^^^^^^^^^^^^^^^^
OSError: [Errno 101] Network is unreachable
Traceback (most recent call last):
  File "/home/pi/pi_trigger_2pics_BGR.py", line 273, in <module>
    main()
    ~~~~^^
  File "/home/pi/pi_trigger_2pics_BGR.py", line 155, in main
    udp_sock = setup_multicast_socket()
  File "/home/pi/pi_trigger_2pics_BGR.py", line 125, in setup_multicast_socket
    iface_ip = _get_default_ip()
  File "/home/pi/pi_trigger_2pics_BGR.py", line 120, in _get_default_ip
    tmp.connect(("192.168.178.5", 80))
    ~~~~~~~~~~~^^^^^^^^^^^^^^^^^^^^^^^
OSError: [Errno 101] Network is unreachable
Traceback (most recent call last):
  File "/home/pi/pi_trigger_2pics_BGR.py", line 273, in <module>
    main()
    ~~~~^^
  File "/home/pi/pi_trigger_2pics_BGR.py", line 155, in main
    udp_sock = setup_multicast_socket()
  File "/home/pi/pi_trigger_2pics_BGR.py", line 125, in setup_multicast_socket
    iface_ip = _get_default_ip()
  File "/home/pi/pi_trigger_2pics_BGR.py", line 120, in _get_default_ip
    tmp.connect(("192.168.178.5", 80))
    ~~~~~~~~~~~^^^^^^^^^^^^^^^^^^^^^^^
OSError: [Errno 101] Network is unreachable
Traceback (most recent call last):
  File "/home/pi/pi_trigger_2pics_BGR.py", line 273, in <module>
    main()
    ~~~~^^
  File "/home/pi/pi_trigger_2pics_BGR.py", line 155, in main
    udp_sock = setup_multicast_socket()
  File "/home/pi/pi_trigger_2pics_BGR.py", line 125, in setup_multicast_socket
    iface_ip = _get_default_ip()
  File "/home/pi/pi_trigger_2pics_BGR.py", line 120, in _get_default_ip
    tmp.connect(("192.168.178.5", 80))
    ~~~~~~~~~~~^^^^^^^^^^^^^^^^^^^^^^^
OSError: [Errno 101] Network is unreachable
Traceback (most recent call last):
  File "/home/pi/pi_trigger_2pics_BGR.py", line 273, in <module>
    main()
    ~~~~^^
  File "/home/pi/pi_trigger_2pics_BGR.py", line 155, in main
    udp_sock = setup_multicast_socket()
  File "/home/pi/pi_trigger_2pics_BGR.py", line 125, in setup_multicast_socket
    iface_ip = _get_default_ip()
  File "/home/pi/pi_trigger_2pics_BGR.py", line 120, in _get_default_ip
    tmp.connect(("192.168.178.5", 80))
    ~~~~~~~~~~~^^^^^^^^^^^^^^^^^^^^^^^
OSError: [Errno 101] Network is unreachable
Traceback (most recent call last):
  File "/home/pi/pi_trigger_2pics_BGR.py", line 273, in <module>
    main()
    ~~~~^^
  File "/home/pi/pi_trigger_2pics_BGR.py", line 155, in main
    udp_sock = setup_multicast_socket()
  File "/home/pi/pi_trigger_2pics_BGR.py", line 125, in setup_multicast_socket
    iface_ip = _get_default_ip()
  File "/home/pi/pi_trigger_2pics_BGR.py", line 120, in _get_default_ip
    tmp.connect(("192.168.178.5", 80))
    ~~~~~~~~~~~^^^^^^^^^^^^^^^^^^^^^^^
OSError: [Errno 101] Network is unreachable
Traceback (most recent call last):
  File "/home/pi/pi_trigger_2pics_BGR.py", line 273, in <module>
    main()
    ~~~~^^
  File "/home/pi/pi_trigger_2pics_BGR.py", line 155, in main
    udp_sock = setup_multicast_socket()
  File "/home/pi/pi_trigger_2pics_BGR.py", line 125, in setup_multicast_socket
    iface_ip = _get_default_ip()
  File "/home/pi/pi_trigger_2pics_BGR.py", line 120, in _get_default_ip
    tmp.connect(("192.168.178.5", 80))
    ~~~~~~~~~~~^^^^^^^^^^^^^^^^^^^^^^^
OSError: [Errno 101] Network is unreachable
Traceback (most recent call last):
  File "/home/pi/pi_trigger_2pics_BGR.py", line 273, in <module>
    main()
    ~~~~^^
  File "/home/pi/pi_trigger_2pics_BGR.py", line 155, in main
    udp_sock = setup_multicast_socket()
  File "/home/pi/pi_trigger_2pics_BGR.py", line 125, in setup_multicast_socket
    iface_ip = _get_default_ip()
  File "/home/pi/pi_trigger_2pics_BGR.py", line 120, in _get_default_ip
    tmp.connect(("192.168.178.5", 80))
    ~~~~~~~~~~~^^^^^^^^^^^^^^^^^^^^^^^
OSError: [Errno 101] Network is unreachable
Traceback (most recent call last):
  File "/home/pi/pi_trigger_2pics_BGR.py", line 273, in <module>
    main()
    ~~~~^^
  File "/home/pi/pi_trigger_2pics_BGR.py", line 155, in main
    udp_sock = setup_multicast_socket()
  File "/home/pi/pi_trigger_2pics_BGR.py", line 125, in setup_multicast_socket
    iface_ip = _get_default_ip()
  File "/home/pi/pi_trigger_2pics_BGR.py", line 120, in _get_default_ip
    tmp.connect(("192.168.178.5", 80))
    ~~~~~~~~~~~^^^^^^^^^^^^^^^^^^^^^^^
OSError: [Errno 101] Network is unreachable
Traceback (most recent call last):
  File "/home/pi/pi_trigger_2pics_BGR.py", line 273, in <module>
    main()
    ~~~~^^
  File "/home/pi/pi_trigger_2pics_BGR.py", line 155, in main
    udp_sock = setup_multicast_socket()
  File "/home/pi/pi_trigger_2pics_BGR.py", line 125, in setup_multicast_socket
    iface_ip = _get_default_ip()
  File "/home/pi/pi_trigger_2pics_BGR.py", line 120, in _get_default_ip
    tmp.connect(("192.168.178.5", 80))
    ~~~~~~~~~~~^^^^^^^^^^^^^^^^^^^^^^^
OSError: [Errno 101] Network is unreachable
Traceback (most recent call last):
  File "/home/pi/pi_trigger_2pics_BGR.py", line 273, in <module>
    main()
    ~~~~^^
  File "/home/pi/pi_trigger_2pics_BGR.py", line 155, in main
    udp_sock = setup_multicast_socket()
  File "/home/pi/pi_trigger_2pics_BGR.py", line 125, in setup_multicast_socket
    iface_ip = _get_default_ip()
  File "/home/pi/pi_trigger_2pics_BGR.py", line 120, in _get_default_ip
    tmp.connect(("192.168.178.5", 80))
    ~~~~~~~~~~~^^^^^^^^^^^^^^^^^^^^^^^
OSError: [Errno 101] Network is unreachable
Traceback (most recent call last):
  File "/home/pi/pi_trigger_2pics_BGR.py", line 273, in <module>
    main()
    ~~~~^^
  File "/home/pi/pi_trigger_2pics_BGR.py", line 155, in main
    udp_sock = setup_multicast_socket()
  File "/home/pi/pi_trigger_2pics_BGR.py", line 125, in setup_multicast_socket
    iface_ip = _get_default_ip()
  File "/home/pi/pi_trigger_2pics_BGR.py", line 120, in _get_default_ip
    tmp.connect(("192.168.178.5", 80))
    ~~~~~~~~~~~^^^^^^^^^^^^^^^^^^^^^^^
OSError: [Errno 101] Network is unreachable
Traceback (most recent call last):
  File "/home/pi/pi_trigger_2pics_BGR.py", line 273, in <module>
    main()
    ~~~~^^
  File "/home/pi/pi_trigger_2pics_BGR.py", line 155, in main
    udp_sock = setup_multicast_socket()
  File "/home/pi/pi_trigger_2pics_BGR.py", line 125, in setup_multicast_socket
    iface_ip = _get_default_ip()
  File "/home/pi/pi_trigger_2pics_BGR.py", line 120, in _get_default_ip
    tmp.connect(("192.168.178.5", 80))
    ~~~~~~~~~~~^^^^^^^^^^^^^^^^^^^^^^^
OSError: [Errno 101] Network is unreachable
Traceback (most recent call last):
  File "/home/pi/pi_trigger_2pics_BGR.py", line 273, in <module>
    main()
    ~~~~^^
  File "/home/pi/pi_trigger_2pics_BGR.py", line 155, in main
    udp_sock = setup_multicast_socket()
  File "/home/pi/pi_trigger_2pics_BGR.py", line 125, in setup_multicast_socket
    iface_ip = _get_default_ip()
  File "/home/pi/pi_trigger_2pics_BGR.py", line 120, in _get_default_ip
    tmp.connect(("192.168.178.5", 80))
    ~~~~~~~~~~~^^^^^^^^^^^^^^^^^^^^^^^
OSError: [Errno 101] Network is unreachable
Traceback (most recent call last):
  File "/home/pi/pi_trigger_2pics_BGR.py", line 273, in <module>
    main()
    ~~~~^^
  File "/home/pi/pi_trigger_2pics_BGR.py", line 155, in main
    udp_sock = setup_multicast_socket()
  File "/home/pi/pi_trigger_2pics_BGR.py", line 125, in setup_multicast_socket
    iface_ip = _get_default_ip()
  File "/home/pi/pi_trigger_2pics_BGR.py", line 120, in _get_default_ip
    tmp.connect(("192.168.178.5", 80))
    ~~~~~~~~~~~^^^^^^^^^^^^^^^^^^^^^^^
OSError: [Errno 101] Network is unreachable
Traceback (most recent call last):
  File "/home/pi/pi_trigger_2pics_BGR.py", line 273, in <module>
    main()
    ~~~~^^
  File "/home/pi/pi_trigger_2pics_BGR.py", line 155, in main
    udp_sock = setup_multicast_socket()
  File "/home/pi/pi_trigger_2pics_BGR.py", line 125, in setup_multicast_socket
    iface_ip = _get_default_ip()
  File "/home/pi/pi_trigger_2pics_BGR.py", line 120, in _get_default_ip
    tmp.connect(("192.168.178.5", 80))
    ~~~~~~~~~~~^^^^^^^^^^^^^^^^^^^^^^^
OSError: [Errno 101] Network is unreachable
Traceback (most recent call last):
  File "/home/pi/pi_trigger_2pics_BGR.py", line 273, in <module>
    main()
    ~~~~^^
  File "/home/pi/pi_trigger_2pics_BGR.py", line 155, in main
    udp_sock = setup_multicast_socket()
  File "/home/pi/pi_trigger_2pics_BGR.py", line 125, in setup_multicast_socket
    iface_ip = _get_default_ip()
  File "/home/pi/pi_trigger_2pics_BGR.py", line 120, in _get_default_ip
    tmp.connect(("192.168.178.5", 80))
    ~~~~~~~~~~~^^^^^^^^^^^^^^^^^^^^^^^
OSError: [Errno 101] Network is unreachable
Traceback (most recent call last):
  File "/home/pi/pi_trigger_2pics_BGR.py", line 273, in <module>
    main()
    ~~~~^^
  File "/home/pi/pi_trigger_2pics_BGR.py", line 155, in main
    udp_sock = setup_multicast_socket()
  File "/home/pi/pi_trigger_2pics_BGR.py", line 125, in setup_multicast_socket
    iface_ip = _get_default_ip()
  File "/home/pi/pi_trigger_2pics_BGR.py", line 120, in _get_default_ip
    tmp.connect(("192.168.178.5", 80))
    ~~~~~~~~~~~^^^^^^^^^^^^^^^^^^^^^^^
OSError: [Errno 101] Network is unreachable
Traceback (most recent call last):
  File "/home/pi/pi_trigger_2pics_BGR.py", line 273, in <module>
    main()
    ~~~~^^
  File "/home/pi/pi_trigger_2pics_BGR.py", line 155, in main
    udp_sock = setup_multicast_socket()
  File "/home/pi/pi_trigger_2pics_BGR.py", line 125, in setup_multicast_socket
    iface_ip = _get_default_ip()
  File "/home/pi/pi_trigger_2pics_BGR.py", line 120, in _get_default_ip
    tmp.connect(("192.168.178.5", 80))
    ~~~~~~~~~~~^^^^^^^^^^^^^^^^^^^^^^^
OSError: [Errno 101] Network is unreachable
Traceback (most recent call last):
  File "/home/pi/pi_trigger_2pics_BGR.py", line 273, in <module>
    main()
    ~~~~^^
  File "/home/pi/pi_trigger_2pics_BGR.py", line 155, in main
    udp_sock = setup_multicast_socket()
  File "/home/pi/pi_trigger_2pics_BGR.py", line 125, in setup_multicast_socket
    iface_ip = _get_default_ip()
  File "/home/pi/pi_trigger_2pics_BGR.py", line 120, in _get_default_ip
    tmp.connect(("192.168.178.5", 80))
    ~~~~~~~~~~~^^^^^^^^^^^^^^^^^^^^^^^
OSError: [Errno 101] Network is unreachable
Traceback (most recent call last):
  File "/home/pi/pi_trigger_2pics_BGR.py", line 273, in <module>
    main()
    ~~~~^^
  File "/home/pi/pi_trigger_2pics_BGR.py", line 155, in main
    udp_sock = setup_multicast_socket()
  File "/home/pi/pi_trigger_2pics_BGR.py", line 125, in setup_multicast_socket
    iface_ip = _get_default_ip()
  File "/home/pi/pi_trigger_2pics_BGR.py", line 120, in _get_default_ip
    tmp.connect(("192.168.178.5", 80))
    ~~~~~~~~~~~^^^^^^^^^^^^^^^^^^^^^^^
OSError: [Errno 101] Network is unreachable
Traceback (most recent call last):
  File "/home/pi/pi_trigger_2pics_BGR.py", line 273, in <module>
    main()
    ~~~~^^
  File "/home/pi/pi_trigger_2pics_BGR.py", line 155, in main
    udp_sock = setup_multicast_socket()
  File "/home/pi/pi_trigger_2pics_BGR.py", line 125, in setup_multicast_socket
    iface_ip = _get_default_ip()
  File "/home/pi/pi_trigger_2pics_BGR.py", line 120, in _get_default_ip
    tmp.connect(("192.168.178.5", 80))
    ~~~~~~~~~~~^^^^^^^^^^^^^^^^^^^^^^^
OSError: [Errno 101] Network is unreachable
Traceback (most recent call last):
  File "/home/pi/pi_trigger_2pics_BGR.py", line 273, in <module>
    main()
    ~~~~^^
  File "/home/pi/pi_trigger_2pics_BGR.py", line 155, in main
    udp_sock = setup_multicast_socket()
  File "/home/pi/pi_trigger_2pics_BGR.py", line 125, in setup_multicast_socket
    iface_ip = _get_default_ip()
  File "/home/pi/pi_trigger_2pics_BGR.py", line 120, in _get_default_ip
    tmp.connect(("192.168.178.5", 80))
    ~~~~~~~~~~~^^^^^^^^^^^^^^^^^^^^^^^
OSError: [Errno 101] Network is unreachable
Traceback (most recent call last):
  File "/home/pi/pi_trigger_2pics_BGR.py", line 273, in <module>
    main()
    ~~~~^^
  File "/home/pi/pi_trigger_2pics_BGR.py", line 155, in main
    udp_sock = setup_multicast_socket()
  File "/home/pi/pi_trigger_2pics_BGR.py", line 125, in setup_multicast_socket
    iface_ip = _get_default_ip()
  File "/home/pi/pi_trigger_2pics_BGR.py", line 120, in _get_default_ip
    tmp.connect(("192.168.178.5", 80))
    ~~~~~~~~~~~^^^^^^^^^^^^^^^^^^^^^^^
OSError: [Errno 101] Network is unreachable
Traceback (most recent call last):
  File "/home/pi/pi_trigger_2pics_BGR.py", line 273, in <module>
    main()
    ~~~~^^
  File "/home/pi/pi_trigger_2pics_BGR.py", line 155, in main
    udp_sock = setup_multicast_socket()
  File "/home/pi/pi_trigger_2pics_BGR.py", line 125, in setup_multicast_socket
    iface_ip = _get_default_ip()
  File "/home/pi/pi_trigger_2pics_BGR.py", line 120, in _get_default_ip
    tmp.connect(("192.168.178.5", 80))
    ~~~~~~~~~~~^^^^^^^^^^^^^^^^^^^^^^^
OSError: [Errno 101] Network is unreachable
Traceback (most recent call last):
  File "/home/pi/pi_trigger_2pics_BGR.py", line 273, in <module>
    main()
    ~~~~^^
  File "/home/pi/pi_trigger_2pics_BGR.py", line 155, in main
    udp_sock = setup_multicast_socket()
  File "/home/pi/pi_trigger_2pics_BGR.py", line 125, in setup_multicast_socket
    iface_ip = _get_default_ip()
  File "/home/pi/pi_trigger_2pics_BGR.py", line 120, in _get_default_ip
    tmp.connect(("192.168.178.5", 80))
    ~~~~~~~~~~~^^^^^^^^^^^^^^^^^^^^^^^
OSError: [Errno 101] Network is unreachable
Traceback (most recent call last):
  File "/home/pi/pi_trigger_2pics_BGR.py", line 273, in <module>
    main()
    ~~~~^^
  File "/home/pi/pi_trigger_2pics_BGR.py", line 155, in main
    udp_sock = setup_multicast_socket()
  File "/home/pi/pi_trigger_2pics_BGR.py", line 125, in setup_multicast_socket
    iface_ip = _get_default_ip()
  File "/home/pi/pi_trigger_2pics_BGR.py", line 120, in _get_default_ip
    tmp.connect(("192.168.178.5", 80))
    ~~~~~~~~~~~^^^^^^^^^^^^^^^^^^^^^^^
OSError: [Errno 101] Network is unreachable
Traceback (most recent call last):
  File "/home/pi/pi_trigger_2pics_BGR.py", line 273, in <module>
    main()
    ~~~~^^
  File "/home/pi/pi_trigger_2pics_BGR.py", line 155, in main
    udp_sock = setup_multicast_socket()
  File "/home/pi/pi_trigger_2pics_BGR.py", line 125, in setup_multicast_socket
    iface_ip = _get_default_ip()
  File "/home/pi/pi_trigger_2pics_BGR.py", line 120, in _get_default_ip
    tmp.connect(("192.168.178.5", 80))
    ~~~~~~~~~~~^^^^^^^^^^^^^^^^^^^^^^^
OSError: [Errno 101] Network is unreachable
Traceback (most recent call last):
  File "/home/pi/pi_trigger_2pics_BGR.py", line 273, in <module>
    main()
    ~~~~^^
  File "/home/pi/pi_trigger_2pics_BGR.py", line 155, in main
    udp_sock = setup_multicast_socket()
  File "/home/pi/pi_trigger_2pics_BGR.py", line 125, in setup_multicast_socket
    iface_ip = _get_default_ip()
  File "/home/pi/pi_trigger_2pics_BGR.py", line 120, in _get_default_ip
    tmp.connect(("192.168.178.5", 80))
    ~~~~~~~~~~~^^^^^^^^^^^^^^^^^^^^^^^
OSError: [Errno 101] Network is unreachable
Traceback (most recent call last):
  File "/home/pi/pi_trigger_2pics_BGR.py", line 273, in <module>
    main()
    ~~~~^^
  File "/home/pi/pi_trigger_2pics_BGR.py", line 155, in main
    udp_sock = setup_multicast_socket()
  File "/home/pi/pi_trigger_2pics_BGR.py", line 125, in setup_multicast_socket
    iface_ip = _get_default_ip()
  File "/home/pi/pi_trigger_2pics_BGR.py", line 120, in _get_default_ip
    tmp.connect(("192.168.178.5", 80))
    ~~~~~~~~~~~^^^^^^^^^^^^^^^^^^^^^^^
OSError: [Errno 101] Network is unreachable
Traceback (most recent call last):
  File "/home/pi/pi_trigger_2pics_BGR.py", line 273, in <module>
    main()
    ~~~~^^
  File "/home/pi/pi_trigger_2pics_BGR.py", line 155, in main
    udp_sock = setup_multicast_socket()
  File "/home/pi/pi_trigger_2pics_BGR.py", line 125, in setup_multicast_socket
    iface_ip = _get_default_ip()
  File "/home/pi/pi_trigger_2pics_BGR.py", line 120, in _get_default_ip
    tmp.connect(("192.168.178.5", 80))
    ~~~~~~~~~~~^^^^^^^^^^^^^^^^^^^^^^^
OSError: [Errno 101] Network is unreachable
Traceback (most recent call last):
  File "/home/pi/pi_trigger_2pics_BGR.py", line 273, in <module>
    main()
    ~~~~^^
  File "/home/pi/pi_trigger_2pics_BGR.py", line 155, in main
    udp_sock = setup_multicast_socket()
  File "/home/pi/pi_trigger_2pics_BGR.py", line 125, in setup_multicast_socket
    iface_ip = _get_default_ip()
  File "/home/pi/pi_trigger_2pics_BGR.py", line 120, in _get_default_ip
    tmp.connect(("192.168.178.5", 80))
    ~~~~~~~~~~~^^^^^^^^^^^^^^^^^^^^^^^
OSError: [Errno 101] Network is unreachable
Traceback (most recent call last):
  File "/home/pi/pi_trigger_2pics_BGR.py", line 273, in <module>
    main()
    ~~~~^^
  File "/home/pi/pi_trigger_2pics_BGR.py", line 155, in main
    udp_sock = setup_multicast_socket()
  File "/home/pi/pi_trigger_2pics_BGR.py", line 125, in setup_multicast_socket
    iface_ip = _get_default_ip()
  File "/home/pi/pi_trigger_2pics_BGR.py", line 120, in _get_default_ip
    tmp.connect(("192.168.178.5", 80))
    ~~~~~~~~~~~^^^^^^^^^^^^^^^^^^^^^^^
OSError: [Errno 101] Network is unreachable
Traceback (most recent call last):
  File "/home/pi/pi_trigger_2pics_BGR.py", line 273, in <module>
    main()
    ~~~~^^
  File "/home/pi/pi_trigger_2pics_BGR.py", line 155, in main
    udp_sock = setup_multicast_socket()
  File "/home/pi/pi_trigger_2pics_BGR.py", line 125, in setup_multicast_socket
    iface_ip = _get_default_ip()
  File "/home/pi/pi_trigger_2pics_BGR.py", line 120, in _get_default_ip
    tmp.connect(("192.168.178.5", 80))
    ~~~~~~~~~~~^^^^^^^^^^^^^^^^^^^^^^^
OSError: [Errno 101] Network is unreachable
Traceback (most recent call last):
  File "/home/pi/pi_trigger_2pics_BGR.py", line 273, in <module>
    main()
    ~~~~^^
  File "/home/pi/pi_trigger_2pics_BGR.py", line 155, in main
    udp_sock = setup_multicast_socket()
  File "/home/pi/pi_trigger_2pics_BGR.py", line 125, in setup_multicast_socket
    iface_ip = _get_default_ip()
  File "/home/pi/pi_trigger_2pics_BGR.py", line 120, in _get_default_ip
    tmp.connect(("192.168.178.5", 80))
    ~~~~~~~~~~~^^^^^^^^^^^^^^^^^^^^^^^
OSError: [Errno 101] Network is unreachable
Traceback (most recent call last):
  File "/home/pi/pi_trigger_2pics_BGR.py", line 273, in <module>
    main()
    ~~~~^^
  File "/home/pi/pi_trigger_2pics_BGR.py", line 155, in main
    udp_sock = setup_multicast_socket()
  File "/home/pi/pi_trigger_2pics_BGR.py", line 125, in setup_multicast_socket
    iface_ip = _get_default_ip()
  File "/home/pi/pi_trigger_2pics_BGR.py", line 120, in _get_default_ip
    tmp.connect(("192.168.178.5", 80))
    ~~~~~~~~~~~^^^^^^^^^^^^^^^^^^^^^^^
OSError: [Errno 101] Network is unreachable
Traceback (most recent call last):
  File "/home/pi/pi_trigger_2pics_BGR.py", line 273, in <module>
    main()
    ~~~~^^
  File "/home/pi/pi_trigger_2pics_BGR.py", line 155, in main
    udp_sock = setup_multicast_socket()
  File "/home/pi/pi_trigger_2pics_BGR.py", line 125, in setup_multicast_socket
    iface_ip = _get_default_ip()
  File "/home/pi/pi_trigger_2pics_BGR.py", line 120, in _get_default_ip
    tmp.connect(("192.168.178.5", 80))
    ~~~~~~~~~~~^^^^^^^^^^^^^^^^^^^^^^^
OSError: [Errno 101] Network is unreachable
Traceback (most recent call last):
  File "/home/pi/pi_trigger_2pics_BGR.py", line 273, in <module>
    main()
    ~~~~^^
  File "/home/pi/pi_trigger_2pics_BGR.py", line 155, in main
    udp_sock = setup_multicast_socket()
  File "/home/pi/pi_trigger_2pics_BGR.py", line 125, in setup_multicast_socket
    iface_ip = _get_default_ip()
  File "/home/pi/pi_trigger_2pics_BGR.py", line 120, in _get_default_ip
    tmp.connect(("192.168.178.5", 80))
    ~~~~~~~~~~~^^^^^^^^^^^^^^^^^^^^^^^
OSError: [Errno 101] Network is unreachable
Traceback (most recent call last):
  File "/home/pi/pi_trigger_2pics_BGR.py", line 273, in <module>
    main()
    ~~~~^^
  File "/home/pi/pi_trigger_2pics_BGR.py", line 155, in main
    udp_sock = setup_multicast_socket()
  File "/home/pi/pi_trigger_2pics_BGR.py", line 125, in setup_multicast_socket
    iface_ip = _get_default_ip()
  File "/home/pi/pi_trigger_2pics_BGR.py", line 120, in _get_default_ip
    tmp.connect(("192.168.178.5", 80))
    ~~~~~~~~~~~^^^^^^^^^^^^^^^^^^^^^^^
OSError: [Errno 101] Network is unreachable
Traceback (most recent call last):
  File "/home/pi/pi_trigger_2pics_BGR.py", line 273, in <module>
    main()
    ~~~~^^
  File "/home/pi/pi_trigger_2pics_BGR.py", line 155, in main
    udp_sock = setup_multicast_socket()
  File "/home/pi/pi_trigger_2pics_BGR.py", line 125, in setup_multicast_socket
    iface_ip = _get_default_ip()
  File "/home/pi/pi_trigger_2pics_BGR.py", line 120, in _get_default_ip
    tmp.connect(("192.168.178.5", 80))
    ~~~~~~~~~~~^^^^^^^^^^^^^^^^^^^^^^^
OSError: [Errno 101] Network is unreachable
Traceback (most recent call last):
  File "/home/pi/pi_trigger_2pics_BGR.py", line 273, in <module>
    main()
    ~~~~^^
  File "/home/pi/pi_trigger_2pics_BGR.py", line 155, in main
    udp_sock = setup_multicast_socket()
  File "/home/pi/pi_trigger_2pics_BGR.py", line 125, in setup_multicast_socket
    iface_ip = _get_default_ip()
  File "/home/pi/pi_trigger_2pics_BGR.py", line 120, in _get_default_ip
    tmp.connect(("192.168.178.5", 80))
    ~~~~~~~~~~~^^^^^^^^^^^^^^^^^^^^^^^
OSError: [Errno 101] Network is unreachable
Traceback (most recent call last):
  File "/home/pi/pi_trigger_2pics_BGR.py", line 273, in <module>
    main()
    ~~~~^^
  File "/home/pi/pi_trigger_2pics_BGR.py", line 155, in main
    udp_sock = setup_multicast_socket()
  File "/home/pi/pi_trigger_2pics_BGR.py", line 125, in setup_multicast_socket
    iface_ip = _get_default_ip()
  File "/home/pi/pi_trigger_2pics_BGR.py", line 120, in _get_default_ip
    tmp.connect(("192.168.178.5", 80))
    ~~~~~~~~~~~^^^^^^^^^^^^^^^^^^^^^^^
OSError: [Errno 101] Network is unreachable
Fatal Python error: _enter_buffered_busy: could not acquire lock for <_io.BufferedWriter name='<stdout>'> at interpreter shutdown, possibly due to daemon threads
Python runtime state: finalizing (tstate=0x0000000000a6c840)

Current thread 0x00007fff2ae50760 (most recent call first):
  <no Python frame>

Extension modules: psutil._psutil_linux, psutil._psutil_posix, numpy._core._multiarray_umath, numpy.linalg._umath_linalg, PIL._imaging, av._core, av.logging, av.bytesource, av.buffer, av.audio.format, av.error, av.dictionary, av.container.pyio, av.utils, av.option, av.descriptor, av.format, av.stream, av.container.streams, av.sidedata.motionvectors, av.sidedata.sidedata, av.opaque, av.packet, av.container.input, av.container.output, av.container.core, av.codec.context, av.video.format, av.video.reformatter, av.plane, av.video.plane, av.video.frame, av.video.stream, av.codec.hwaccel, av.codec.codec, av.frame, av.audio.layout, av.audio.plane, av.audio.frame, av.audio.stream, av.filter.pad, av.filter.link, av.filter.context, av.filter.graph, av.filter.filter, av.audio.resampler, av.filter.loudnorm, av.audio.codeccontext, av.audio.fifo, av.bitstream, av.video.codeccontext, _prctl, simplejpeg._jpeg, markupsafe._speedups (total: 54)
Traceback (most recent call last):
  File "/home/pi/pi_trigger_2pics_BGR.py", line 273, in <module>
    main()
    ~~~~^^
  File "/home/pi/pi_trigger_2pics_BGR.py", line 155, in main
    udp_sock = setup_multicast_socket()
  File "/home/pi/pi_trigger_2pics_BGR.py", line 125, in setup_multicast_socket
    iface_ip = _get_default_ip()
  File "/home/pi/pi_trigger_2pics_BGR.py", line 120, in _get_default_ip
    tmp.connect(("192.168.178.5", 80))
    ~~~~~~~~~~~^^^^^^^^^^^^^^^^^^^^^^^
OSError: [Errno 101] Network is unreachable
Traceback (most recent call last):
  File "/home/pi/pi_trigger_2pics_BGR.py", line 273, in <module>
    main()
    ~~~~^^
  File "/home/pi/pi_trigger_2pics_BGR.py", line 155, in main
    udp_sock = setup_multicast_socket()
  File "/home/pi/pi_trigger_2pics_BGR.py", line 125, in setup_multicast_socket
    iface_ip = _get_default_ip()
  File "/home/pi/pi_trigger_2pics_BGR.py", line 120, in _get_default_ip
    tmp.connect(("192.168.178.5", 80))
    ~~~~~~~~~~~^^^^^^^^^^^^^^^^^^^^^^^
OSError: [Errno 101] Network is unreachable
Traceback (most recent call last):
  File "/home/pi/pi_trigger_2pics_BGR.py", line 273, in <module>
    main()
    ~~~~^^
  File "/home/pi/pi_trigger_2pics_BGR.py", line 155, in main
    udp_sock = setup_multicast_socket()
  File "/home/pi/pi_trigger_2pics_BGR.py", line 125, in setup_multicast_socket
    iface_ip = _get_default_ip()
  File "/home/pi/pi_trigger_2pics_BGR.py", line 120, in _get_default_ip
    tmp.connect(("192.168.178.5", 80))
    ~~~~~~~~~~~^^^^^^^^^^^^^^^^^^^^^^^
OSError: [Errno 101] Network is unreachable
Traceback (most recent call last):
  File "/home/pi/pi_trigger_2pics_BGR.py", line 273, in <module>
    main()
    ~~~~^^
  File "/home/pi/pi_trigger_2pics_BGR.py", line 155, in main
    udp_sock = setup_multicast_socket()
  File "/home/pi/pi_trigger_2pics_BGR.py", line 125, in setup_multicast_socket
    iface_ip = _get_default_ip()
  File "/home/pi/pi_trigger_2pics_BGR.py", line 120, in _get_default_ip
    tmp.connect(("192.168.178.5", 80))
    ~~~~~~~~~~~^^^^^^^^^^^^^^^^^^^^^^^
OSError: [Errno 101] Network is unreachable
Traceback (most recent call last):
  File "/home/pi/pi_trigger_2pics_BGR.py", line 273, in <module>
    main()
    ~~~~^^
  File "/home/pi/pi_trigger_2pics_BGR.py", line 155, in main
    udp_sock = setup_multicast_socket()
  File "/home/pi/pi_trigger_2pics_BGR.py", line 125, in setup_multicast_socket
    iface_ip = _get_default_ip()
  File "/home/pi/pi_trigger_2pics_BGR.py", line 120, in _get_default_ip
    tmp.connect(("192.168.178.5", 80))
    ~~~~~~~~~~~^^^^^^^^^^^^^^^^^^^^^^^
OSError: [Errno 101] Network is unreachable
Traceback (most recent call last):
  File "/home/pi/pi_trigger_2pics_BGR.py", line 273, in <module>
    main()
    ~~~~^^
  File "/home/pi/pi_trigger_2pics_BGR.py", line 155, in main
    udp_sock = setup_multicast_socket()
  File "/home/pi/pi_trigger_2pics_BGR.py", line 125, in setup_multicast_socket
    iface_ip = _get_default_ip()
  File "/home/pi/pi_trigger_2pics_BGR.py", line 120, in _get_default_ip
    tmp.connect(("192.168.178.5", 80))
    ~~~~~~~~~~~^^^^^^^^^^^^^^^^^^^^^^^
OSError: [Errno 101] Network is unreachable
Traceback (most recent call last):
  File "/home/pi/pi_trigger_2pics_BGR.py", line 273, in <module>
    main()
    ~~~~^^
  File "/home/pi/pi_trigger_2pics_BGR.py", line 155, in main
    udp_sock = setup_multicast_socket()
  File "/home/pi/pi_trigger_2pics_BGR.py", line 125, in setup_multicast_socket
    iface_ip = _get_default_ip()
  File "/home/pi/pi_trigger_2pics_BGR.py", line 120, in _get_default_ip
    tmp.connect(("192.168.178.5", 80))
    ~~~~~~~~~~~^^^^^^^^^^^^^^^^^^^^^^^
OSError: [Errno 101] Network is unreachable
Traceback (most recent call last):
  File "/home/pi/pi_trigger_2pics_BGR.py", line 273, in <module>
    main()
    ~~~~^^
  File "/home/pi/pi_trigger_2pics_BGR.py", line 155, in main
    udp_sock = setup_multicast_socket()
  File "/home/pi/pi_trigger_2pics_BGR.py", line 125, in setup_multicast_socket
    iface_ip = _get_default_ip()
  File "/home/pi/pi_trigger_2pics_BGR.py", line 120, in _get_default_ip
    tmp.connect(("192.168.178.5", 80))
    ~~~~~~~~~~~^^^^^^^^^^^^^^^^^^^^^^^
OSError: [Errno 101] Network is unreachable
Traceback (most recent call last):
  File "/home/pi/pi_trigger_2pics_BGR.py", line 273, in <module>
    main()
    ~~~~^^
  File "/home/pi/pi_trigger_2pics_BGR.py", line 155, in main
    udp_sock = setup_multicast_socket()
  File "/home/pi/pi_trigger_2pics_BGR.py", line 125, in setup_multicast_socket
    iface_ip = _get_default_ip()
  File "/home/pi/pi_trigger_2pics_BGR.py", line 120, in _get_default_ip
    tmp.connect(("192.168.178.5", 80))
    ~~~~~~~~~~~^^^^^^^^^^^^^^^^^^^^^^^
OSError: [Errno 101] Network is unreachable
Traceback (most recent call last):
  File "/home/pi/pi_trigger_2pics_BGR.py", line 273, in <module>
    main()
    ~~~~^^
  File "/home/pi/pi_trigger_2pics_BGR.py", line 155, in main
    udp_sock = setup_multicast_socket()
  File "/home/pi/pi_trigger_2pics_BGR.py", line 125, in setup_multicast_socket
    iface_ip = _get_default_ip()
  File "/home/pi/pi_trigger_2pics_BGR.py", line 120, in _get_default_ip
    tmp.connect(("192.168.178.5", 80))
    ~~~~~~~~~~~^^^^^^^^^^^^^^^^^^^^^^^
OSError: [Errno 101] Network is unreachable
Traceback (most recent call last):
  File "/home/pi/pi_trigger_2pics_BGR.py", line 273, in <module>
    main()
    ~~~~^^
  File "/home/pi/pi_trigger_2pics_BGR.py", line 155, in main
    udp_sock = setup_multicast_socket()
  File "/home/pi/pi_trigger_2pics_BGR.py", line 125, in setup_multicast_socket
    iface_ip = _get_default_ip()
  File "/home/pi/pi_trigger_2pics_BGR.py", line 120, in _get_default_ip
    tmp.connect(("192.168.178.5", 80))
    ~~~~~~~~~~~^^^^^^^^^^^^^^^^^^^^^^^
OSError: [Errno 101] Network is unreachable
Traceback (most recent call last):
  File "/home/pi/pi_trigger_2pics_BGR.py", line 273, in <module>
    main()
    ~~~~^^
  File "/home/pi/pi_trigger_2pics_BGR.py", line 155, in main
    udp_sock = setup_multicast_socket()
  File "/home/pi/pi_trigger_2pics_BGR.py", line 125, in setup_multicast_socket
    iface_ip = _get_default_ip()
  File "/home/pi/pi_trigger_2pics_BGR.py", line 120, in _get_default_ip
    tmp.connect(("192.168.178.5", 80))
    ~~~~~~~~~~~^^^^^^^^^^^^^^^^^^^^^^^
OSError: [Errno 101] Network is unreachable
Traceback (most recent call last):
  File "/home/pi/pi_trigger_2pics_BGR.py", line 273, in <module>
    main()
    ~~~~^^
  File "/home/pi/pi_trigger_2pics_BGR.py", line 155, in main
    udp_sock = setup_multicast_socket()
  File "/home/pi/pi_trigger_2pics_BGR.py", line 125, in setup_multicast_socket
    iface_ip = _get_default_ip()
  File "/home/pi/pi_trigger_2pics_BGR.py", line 120, in _get_default_ip
    tmp.connect(("192.168.178.5", 80))
    ~~~~~~~~~~~^^^^^^^^^^^^^^^^^^^^^^^
OSError: [Errno 101] Network is unreachable
Traceback (most recent call last):
  File "/home/pi/pi_trigger_2pics_BGR.py", line 273, in <module>
    main()
    ~~~~^^
  File "/home/pi/pi_trigger_2pics_BGR.py", line 155, in main
    udp_sock = setup_multicast_socket()
  File "/home/pi/pi_trigger_2pics_BGR.py", line 125, in setup_multicast_socket
    iface_ip = _get_default_ip()
  File "/home/pi/pi_trigger_2pics_BGR.py", line 120, in _get_default_ip
    tmp.connect(("192.168.178.5", 80))
    ~~~~~~~~~~~^^^^^^^^^^^^^^^^^^^^^^^
OSError: [Errno 101] Network is unreachable
Traceback (most recent call last):
  File "/home/pi/pi_trigger_2pics_BGR.py", line 273, in <module>
    main()
    ~~~~^^
  File "/home/pi/pi_trigger_2pics_BGR.py", line 155, in main
    udp_sock = setup_multicast_socket()
  File "/home/pi/pi_trigger_2pics_BGR.py", line 125, in setup_multicast_socket
    iface_ip = _get_default_ip()
  File "/home/pi/pi_trigger_2pics_BGR.py", line 120, in _get_default_ip
    tmp.connect(("192.168.178.5", 80))
    ~~~~~~~~~~~^^^^^^^^^^^^^^^^^^^^^^^
OSError: [Errno 101] Network is unreachable
Traceback (most recent call last):
  File "/home/pi/pi_trigger_2pics_BGR.py", line 273, in <module>
    main()
    ~~~~^^
  File "/home/pi/pi_trigger_2pics_BGR.py", line 155, in main
    udp_sock = setup_multicast_socket()
  File "/home/pi/pi_trigger_2pics_BGR.py", line 125, in setup_multicast_socket
    iface_ip = _get_default_ip()
  File "/home/pi/pi_trigger_2pics_BGR.py", line 120, in _get_default_ip
    tmp.connect(("192.168.178.5", 80))
    ~~~~~~~~~~~^^^^^^^^^^^^^^^^^^^^^^^
OSError: [Errno 101] Network is unreachable
Traceback (most recent call last):
  File "/home/pi/pi_trigger_2pics_BGR.py", line 273, in <module>
    main()
    ~~~~^^
  File "/home/pi/pi_trigger_2pics_BGR.py", line 155, in main
    udp_sock = setup_multicast_socket()
  File "/home/pi/pi_trigger_2pics_BGR.py", line 125, in setup_multicast_socket
    iface_ip = _get_default_ip()
  File "/home/pi/pi_trigger_2pics_BGR.py", line 120, in _get_default_ip
    tmp.connect(("192.168.178.5", 80))
    ~~~~~~~~~~~^^^^^^^^^^^^^^^^^^^^^^^
OSError: [Errno 101] Network is unreachable
Traceback (most recent call last):
  File "/home/pi/pi_trigger_2pics_BGR.py", line 273, in <module>
    main()
    ~~~~^^
  File "/home/pi/pi_trigger_2pics_BGR.py", line 155, in main
    udp_sock = setup_multicast_socket()
  File "/home/pi/pi_trigger_2pics_BGR.py", line 125, in setup_multicast_socket
    iface_ip = _get_default_ip()
  File "/home/pi/pi_trigger_2pics_BGR.py", line 120, in _get_default_ip
    tmp.connect(("192.168.178.5", 80))
    ~~~~~~~~~~~^^^^^^^^^^^^^^^^^^^^^^^
OSError: [Errno 101] Network is unreachable
Traceback (most recent call last):
  File "/home/pi/pi_trigger_2pics_BGR.py", line 273, in <module>
    main()
    ~~~~^^
  File "/home/pi/pi_trigger_2pics_BGR.py", line 155, in main
    udp_sock = setup_multicast_socket()
  File "/home/pi/pi_trigger_2pics_BGR.py", line 125, in setup_multicast_socket
    iface_ip = _get_default_ip()
  File "/home/pi/pi_trigger_2pics_BGR.py", line 120, in _get_default_ip
    tmp.connect(("192.168.178.5", 80))
    ~~~~~~~~~~~^^^^^^^^^^^^^^^^^^^^^^^
OSError: [Errno 101] Network is unreachable
Traceback (most recent call last):
  File "/home/pi/pi_trigger_2pics_BGR.py", line 273, in <module>
    main()
    ~~~~^^
  File "/home/pi/pi_trigger_2pics_BGR.py", line 155, in main
    udp_sock = setup_multicast_socket()
  File "/home/pi/pi_trigger_2pics_BGR.py", line 125, in setup_multicast_socket
    iface_ip = _get_default_ip()
  File "/home/pi/pi_trigger_2pics_BGR.py", line 120, in _get_default_ip
    tmp.connect(("192.168.178.5", 80))
    ~~~~~~~~~~~^^^^^^^^^^^^^^^^^^^^^^^
OSError: [Errno 101] Network is unreachable
Traceback (most recent call last):
  File "/home/pi/pi_trigger_2pics_BGR.py", line 273, in <module>
    main()
    ~~~~^^
  File "/home/pi/pi_trigger_2pics_BGR.py", line 155, in main
    udp_sock = setup_multicast_socket()
  File "/home/pi/pi_trigger_2pics_BGR.py", line 125, in setup_multicast_socket
    iface_ip = _get_default_ip()
  File "/home/pi/pi_trigger_2pics_BGR.py", line 120, in _get_default_ip
    tmp.connect(("192.168.178.5", 80))
    ~~~~~~~~~~~^^^^^^^^^^^^^^^^^^^^^^^
OSError: [Errno 101] Network is unreachable
Traceback (most recent call last):
  File "/home/pi/pi_trigger_2pics_BGR.py", line 273, in <module>
    main()
    ~~~~^^
  File "/home/pi/pi_trigger_2pics_BGR.py", line 155, in main
    udp_sock = setup_multicast_socket()
  File "/home/pi/pi_trigger_2pics_BGR.py", line 125, in setup_multicast_socket
    iface_ip = _get_default_ip()
  File "/home/pi/pi_trigger_2pics_BGR.py", line 120, in _get_default_ip
    tmp.connect(("192.168.178.5", 80))
    ~~~~~~~~~~~^^^^^^^^^^^^^^^^^^^^^^^
OSError: [Errno 101] Network is unreachable
Traceback (most recent call last):
  File "/home/pi/pi_trigger_2pics_BGR.py", line 273, in <module>
    main()
    ~~~~^^
  File "/home/pi/pi_trigger_2pics_BGR.py", line 155, in main
    udp_sock = setup_multicast_socket()
  File "/home/pi/pi_trigger_2pics_BGR.py", line 125, in setup_multicast_socket
    iface_ip = _get_default_ip()
  File "/home/pi/pi_trigger_2pics_BGR.py", line 120, in _get_default_ip
    tmp.connect(("192.168.178.5", 80))
    ~~~~~~~~~~~^^^^^^^^^^^^^^^^^^^^^^^
OSError: [Errno 101] Network is unreachable
Traceback (most recent call last):
  File "/home/pi/pi_trigger_2pics_BGR.py", line 273, in <module>
    main()
    ~~~~^^
  File "/home/pi/pi_trigger_2pics_BGR.py", line 155, in main
    udp_sock = setup_multicast_socket()
  File "/home/pi/pi_trigger_2pics_BGR.py", line 125, in setup_multicast_socket
    iface_ip = _get_default_ip()
  File "/home/pi/pi_trigger_2pics_BGR.py", line 120, in _get_default_ip
    tmp.connect(("192.168.178.5", 80))
    ~~~~~~~~~~~^^^^^^^^^^^^^^^^^^^^^^^
OSError: [Errno 101] Network is unreachable
Traceback (most recent call last):
  File "/home/pi/pi_trigger_2pics_BGR.py", line 273, in <module>
    main()
    ~~~~^^
  File "/home/pi/pi_trigger_2pics_BGR.py", line 155, in main
    udp_sock = setup_multicast_socket()
  File "/home/pi/pi_trigger_2pics_BGR.py", line 125, in setup_multicast_socket
    iface_ip = _get_default_ip()
  File "/home/pi/pi_trigger_2pics_BGR.py", line 120, in _get_default_ip
    tmp.connect(("192.168.178.5", 80))
    ~~~~~~~~~~~^^^^^^^^^^^^^^^^^^^^^^^
OSError: [Errno 101] Network is unreachable
Traceback (most recent call last):
  File "/home/pi/pi_trigger_2pics_BGR.py", line 273, in <module>
    main()
    ~~~~^^
  File "/home/pi/pi_trigger_2pics_BGR.py", line 155, in main
    udp_sock = setup_multicast_socket()
  File "/home/pi/pi_trigger_2pics_BGR.py", line 125, in setup_multicast_socket
    iface_ip = _get_default_ip()
  File "/home/pi/pi_trigger_2pics_BGR.py", line 120, in _get_default_ip
    tmp.connect(("192.168.178.5", 80))
    ~~~~~~~~~~~^^^^^^^^^^^^^^^^^^^^^^^
OSError: [Errno 101] Network is unreachable
Traceback (most recent call last):
  File "/home/pi/pi_trigger_2pics_BGR.py", line 273, in <module>
    main()
    ~~~~^^
  File "/home/pi/pi_trigger_2pics_BGR.py", line 155, in main
    udp_sock = setup_multicast_socket()
  File "/home/pi/pi_trigger_2pics_BGR.py", line 125, in setup_multicast_socket
    iface_ip = _get_default_ip()
  File "/home/pi/pi_trigger_2pics_BGR.py", line 120, in _get_default_ip
    tmp.connect(("192.168.178.5", 80))
    ~~~~~~~~~~~^^^^^^^^^^^^^^^^^^^^^^^
OSError: [Errno 101] Network is unreachable
Traceback (most recent call last):
  File "/home/pi/pi_trigger_2pics_BGR.py", line 273, in <module>
    main()
    ~~~~^^
  File "/home/pi/pi_trigger_2pics_BGR.py", line 155, in main
    udp_sock = setup_multicast_socket()
  File "/home/pi/pi_trigger_2pics_BGR.py", line 125, in setup_multicast_socket
    iface_ip = _get_default_ip()
  File "/home/pi/pi_trigger_2pics_BGR.py", line 120, in _get_default_ip
    tmp.connect(("192.168.178.5", 80))
    ~~~~~~~~~~~^^^^^^^^^^^^^^^^^^^^^^^
OSError: [Errno 101] Network is unreachable
Traceback (most recent call last):
  File "/home/pi/pi_trigger_2pics_BGR.py", line 273, in <module>
    main()
    ~~~~^^
  File "/home/pi/pi_trigger_2pics_BGR.py", line 155, in main
    udp_sock = setup_multicast_socket()
  File "/home/pi/pi_trigger_2pics_BGR.py", line 125, in setup_multicast_socket
    iface_ip = _get_default_ip()
  File "/home/pi/pi_trigger_2pics_BGR.py", line 120, in _get_default_ip
    tmp.connect(("192.168.178.5", 80))
    ~~~~~~~~~~~^^^^^^^^^^^^^^^^^^^^^^^
OSError: [Errno 101] Network is unreachable
Traceback (most recent call last):
  File "/home/pi/pi_trigger_2pics_BGR.py", line 273, in <module>
    main()
    ~~~~^^
  File "/home/pi/pi_trigger_2pics_BGR.py", line 155, in main
    udp_sock = setup_multicast_socket()
  File "/home/pi/pi_trigger_2pics_BGR.py", line 125, in setup_multicast_socket
    iface_ip = _get_default_ip()
  File "/home/pi/pi_trigger_2pics_BGR.py", line 120, in _get_default_ip
    tmp.connect(("192.168.178.5", 80))
    ~~~~~~~~~~~^^^^^^^^^^^^^^^^^^^^^^^
OSError: [Errno 101] Network is unreachable
Traceback (most recent call last):
  File "/home/pi/pi_trigger_2pics_BGR.py", line 273, in <module>
    main()
    ~~~~^^
  File "/home/pi/pi_trigger_2pics_BGR.py", line 155, in main
    udp_sock = setup_multicast_socket()
  File "/home/pi/pi_trigger_2pics_BGR.py", line 125, in setup_multicast_socket
    iface_ip = _get_default_ip()
  File "/home/pi/pi_trigger_2pics_BGR.py", line 120, in _get_default_ip
    tmp.connect(("192.168.178.5", 80))
    ~~~~~~~~~~~^^^^^^^^^^^^^^^^^^^^^^^
OSError: [Errno 101] Network is unreachable
Traceback (most recent call last):
  File "/home/pi/pi_trigger_2pics_BGR.py", line 273, in <module>
    main()
    ~~~~^^
  File "/home/pi/pi_trigger_2pics_BGR.py", line 155, in main
    udp_sock = setup_multicast_socket()
  File "/home/pi/pi_trigger_2pics_BGR.py", line 125, in setup_multicast_socket
    iface_ip = _get_default_ip()
  File "/home/pi/pi_trigger_2pics_BGR.py", line 120, in _get_default_ip
    tmp.connect(("192.168.178.5", 80))
    ~~~~~~~~~~~^^^^^^^^^^^^^^^^^^^^^^^
OSError: [Errno 101] Network is unreachable
Traceback (most recent call last):
  File "/home/pi/pi_trigger_2pics_BGR.py", line 273, in <module>
    main()
    ~~~~^^
  File "/home/pi/pi_trigger_2pics_BGR.py", line 155, in main
    udp_sock = setup_multicast_socket()
  File "/home/pi/pi_trigger_2pics_BGR.py", line 125, in setup_multicast_socket
    iface_ip = _get_default_ip()
  File "/home/pi/pi_trigger_2pics_BGR.py", line 120, in _get_default_ip
    tmp.connect(("192.168.178.5", 80))
    ~~~~~~~~~~~^^^^^^^^^^^^^^^^^^^^^^^
OSError: [Errno 101] Network is unreachable
Traceback (most recent call last):
  File "/home/pi/pi_trigger_2pics_BGR.py", line 273, in <module>
    main()
    ~~~~^^
  File "/home/pi/pi_trigger_2pics_BGR.py", line 155, in main
    udp_sock = setup_multicast_socket()
  File "/home/pi/pi_trigger_2pics_BGR.py", line 125, in setup_multicast_socket
    iface_ip = _get_default_ip()
  File "/home/pi/pi_trigger_2pics_BGR.py", line 120, in _get_default_ip
    tmp.connect(("192.168.178.5", 80))
    ~~~~~~~~~~~^^^^^^^^^^^^^^^^^^^^^^^
OSError: [Errno 101] Network is unreachable
Traceback (most recent call last):
  File "/home/pi/pi_trigger_2pics_BGR.py", line 273, in <module>
    main()
    ~~~~^^
  File "/home/pi/pi_trigger_2pics_BGR.py", line 155, in main
    udp_sock = setup_multicast_socket()
  File "/home/pi/pi_trigger_2pics_BGR.py", line 125, in setup_multicast_socket
    iface_ip = _get_default_ip()
  File "/home/pi/pi_trigger_2pics_BGR.py", line 120, in _get_default_ip
    tmp.connect(("192.168.178.5", 80))
    ~~~~~~~~~~~^^^^^^^^^^^^^^^^^^^^^^^
OSError: [Errno 101] Network is unreachable
Traceback (most recent call last):
  File "/home/pi/pi_trigger_2pics_BGR.py", line 273, in <module>
    main()
    ~~~~^^
  File "/home/pi/pi_trigger_2pics_BGR.py", line 155, in main
    udp_sock = setup_multicast_socket()
  File "/home/pi/pi_trigger_2pics_BGR.py", line 125, in setup_multicast_socket
    iface_ip = _get_default_ip()
  File "/home/pi/pi_trigger_2pics_BGR.py", line 120, in _get_default_ip
    tmp.connect(("192.168.178.5", 80))
    ~~~~~~~~~~~^^^^^^^^^^^^^^^^^^^^^^^
OSError: [Errno 101] Network is unreachable
Traceback (most recent call last):
  File "/home/pi/pi_trigger_2pics_BGR.py", line 273, in <module>
    main()
    ~~~~^^
  File "/home/pi/pi_trigger_2pics_BGR.py", line 155, in main
    udp_sock = setup_multicast_socket()
  File "/home/pi/pi_trigger_2pics_BGR.py", line 125, in setup_multicast_socket
    iface_ip = _get_default_ip()
  File "/home/pi/pi_trigger_2pics_BGR.py", line 120, in _get_default_ip
    tmp.connect(("192.168.178.5", 80))
    ~~~~~~~~~~~^^^^^^^^^^^^^^^^^^^^^^^
OSError: [Errno 101] Network is unreachable
Traceback (most recent call last):
  File "/home/pi/pi_trigger_2pics_BGR.py", line 273, in <module>
    main()
    ~~~~^^
  File "/home/pi/pi_trigger_2pics_BGR.py", line 155, in main
    udp_sock = setup_multicast_socket()
  File "/home/pi/pi_trigger_2pics_BGR.py", line 125, in setup_multicast_socket
    iface_ip = _get_default_ip()
  File "/home/pi/pi_trigger_2pics_BGR.py", line 120, in _get_default_ip
    tmp.connect(("192.168.178.5", 80))
    ~~~~~~~~~~~^^^^^^^^^^^^^^^^^^^^^^^
OSError: [Errno 101] Network is unreachable
Traceback (most recent call last):
  File "/home/pi/pi_trigger_2pics_BGR.py", line 273, in <module>
    main()
    ~~~~^^
  File "/home/pi/pi_trigger_2pics_BGR.py", line 155, in main
    udp_sock = setup_multicast_socket()
  File "/home/pi/pi_trigger_2pics_BGR.py", line 125, in setup_multicast_socket
    iface_ip = _get_default_ip()
  File "/home/pi/pi_trigger_2pics_BGR.py", line 120, in _get_default_ip
    tmp.connect(("192.168.178.5", 80))
    ~~~~~~~~~~~^^^^^^^^^^^^^^^^^^^^^^^
OSError: [Errno 101] Network is unreachable
Traceback (most recent call last):
  File "/home/pi/pi_trigger_2pics_BGR.py", line 273, in <module>
    main()
    ~~~~^^
  File "/home/pi/pi_trigger_2pics_BGR.py", line 155, in main
    udp_sock = setup_multicast_socket()
  File "/home/pi/pi_trigger_2pics_BGR.py", line 125, in setup_multicast_socket
    iface_ip = _get_default_ip()
  File "/home/pi/pi_trigger_2pics_BGR.py", line 120, in _get_default_ip
    tmp.connect(("192.168.178.5", 80))
    ~~~~~~~~~~~^^^^^^^^^^^^^^^^^^^^^^^
OSError: [Errno 101] Network is unreachable
Traceback (most recent call last):
  File "/home/pi/pi_trigger_2pics_BGR.py", line 273, in <module>
    main()
    ~~~~^^
  File "/home/pi/pi_trigger_2pics_BGR.py", line 155, in main
    udp_sock = setup_multicast_socket()
  File "/home/pi/pi_trigger_2pics_BGR.py", line 125, in setup_multicast_socket
    iface_ip = _get_default_ip()
  File "/home/pi/pi_trigger_2pics_BGR.py", line 120, in _get_default_ip
    tmp.connect(("192.168.178.5", 80))
    ~~~~~~~~~~~^^^^^^^^^^^^^^^^^^^^^^^
OSError: [Errno 101] Network is unreachable
Traceback (most recent call last):
  File "/home/pi/pi_trigger_2pics_BGR.py", line 273, in <module>
    main()
    ~~~~^^
  File "/home/pi/pi_trigger_2pics_BGR.py", line 155, in main
    udp_sock = setup_multicast_socket()
  File "/home/pi/pi_trigger_2pics_BGR.py", line 125, in setup_multicast_socket
    iface_ip = _get_default_ip()
  File "/home/pi/pi_trigger_2pics_BGR.py", line 120, in _get_default_ip
    tmp.connect(("192.168.178.5", 80))
    ~~~~~~~~~~~^^^^^^^^^^^^^^^^^^^^^^^
OSError: [Errno 101] Network is unreachable
Traceback (most recent call last):
  File "/home/pi/pi_trigger_2pics_BGR.py", line 273, in <module>
    main()
    ~~~~^^
  File "/home/pi/pi_trigger_2pics_BGR.py", line 155, in main
    udp_sock = setup_multicast_socket()
  File "/home/pi/pi_trigger_2pics_BGR.py", line 125, in setup_multicast_socket
    iface_ip = _get_default_ip()
  File "/home/pi/pi_trigger_2pics_BGR.py", line 120, in _get_default_ip
    tmp.connect(("192.168.178.5", 80))
    ~~~~~~~~~~~^^^^^^^^^^^^^^^^^^^^^^^
OSError: [Errno 101] Network is unreachable
Traceback (most recent call last):
  File "/home/pi/pi_trigger_2pics_BGR.py", line 273, in <module>
    main()
    ~~~~^^
  File "/home/pi/pi_trigger_2pics_BGR.py", line 155, in main
    udp_sock = setup_multicast_socket()
  File "/home/pi/pi_trigger_2pics_BGR.py", line 125, in setup_multicast_socket
    iface_ip = _get_default_ip()
  File "/home/pi/pi_trigger_2pics_BGR.py", line 120, in _get_default_ip
    tmp.connect(("192.168.178.5", 80))
    ~~~~~~~~~~~^^^^^^^^^^^^^^^^^^^^^^^
OSError: [Errno 101] Network is unreachable
Traceback (most recent call last):
  File "/home/pi/pi_trigger_2pics_BGR.py", line 273, in <module>
    main()
    ~~~~^^
  File "/home/pi/pi_trigger_2pics_BGR.py", line 155, in main
    udp_sock = setup_multicast_socket()
  File "/home/pi/pi_trigger_2pics_BGR.py", line 125, in setup_multicast_socket
    iface_ip = _get_default_ip()
  File "/home/pi/pi_trigger_2pics_BGR.py", line 120, in _get_default_ip
    tmp.connect(("192.168.178.5", 80))
    ~~~~~~~~~~~^^^^^^^^^^^^^^^^^^^^^^^
OSError: [Errno 101] Network is unreachable
Traceback (most recent call last):
  File "/home/pi/pi_trigger_2pics_BGR.py", line 273, in <module>
    main()
    ~~~~^^
  File "/home/pi/pi_trigger_2pics_BGR.py", line 155, in main
    udp_sock = setup_multicast_socket()
  File "/home/pi/pi_trigger_2pics_BGR.py", line 125, in setup_multicast_socket
    iface_ip = _get_default_ip()
  File "/home/pi/pi_trigger_2pics_BGR.py", line 120, in _get_default_ip
    tmp.connect(("192.168.178.5", 80))
    ~~~~~~~~~~~^^^^^^^^^^^^^^^^^^^^^^^
OSError: [Errno 101] Network is unreachable
Traceback (most recent call last):
  File "/home/pi/pi_trigger_2pics_BGR.py", line 273, in <module>
    main()
    ~~~~^^
  File "/home/pi/pi_trigger_2pics_BGR.py", line 155, in main
    udp_sock = setup_multicast_socket()
  File "/home/pi/pi_trigger_2pics_BGR.py", line 125, in setup_multicast_socket
    iface_ip = _get_default_ip()
  File "/home/pi/pi_trigger_2pics_BGR.py", line 120, in _get_default_ip
    tmp.connect(("192.168.178.5", 80))
    ~~~~~~~~~~~^^^^^^^^^^^^^^^^^^^^^^^
OSError: [Errno 101] Network is unreachable
Traceback (most recent call last):
  File "/home/pi/pi_trigger_2pics_BGR.py", line 273, in <module>
    main()
    ~~~~^^
  File "/home/pi/pi_trigger_2pics_BGR.py", line 155, in main
    udp_sock = setup_multicast_socket()
  File "/home/pi/pi_trigger_2pics_BGR.py", line 125, in setup_multicast_socket
    iface_ip = _get_default_ip()
  File "/home/pi/pi_trigger_2pics_BGR.py", line 120, in _get_default_ip
    tmp.connect(("192.168.178.5", 80))
    ~~~~~~~~~~~^^^^^^^^^^^^^^^^^^^^^^^
OSError: [Errno 101] Network is unreachable
Traceback (most recent call last):
  File "/home/pi/pi_trigger_2pics_BGR.py", line 273, in <module>
    main()
    ~~~~^^
  File "/home/pi/pi_trigger_2pics_BGR.py", line 155, in main
    udp_sock = setup_multicast_socket()
  File "/home/pi/pi_trigger_2pics_BGR.py", line 125, in setup_multicast_socket
    iface_ip = _get_default_ip()
  File "/home/pi/pi_trigger_2pics_BGR.py", line 120, in _get_default_ip
    tmp.connect(("192.168.178.5", 80))
    ~~~~~~~~~~~^^^^^^^^^^^^^^^^^^^^^^^
OSError: [Errno 101] Network is unreachable
Traceback (most recent call last):
  File "/home/pi/pi_trigger_2pics_BGR.py", line 273, in <module>
    main()
    ~~~~^^
  File "/home/pi/pi_trigger_2pics_BGR.py", line 155, in main
    udp_sock = setup_multicast_socket()
  File "/home/pi/pi_trigger_2pics_BGR.py", line 125, in setup_multicast_socket
    iface_ip = _get_default_ip()
  File "/home/pi/pi_trigger_2pics_BGR.py", line 120, in _get_default_ip
    tmp.connect(("192.168.178.5", 80))
    ~~~~~~~~~~~^^^^^^^^^^^^^^^^^^^^^^^
OSError: [Errno 101] Network is unreachable
Traceback (most recent call last):
  File "/home/pi/pi_trigger_2pics_BGR.py", line 273, in <module>
    main()
    ~~~~^^
  File "/home/pi/pi_trigger_2pics_BGR.py", line 155, in main
    udp_sock = setup_multicast_socket()
  File "/home/pi/pi_trigger_2pics_BGR.py", line 125, in setup_multicast_socket
    iface_ip = _get_default_ip()
  File "/home/pi/pi_trigger_2pics_BGR.py", line 120, in _get_default_ip
    tmp.connect(("192.168.178.5", 80))
    ~~~~~~~~~~~^^^^^^^^^^^^^^^^^^^^^^^
OSError: [Errno 101] Network is unreachable
Traceback (most recent call last):
  File "/home/pi/pi_trigger_2pics_BGR.py", line 273, in <module>
    main()
    ~~~~^^
  File "/home/pi/pi_trigger_2pics_BGR.py", line 155, in main
    udp_sock = setup_multicast_socket()
  File "/home/pi/pi_trigger_2pics_BGR.py", line 125, in setup_multicast_socket
    iface_ip = _get_default_ip()
  File "/home/pi/pi_trigger_2pics_BGR.py", line 120, in _get_default_ip
    tmp.connect(("192.168.178.5", 80))
    ~~~~~~~~~~~^^^^^^^^^^^^^^^^^^^^^^^
OSError: [Errno 101] Network is unreachable
Traceback (most recent call last):
  File "/home/pi/pi_trigger_2pics_BGR.py", line 273, in <module>
    main()
    ~~~~^^
  File "/home/pi/pi_trigger_2pics_BGR.py", line 155, in main
    udp_sock = setup_multicast_socket()
  File "/home/pi/pi_trigger_2pics_BGR.py", line 125, in setup_multicast_socket
    iface_ip = _get_default_ip()
  File "/home/pi/pi_trigger_2pics_BGR.py", line 120, in _get_default_ip
    tmp.connect(("192.168.178.5", 80))
    ~~~~~~~~~~~^^^^^^^^^^^^^^^^^^^^^^^
OSError: [Errno 101] Network is unreachable
Traceback (most recent call last):
  File "/home/pi/pi_trigger_2pics_BGR.py", line 273, in <module>
    main()
    ~~~~^^
  File "/home/pi/pi_trigger_2pics_BGR.py", line 155, in main
    udp_sock = setup_multicast_socket()
  File "/home/pi/pi_trigger_2pics_BGR.py", line 125, in setup_multicast_socket
    iface_ip = _get_default_ip()
  File "/home/pi/pi_trigger_2pics_BGR.py", line 120, in _get_default_ip
    tmp.connect(("192.168.178.5", 80))
    ~~~~~~~~~~~^^^^^^^^^^^^^^^^^^^^^^^
OSError: [Errno 101] Network is unreachable
Traceback (most recent call last):
  File "/home/pi/pi_trigger_2pics_BGR.py", line 273, in <module>
    main()
    ~~~~^^
  File "/home/pi/pi_trigger_2pics_BGR.py", line 155, in main
    udp_sock = setup_multicast_socket()
  File "/home/pi/pi_trigger_2pics_BGR.py", line 125, in setup_multicast_socket
    iface_ip = _get_default_ip()
  File "/home/pi/pi_trigger_2pics_BGR.py", line 120, in _get_default_ip
    tmp.connect(("192.168.178.5", 80))
    ~~~~~~~~~~~^^^^^^^^^^^^^^^^^^^^^^^
OSError: [Errno 101] Network is unreachable
Traceback (most recent call last):
  File "/home/pi/pi_trigger_2pics_BGR.py", line 273, in <module>
    main()
    ~~~~^^
  File "/home/pi/pi_trigger_2pics_BGR.py", line 155, in main
    udp_sock = setup_multicast_socket()
  File "/home/pi/pi_trigger_2pics_BGR.py", line 125, in setup_multicast_socket
    iface_ip = _get_default_ip()
  File "/home/pi/pi_trigger_2pics_BGR.py", line 120, in _get_default_ip
    tmp.connect(("192.168.178.5", 80))
    ~~~~~~~~~~~^^^^^^^^^^^^^^^^^^^^^^^
OSError: [Errno 101] Network is unreachable
Traceback (most recent call last):
  File "/home/pi/pi_trigger_2pics_BGR.py", line 273, in <module>
    main()
    ~~~~^^
  File "/home/pi/pi_trigger_2pics_BGR.py", line 155, in main
    udp_sock = setup_multicast_socket()
  File "/home/pi/pi_trigger_2pics_BGR.py", line 125, in setup_multicast_socket
    iface_ip = _get_default_ip()
  File "/home/pi/pi_trigger_2pics_BGR.py", line 120, in _get_default_ip
    tmp.connect(("192.168.178.5", 80))
    ~~~~~~~~~~~^^^^^^^^^^^^^^^^^^^^^^^
OSError: [Errno 101] Network is unreachable
Traceback (most recent call last):
  File "/home/pi/pi_trigger_2pics_BGR.py", line 273, in <module>
    main()
    ~~~~^^
  File "/home/pi/pi_trigger_2pics_BGR.py", line 155, in main
    udp_sock = setup_multicast_socket()
  File "/home/pi/pi_trigger_2pics_BGR.py", line 125, in setup_multicast_socket
    iface_ip = _get_default_ip()
  File "/home/pi/pi_trigger_2pics_BGR.py", line 120, in _get_default_ip
    tmp.connect(("192.168.178.5", 80))
    ~~~~~~~~~~~^^^^^^^^^^^^^^^^^^^^^^^
OSError: [Errno 101] Network is unreachable
Traceback (most recent call last):
  File "/home/pi/pi_trigger_2pics_BGR.py", line 273, in <module>
    main()
    ~~~~^^
  File "/home/pi/pi_trigger_2pics_BGR.py", line 155, in main
    udp_sock = setup_multicast_socket()
  File "/home/pi/pi_trigger_2pics_BGR.py", line 125, in setup_multicast_socket
    iface_ip = _get_default_ip()
  File "/home/pi/pi_trigger_2pics_BGR.py", line 120, in _get_default_ip
    tmp.connect(("192.168.178.5", 80))
    ~~~~~~~~~~~^^^^^^^^^^^^^^^^^^^^^^^
OSError: [Errno 101] Network is unreachable
Traceback (most recent call last):
  File "/home/pi/pi_trigger_2pics_BGR.py", line 273, in <module>
    main()
    ~~~~^^
  File "/home/pi/pi_trigger_2pics_BGR.py", line 155, in main
    udp_sock = setup_multicast_socket()
  File "/home/pi/pi_trigger_2pics_BGR.py", line 125, in setup_multicast_socket
    iface_ip = _get_default_ip()
  File "/home/pi/pi_trigger_2pics_BGR.py", line 120, in _get_default_ip
    tmp.connect(("192.168.178.5", 80))
    ~~~~~~~~~~~^^^^^^^^^^^^^^^^^^^^^^^
OSError: [Errno 101] Network is unreachable
Traceback (most recent call last):
  File "/home/pi/pi_trigger_2pics_BGR.py", line 273, in <module>
    main()
    ~~~~^^
  File "/home/pi/pi_trigger_2pics_BGR.py", line 155, in main
    udp_sock = setup_multicast_socket()
  File "/home/pi/pi_trigger_2pics_BGR.py", line 125, in setup_multicast_socket
    iface_ip = _get_default_ip()
  File "/home/pi/pi_trigger_2pics_BGR.py", line 120, in _get_default_ip
    tmp.connect(("192.168.178.5", 80))
    ~~~~~~~~~~~^^^^^^^^^^^^^^^^^^^^^^^
OSError: [Errno 101] Network is unreachable
Traceback (most recent call last):
  File "/home/pi/pi_trigger_2pics_BGR.py", line 273, in <module>
    main()
    ~~~~^^
  File "/home/pi/pi_trigger_2pics_BGR.py", line 155, in main
    udp_sock = setup_multicast_socket()
  File "/home/pi/pi_trigger_2pics_BGR.py", line 125, in setup_multicast_socket
    iface_ip = _get_default_ip()
  File "/home/pi/pi_trigger_2pics_BGR.py", line 120, in _get_default_ip
    tmp.connect(("192.168.178.5", 80))
    ~~~~~~~~~~~^^^^^^^^^^^^^^^^^^^^^^^
OSError: [Errno 101] Network is unreachable
Traceback (most recent call last):
  File "/home/pi/pi_trigger_2pics_BGR.py", line 273, in <module>
    main()
    ~~~~^^
  File "/home/pi/pi_trigger_2pics_BGR.py", line 155, in main
    udp_sock = setup_multicast_socket()
  File "/home/pi/pi_trigger_2pics_BGR.py", line 125, in setup_multicast_socket
    iface_ip = _get_default_ip()
  File "/home/pi/pi_trigger_2pics_BGR.py", line 120, in _get_default_ip
    tmp.connect(("192.168.178.5", 80))
    ~~~~~~~~~~~^^^^^^^^^^^^^^^^^^^^^^^
OSError: [Errno 101] Network is unreachable
Traceback (most recent call last):
  File "/home/pi/pi_trigger_2pics_BGR.py", line 273, in <module>
    main()
    ~~~~^^
  File "/home/pi/pi_trigger_2pics_BGR.py", line 155, in main
    udp_sock = setup_multicast_socket()
  File "/home/pi/pi_trigger_2pics_BGR.py", line 125, in setup_multicast_socket
    iface_ip = _get_default_ip()
  File "/home/pi/pi_trigger_2pics_BGR.py", line 120, in _get_default_ip
    tmp.connect(("192.168.178.5", 80))
    ~~~~~~~~~~~^^^^^^^^^^^^^^^^^^^^^^^
OSError: [Errno 101] Network is unreachable
Traceback (most recent call last):
  File "/home/pi/pi_trigger_2pics_BGR.py", line 273, in <module>
    main()
    ~~~~^^
  File "/home/pi/pi_trigger_2pics_BGR.py", line 155, in main
    udp_sock = setup_multicast_socket()
  File "/home/pi/pi_trigger_2pics_BGR.py", line 125, in setup_multicast_socket
    iface_ip = _get_default_ip()
  File "/home/pi/pi_trigger_2pics_BGR.py", line 120, in _get_default_ip
    tmp.connect(("192.168.178.5", 80))
    ~~~~~~~~~~~^^^^^^^^^^^^^^^^^^^^^^^
OSError: [Errno 101] Network is unreachable
Traceback (most recent call last):
  File "/home/pi/pi_trigger_2pics_BGR.py", line 273, in <module>
    main()
    ~~~~^^
  File "/home/pi/pi_trigger_2pics_BGR.py", line 155, in main
    udp_sock = setup_multicast_socket()
  File "/home/pi/pi_trigger_2pics_BGR.py", line 125, in setup_multicast_socket
    iface_ip = _get_default_ip()
  File "/home/pi/pi_trigger_2pics_BGR.py", line 120, in _get_default_ip
    tmp.connect(("192.168.178.5", 80))
    ~~~~~~~~~~~^^^^^^^^^^^^^^^^^^^^^^^
OSError: [Errno 101] Network is unreachable
Traceback (most recent call last):
  File "/home/pi/pi_trigger_2pics_BGR.py", line 273, in <module>
    main()
    ~~~~^^
  File "/home/pi/pi_trigger_2pics_BGR.py", line 155, in main
    udp_sock = setup_multicast_socket()
  File "/home/pi/pi_trigger_2pics_BGR.py", line 125, in setup_multicast_socket
    iface_ip = _get_default_ip()
  File "/home/pi/pi_trigger_2pics_BGR.py", line 120, in _get_default_ip
    tmp.connect(("192.168.178.5", 80))
    ~~~~~~~~~~~^^^^^^^^^^^^^^^^^^^^^^^
OSError: [Errno 101] Network is unreachable
Traceback (most recent call last):
  File "/home/pi/pi_trigger_2pics_BGR.py", line 273, in <module>
    main()
    ~~~~^^
  File "/home/pi/pi_trigger_2pics_BGR.py", line 155, in main
    udp_sock = setup_multicast_socket()
  File "/home/pi/pi_trigger_2pics_BGR.py", line 125, in setup_multicast_socket
    iface_ip = _get_default_ip()
  File "/home/pi/pi_trigger_2pics_BGR.py", line 120, in _get_default_ip
    tmp.connect(("192.168.178.5", 80))
    ~~~~~~~~~~~^^^^^^^^^^^^^^^^^^^^^^^
OSError: [Errno 101] Network is unreachable
Traceback (most recent call last):
  File "/home/pi/pi_trigger_2pics_BGR.py", line 273, in <module>
    main()
    ~~~~^^
  File "/home/pi/pi_trigger_2pics_BGR.py", line 155, in main
    udp_sock = setup_multicast_socket()
  File "/home/pi/pi_trigger_2pics_BGR.py", line 125, in setup_multicast_socket
    iface_ip = _get_default_ip()
  File "/home/pi/pi_trigger_2pics_BGR.py", line 120, in _get_default_ip
    tmp.connect(("192.168.178.5", 80))
    ~~~~~~~~~~~^^^^^^^^^^^^^^^^^^^^^^^
OSError: [Errno 101] Network is unreachable
Traceback (most recent call last):
  File "/home/pi/pi_trigger_2pics_BGR.py", line 273, in <module>
    main()
    ~~~~^^
  File "/home/pi/pi_trigger_2pics_BGR.py", line 155, in main
    udp_sock = setup_multicast_socket()
  File "/home/pi/pi_trigger_2pics_BGR.py", line 125, in setup_multicast_socket
    iface_ip = _get_default_ip()
  File "/home/pi/pi_trigger_2pics_BGR.py", line 120, in _get_default_ip
    tmp.connect(("192.168.178.5", 80))
    ~~~~~~~~~~~^^^^^^^^^^^^^^^^^^^^^^^
OSError: [Errno 101] Network is unreachable
Traceback (most recent call last):
  File "/home/pi/pi_trigger_2pics_BGR.py", line 273, in <module>
    main()
    ~~~~^^
  File "/home/pi/pi_trigger_2pics_BGR.py", line 155, in main
    udp_sock = setup_multicast_socket()
  File "/home/pi/pi_trigger_2pics_BGR.py", line 125, in setup_multicast_socket
    iface_ip = _get_default_ip()
  File "/home/pi/pi_trigger_2pics_BGR.py", line 120, in _get_default_ip
    tmp.connect(("192.168.178.5", 80))
    ~~~~~~~~~~~^^^^^^^^^^^^^^^^^^^^^^^
OSError: [Errno 101] Network is unreachable
Traceback (most recent call last):
  File "/home/pi/pi_trigger_2pics_BGR.py", line 273, in <module>
    main()
    ~~~~^^
  File "/home/pi/pi_trigger_2pics_BGR.py", line 155, in main
    udp_sock = setup_multicast_socket()
  File "/home/pi/pi_trigger_2pics_BGR.py", line 125, in setup_multicast_socket
    iface_ip = _get_default_ip()
  File "/home/pi/pi_trigger_2pics_BGR.py", line 120, in _get_default_ip
    tmp.connect(("192.168.178.5", 80))
    ~~~~~~~~~~~^^^^^^^^^^^^^^^^^^^^^^^
OSError: [Errno 101] Network is unreachable
Traceback (most recent call last):
  File "/home/pi/pi_trigger_2pics_BGR.py", line 273, in <module>
    main()
    ~~~~^^
  File "/home/pi/pi_trigger_2pics_BGR.py", line 155, in main
    udp_sock = setup_multicast_socket()
  File "/home/pi/pi_trigger_2pics_BGR.py", line 125, in setup_multicast_socket
    iface_ip = _get_default_ip()
  File "/home/pi/pi_trigger_2pics_BGR.py", line 120, in _get_default_ip
    tmp.connect(("192.168.178.5", 80))
    ~~~~~~~~~~~^^^^^^^^^^^^^^^^^^^^^^^
OSError: [Errno 101] Network is unreachable
Traceback (most recent call last):
  File "/home/pi/pi_trigger_2pics_BGR.py", line 273, in <module>
    main()
    ~~~~^^
  File "/home/pi/pi_trigger_2pics_BGR.py", line 155, in main
    udp_sock = setup_multicast_socket()
  File "/home/pi/pi_trigger_2pics_BGR.py", line 125, in setup_multicast_socket
    iface_ip = _get_default_ip()
  File "/home/pi/pi_trigger_2pics_BGR.py", line 120, in _get_default_ip
    tmp.connect(("192.168.178.5", 80))
    ~~~~~~~~~~~^^^^^^^^^^^^^^^^^^^^^^^
OSError: [Errno 101] Network is unreachable
Traceback (most recent call last):
  File "/home/pi/pi_trigger_2pics_BGR.py", line 273, in <module>
    main()
    ~~~~^^
  File "/home/pi/pi_trigger_2pics_BGR.py", line 155, in main
    udp_sock = setup_multicast_socket()
  File "/home/pi/pi_trigger_2pics_BGR.py", line 125, in setup_multicast_socket
    iface_ip = _get_default_ip()
  File "/home/pi/pi_trigger_2pics_BGR.py", line 120, in _get_default_ip
    tmp.connect(("192.168.178.5", 80))
    ~~~~~~~~~~~^^^^^^^^^^^^^^^^^^^^^^^
OSError: [Errno 101] Network is unreachable
Traceback (most recent call last):
  File "/home/pi/pi_trigger_2pics_BGR.py", line 273, in <module>
    main()
    ~~~~^^
  File "/home/pi/pi_trigger_2pics_BGR.py", line 155, in main
    udp_sock = setup_multicast_socket()
  File "/home/pi/pi_trigger_2pics_BGR.py", line 125, in setup_multicast_socket
    iface_ip = _get_default_ip()
  File "/home/pi/pi_trigger_2pics_BGR.py", line 120, in _get_default_ip
    tmp.connect(("192.168.178.5", 80))
    ~~~~~~~~~~~^^^^^^^^^^^^^^^^^^^^^^^
OSError: [Errno 101] Network is unreachable
Traceback (most recent call last):
  File "/home/pi/pi_trigger_2pics_BGR.py", line 273, in <module>
    main()
    ~~~~^^
  File "/home/pi/pi_trigger_2pics_BGR.py", line 155, in main
    udp_sock = setup_multicast_socket()
  File "/home/pi/pi_trigger_2pics_BGR.py", line 125, in setup_multicast_socket
    iface_ip = _get_default_ip()
  File "/home/pi/pi_trigger_2pics_BGR.py", line 120, in _get_default_ip
    tmp.connect(("192.168.178.5", 80))
    ~~~~~~~~~~~^^^^^^^^^^^^^^^^^^^^^^^
OSError: [Errno 101] Network is unreachable
Traceback (most recent call last):
  File "/home/pi/pi_trigger_2pics_BGR.py", line 273, in <module>
    main()
    ~~~~^^
  File "/home/pi/pi_trigger_2pics_BGR.py", line 155, in main
    udp_sock = setup_multicast_socket()
  File "/home/pi/pi_trigger_2pics_BGR.py", line 125, in setup_multicast_socket
    iface_ip = _get_default_ip()
  File "/home/pi/pi_trigger_2pics_BGR.py", line 120, in _get_default_ip
    tmp.connect(("192.168.178.5", 80))
    ~~~~~~~~~~~^^^^^^^^^^^^^^^^^^^^^^^
OSError: [Errno 101] Network is unreachable
Traceback (most recent call last):
  File "/home/pi/pi_trigger_2pics_BGR.py", line 273, in <module>
    main()
    ~~~~^^
  File "/home/pi/pi_trigger_2pics_BGR.py", line 155, in main
    udp_sock = setup_multicast_socket()
  File "/home/pi/pi_trigger_2pics_BGR.py", line 125, in setup_multicast_socket
    iface_ip = _get_default_ip()
  File "/home/pi/pi_trigger_2pics_BGR.py", line 120, in _get_default_ip
    tmp.connect(("192.168.178.5", 80))
    ~~~~~~~~~~~^^^^^^^^^^^^^^^^^^^^^^^
OSError: [Errno 101] Network is unreachable
Traceback (most recent call last):
  File "/home/pi/pi_trigger_2pics_BGR.py", line 273, in <module>
    main()
    ~~~~^^
  File "/home/pi/pi_trigger_2pics_BGR.py", line 155, in main
    udp_sock = setup_multicast_socket()
  File "/home/pi/pi_trigger_2pics_BGR.py", line 125, in setup_multicast_socket
    iface_ip = _get_default_ip()
  File "/home/pi/pi_trigger_2pics_BGR.py", line 120, in _get_default_ip
    tmp.connect(("192.168.178.5", 80))
    ~~~~~~~~~~~^^^^^^^^^^^^^^^^^^^^^^^
OSError: [Errno 101] Network is unreachable
Traceback (most recent call last):
  File "/home/pi/pi_trigger_2pics_BGR.py", line 273, in <module>
    main()
    ~~~~^^
  File "/home/pi/pi_trigger_2pics_BGR.py", line 155, in main
    udp_sock = setup_multicast_socket()
  File "/home/pi/pi_trigger_2pics_BGR.py", line 125, in setup_multicast_socket
    iface_ip = _get_default_ip()
  File "/home/pi/pi_trigger_2pics_BGR.py", line 120, in _get_default_ip
    tmp.connect(("192.168.178.5", 80))
    ~~~~~~~~~~~^^^^^^^^^^^^^^^^^^^^^^^
OSError: [Errno 101] Network is unreachable
Traceback (most recent call last):
  File "/home/pi/pi_trigger_2pics_BGR.py", line 273, in <module>
    main()
    ~~~~^^
  File "/home/pi/pi_trigger_2pics_BGR.py", line 155, in main
    udp_sock = setup_multicast_socket()
  File "/home/pi/pi_trigger_2pics_BGR.py", line 125, in setup_multicast_socket
    iface_ip = _get_default_ip()
  File "/home/pi/pi_trigger_2pics_BGR.py", line 120, in _get_default_ip
    tmp.connect(("192.168.178.5", 80))
    ~~~~~~~~~~~^^^^^^^^^^^^^^^^^^^^^^^
OSError: [Errno 101] Network is unreachable
Traceback (most recent call last):
  File "/home/pi/pi_trigger_2pics_BGR.py", line 273, in <module>
    main()
    ~~~~^^
  File "/home/pi/pi_trigger_2pics_BGR.py", line 155, in main
    udp_sock = setup_multicast_socket()
  File "/home/pi/pi_trigger_2pics_BGR.py", line 125, in setup_multicast_socket
    iface_ip = _get_default_ip()
  File "/home/pi/pi_trigger_2pics_BGR.py", line 120, in _get_default_ip
    tmp.connect(("192.168.178.5", 80))
    ~~~~~~~~~~~^^^^^^^^^^^^^^^^^^^^^^^
OSError: [Errno 101] Network is unreachable
Traceback (most recent call last):
  File "/home/pi/pi_trigger_2pics_BGR.py", line 273, in <module>
    main()
    ~~~~^^
  File "/home/pi/pi_trigger_2pics_BGR.py", line 155, in main
    udp_sock = setup_multicast_socket()
  File "/home/pi/pi_trigger_2pics_BGR.py", line 125, in setup_multicast_socket
    iface_ip = _get_default_ip()
  File "/home/pi/pi_trigger_2pics_BGR.py", line 120, in _get_default_ip
    tmp.connect(("192.168.178.5", 80))
    ~~~~~~~~~~~^^^^^^^^^^^^^^^^^^^^^^^
OSError: [Errno 101] Network is unreachable
Traceback (most recent call last):
  File "/home/pi/pi_trigger_2pics_BGR.py", line 273, in <module>
    main()
    ~~~~^^
  File "/home/pi/pi_trigger_2pics_BGR.py", line 155, in main
    udp_sock = setup_multicast_socket()
  File "/home/pi/pi_trigger_2pics_BGR.py", line 125, in setup_multicast_socket
    iface_ip = _get_default_ip()
  File "/home/pi/pi_trigger_2pics_BGR.py", line 120, in _get_default_ip
    tmp.connect(("192.168.178.5", 80))
    ~~~~~~~~~~~^^^^^^^^^^^^^^^^^^^^^^^
OSError: [Errno 101] Network is unreachable
[0:00:49.330546999] [2082] [1;32m INFO [1;37mCamera [1;34mcamera_manager.cpp:340 [0mlibcamera v0.6.0+rpt20251202
[0:00:49.338818331] [2098] [1;32m INFO [1;37mRPI [1;34mpisp.cpp:720 [0mlibpisp version 1.3.0
[0:00:49.341184497] [2098] [1;32m INFO [1;37mIPAProxy [1;34mipa_proxy.cpp:180 [0mUsing tuning file /usr/share/libcamera/ipa/rpi/pisp/imx477.json
[0:00:49.347920903] [2098] [1;32m INFO [1;37mCamera [1;34mcamera_manager.cpp:223 [0mAdding camera '/base/axi/pcie@1000120000/rp1/i2c@88000/imx477@1a' for pipeline handler rpi/pisp
[0:00:49.347948644] [2098] [1;32m INFO [1;37mRPI [1;34mpisp.cpp:1181 [0mRegistered camera /base/axi/pcie@1000120000/rp1/i2c@88000/imx477@1a to CFE device /dev/media2 and ISP device /dev/media0 using PiSP variant BCM2712_D0
[0:00:49.350993884] [2082] [1;32m INFO [1;37mCamera [1;34mcamera.cpp:1215 [0mconfiguring streams: (0) 4056x3040-BGR888/sRGB (1) 4056x3040-BGGR_PISP_COMP1/RAW
[0:00:49.351097347] [2098] [1;32m INFO [1;37mRPI [1;34mpisp.cpp:1485 [0mSensor: /base/axi/pcie@1000120000/rp1/i2c@88000/imx477@1a - Selected sensor format: 4056x3040-SBGGR12_1X12/RAW - Selected CFE format: 4056x3040-PC1B/RAW
                                                                                                                                                                                                                                                                                                                                                                                                                                                                                                                                                                                                                                                                                                                                                                                                                                                                                                                                                                                                                                                                                                                                                                                                                                                                                                                                                                                                                                                                                                                                                                                                                                                                                                                                                                                                                                                                                                                                                                                                                                                                                                                                                                                                    Traceback (most recent call last):
  File "/home/pi/pi_trigger_2pics_BGR.py", line 273, in <module>
    main()
    ~~~~^^
  File "/home/pi/pi_trigger_2pics_BGR.py", line 155, in main
    udp_sock = setup_multicast_socket()
  File "/home/pi/pi_trigger_2pics_BGR.py", line 125, in setup_multicast_socket
    iface_ip = _get_default_ip()
  File "/home/pi/pi_trigger_2pics_BGR.py", line 120, in _get_default_ip
    tmp.connect(("192.168.178.5", 80))
    ~~~~~~~~~~~^^^^^^^^^^^^^^^^^^^^^^^
OSError: [Errno 101] Network is unreachable
Traceback (most recent call last):
  File "/home/pi/pi_trigger_2pics_BGR.py", line 273, in <module>
    main()
    ~~~~^^
  File "/home/pi/pi_trigger_2pics_BGR.py", line 155, in main
    udp_sock = setup_multicast_socket()
  File "/home/pi/pi_trigger_2pics_BGR.py", line 125, in setup_multicast_socket
    iface_ip = _get_default_ip()
  File "/home/pi/pi_trigger_2pics_BGR.py", line 120, in _get_default_ip
    tmp.connect(("192.168.178.5", 80))
    ~~~~~~~~~~~^^^^^^^^^^^^^^^^^^^^^^^
OSError: [Errno 101] Network is unreachable
Traceback (most recent call last):
  File "/home/pi/pi_trigger_2pics_BGR.py", line 273, in <module>
    main()
    ~~~~^^
  File "/home/pi/pi_trigger_2pics_BGR.py", line 155, in main
    udp_sock = setup_multicast_socket()
  File "/home/pi/pi_trigger_2pics_BGR.py", line 125, in setup_multicast_socket
    iface_ip = _get_default_ip()
  File "/home/pi/pi_trigger_2pics_BGR.py", line 120, in _get_default_ip
    tmp.connect(("192.168.178.5", 80))
    ~~~~~~~~~~~^^^^^^^^^^^^^^^^^^^^^^^
OSError: [Errno 101] Network is unreachable
Traceback (most recent call last):
  File "/home/pi/pi_trigger_2pics_BGR.py", line 273, in <module>
    main()
    ~~~~^^
  File "/home/pi/pi_trigger_2pics_BGR.py", line 155, in main
    udp_sock = setup_multicast_socket()
  File "/home/pi/pi_trigger_2pics_BGR.py", line 125, in setup_multicast_socket
    iface_ip = _get_default_ip()
  File "/home/pi/pi_trigger_2pics_BGR.py", line 120, in _get_default_ip
    tmp.connect(("192.168.178.5", 80))
    ~~~~~~~~~~~^^^^^^^^^^^^^^^^^^^^^^^
OSError: [Errno 101] Network is unreachable
Traceback (most recent call last):
  File "/home/pi/pi_trigger_2pics_BGR.py", line 273, in <module>
    main()
    ~~~~^^
  File "/home/pi/pi_trigger_2pics_BGR.py", line 155, in main
    udp_sock = setup_multicast_socket()
  File "/home/pi/pi_trigger_2pics_BGR.py", line 125, in setup_multicast_socket
    iface_ip = _get_default_ip()
  File "/home/pi/pi_trigger_2pics_BGR.py", line 120, in _get_default_ip
    tmp.connect(("192.168.178.5", 80))
    ~~~~~~~~~~~^^^^^^^^^^^^^^^^^^^^^^^
OSError: [Errno 101] Network is unreachable
Traceback (most recent call last):
  File "/home/pi/pi_trigger_2pics_BGR.py", line 273, in <module>
    main()
    ~~~~^^
  File "/home/pi/pi_trigger_2pics_BGR.py", line 155, in main
    udp_sock = setup_multicast_socket()
  File "/home/pi/pi_trigger_2pics_BGR.py", line 125, in setup_multicast_socket
    iface_ip = _get_default_ip()
  File "/home/pi/pi_trigger_2pics_BGR.py", line 120, in _get_default_ip
    tmp.connect(("192.168.178.5", 80))
    ~~~~~~~~~~~^^^^^^^^^^^^^^^^^^^^^^^
OSError: [Errno 101] Network is unreachable
Traceback (most recent call last):
  File "/home/pi/pi_trigger_2pics_BGR.py", line 273, in <module>
    main()
    ~~~~^^
  File "/home/pi/pi_trigger_2pics_BGR.py", line 155, in main
    udp_sock = setup_multicast_socket()
  File "/home/pi/pi_trigger_2pics_BGR.py", line 125, in setup_multicast_socket
    iface_ip = _get_default_ip()
  File "/home/pi/pi_trigger_2pics_BGR.py", line 120, in _get_default_ip
    tmp.connect(("192.168.178.5", 80))
    ~~~~~~~~~~~^^^^^^^^^^^^^^^^^^^^^^^
OSError: [Errno 101] Network is unreachable
Traceback (most recent call last):
  File "/home/pi/pi_trigger_2pics_BGR.py", line 273, in <module>
    main()
    ~~~~^^
  File "/home/pi/pi_trigger_2pics_BGR.py", line 155, in main
    udp_sock = setup_multicast_socket()
  File "/home/pi/pi_trigger_2pics_BGR.py", line 125, in setup_multicast_socket
    iface_ip = _get_default_ip()
  File "/home/pi/pi_trigger_2pics_BGR.py", line 120, in _get_default_ip
    tmp.connect(("192.168.178.5", 80))
    ~~~~~~~~~~~^^^^^^^^^^^^^^^^^^^^^^^
OSError: [Errno 101] Network is unreachable
Traceback (most recent call last):
  File "/home/pi/pi_trigger_2pics_BGR.py", line 273, in <module>
    main()
    ~~~~^^
  File "/home/pi/pi_trigger_2pics_BGR.py", line 155, in main
    udp_sock = setup_multicast_socket()
  File "/home/pi/pi_trigger_2pics_BGR.py", line 125, in setup_multicast_socket
    iface_ip = _get_default_ip()
  File "/home/pi/pi_trigger_2pics_BGR.py", line 120, in _get_default_ip
    tmp.connect(("192.168.178.5", 80))
    ~~~~~~~~~~~^^^^^^^^^^^^^^^^^^^^^^^
OSError: [Errno 101] Network is unreachable
Traceback (most recent call last):
  File "/home/pi/pi_trigger_2pics_BGR.py", line 273, in <module>
    main()
    ~~~~^^
  File "/home/pi/pi_trigger_2pics_BGR.py", line 155, in main
    udp_sock = setup_multicast_socket()
  File "/home/pi/pi_trigger_2pics_BGR.py", line 125, in setup_multicast_socket
    iface_ip = _get_default_ip()
  File "/home/pi/pi_trigger_2pics_BGR.py", line 120, in _get_default_ip
    tmp.connect(("192.168.178.5", 80))
    ~~~~~~~~~~~^^^^^^^^^^^^^^^^^^^^^^^
OSError: [Errno 101] Network is unreachable
Traceback (most recent call last):
  File "/home/pi/pi_trigger_2pics_BGR.py", line 273, in <module>
    main()
    ~~~~^^
  File "/home/pi/pi_trigger_2pics_BGR.py", line 155, in main
    udp_sock = setup_multicast_socket()
  File "/home/pi/pi_trigger_2pics_BGR.py", line 125, in setup_multicast_socket
    iface_ip = _get_default_ip()
  File "/home/pi/pi_trigger_2pics_BGR.py", line 120, in _get_default_ip
    tmp.connect(("192.168.178.5", 80))
    ~~~~~~~~~~~^^^^^^^^^^^^^^^^^^^^^^^
OSError: [Errno 101] Network is unreachable
Traceback (most recent call last):
  File "/home/pi/pi_trigger_2pics_BGR.py", line 273, in <module>
    main()
    ~~~~^^
  File "/home/pi/pi_trigger_2pics_BGR.py", line 155, in main
    udp_sock = setup_multicast_socket()
  File "/home/pi/pi_trigger_2pics_BGR.py", line 125, in setup_multicast_socket
    iface_ip = _get_default_ip()
  File "/home/pi/pi_trigger_2pics_BGR.py", line 120, in _get_default_ip
    tmp.connect(("192.168.178.5", 80))
    ~~~~~~~~~~~^^^^^^^^^^^^^^^^^^^^^^^
OSError: [Errno 101] Network is unreachable
Traceback (most recent call last):
  File "/home/pi/pi_trigger_2pics_BGR.py", line 273, in <module>
    main()
    ~~~~^^
  File "/home/pi/pi_trigger_2pics_BGR.py", line 155, in main
    udp_sock = setup_multicast_socket()
  File "/home/pi/pi_trigger_2pics_BGR.py", line 125, in setup_multicast_socket
    iface_ip = _get_default_ip()
  File "/home/pi/pi_trigger_2pics_BGR.py", line 120, in _get_default_ip
    tmp.connect(("192.168.178.5", 80))
    ~~~~~~~~~~~^^^^^^^^^^^^^^^^^^^^^^^
OSError: [Errno 101] Network is unreachable
Traceback (most recent call last):
  File "/home/pi/pi_trigger_2pics_BGR.py", line 273, in <module>
    main()
    ~~~~^^
  File "/home/pi/pi_trigger_2pics_BGR.py", line 155, in main
    udp_sock = setup_multicast_socket()
  File "/home/pi/pi_trigger_2pics_BGR.py", line 125, in setup_multicast_socket
    iface_ip = _get_default_ip()
  File "/home/pi/pi_trigger_2pics_BGR.py", line 120, in _get_default_ip
    tmp.connect(("192.168.178.5", 80))
    ~~~~~~~~~~~^^^^^^^^^^^^^^^^^^^^^^^
OSError: [Errno 101] Network is unreachable
Traceback (most recent call last):
  File "/home/pi/pi_trigger_2pics_BGR.py", line 273, in <module>
    main()
    ~~~~^^
  File "/home/pi/pi_trigger_2pics_BGR.py", line 155, in main
    udp_sock = setup_multicast_socket()
  File "/home/pi/pi_trigger_2pics_BGR.py", line 125, in setup_multicast_socket
    iface_ip = _get_default_ip()
  File "/home/pi/pi_trigger_2pics_BGR.py", line 120, in _get_default_ip
    tmp.connect(("192.168.178.5", 80))
    ~~~~~~~~~~~^^^^^^^^^^^^^^^^^^^^^^^
OSError: [Errno 101] Network is unreachable
Traceback (most recent call last):
  File "/home/pi/pi_trigger_2pics_BGR.py", line 273, in <module>
    main()
    ~~~~^^
  File "/home/pi/pi_trigger_2pics_BGR.py", line 155, in main
    udp_sock = setup_multicast_socket()
  File "/home/pi/pi_trigger_2pics_BGR.py", line 125, in setup_multicast_socket
    iface_ip = _get_default_ip()
  File "/home/pi/pi_trigger_2pics_BGR.py", line 120, in _get_default_ip
    tmp.connect(("192.168.178.5", 80))
    ~~~~~~~~~~~^^^^^^^^^^^^^^^^^^^^^^^
OSError: [Errno 101] Network is unreachable
Traceback (most recent call last):
  File "/home/pi/pi_trigger_2pics_BGR.py", line 273, in <module>
    main()
    ~~~~^^
  File "/home/pi/pi_trigger_2pics_BGR.py", line 155, in main
    udp_sock = setup_multicast_socket()
  File "/home/pi/pi_trigger_2pics_BGR.py", line 125, in setup_multicast_socket
    iface_ip = _get_default_ip()
  File "/home/pi/pi_trigger_2pics_BGR.py", line 120, in _get_default_ip
    tmp.connect(("192.168.178.5", 80))
    ~~~~~~~~~~~^^^^^^^^^^^^^^^^^^^^^^^
OSError: [Errno 101] Network is unreachable
Traceback (most recent call last):
  File "/home/pi/pi_trigger_2pics_BGR.py", line 273, in <module>
    main()
    ~~~~^^
  File "/home/pi/pi_trigger_2pics_BGR.py", line 155, in main
    udp_sock = setup_multicast_socket()
  File "/home/pi/pi_trigger_2pics_BGR.py", line 125, in setup_multicast_socket
    iface_ip = _get_default_ip()
  File "/home/pi/pi_trigger_2pics_BGR.py", line 120, in _get_default_ip
    tmp.connect(("192.168.178.5", 80))
    ~~~~~~~~~~~^^^^^^^^^^^^^^^^^^^^^^^
OSError: [Errno 101] Network is unreachable
Traceback (most recent call last):
  File "/home/pi/pi_trigger_2pics_BGR.py", line 273, in <module>
    main()
    ~~~~^^
  File "/home/pi/pi_trigger_2pics_BGR.py", line 155, in main
    udp_sock = setup_multicast_socket()
  File "/home/pi/pi_trigger_2pics_BGR.py", line 125, in setup_multicast_socket
    iface_ip = _get_default_ip()
  File "/home/pi/pi_trigger_2pics_BGR.py", line 120, in _get_default_ip
    tmp.connect(("192.168.178.5", 80))
    ~~~~~~~~~~~^^^^^^^^^^^^^^^^^^^^^^^
OSError: [Errno 101] Network is unreachable
Traceback (most recent call last):
  File "/home/pi/pi_trigger_2pics_BGR.py", line 273, in <module>
    main()
    ~~~~^^
  File "/home/pi/pi_trigger_2pics_BGR.py", line 155, in main
    udp_sock = setup_multicast_socket()
  File "/home/pi/pi_trigger_2pics_BGR.py", line 125, in setup_multicast_socket
    iface_ip = _get_default_ip()
  File "/home/pi/pi_trigger_2pics_BGR.py", line 120, in _get_default_ip
    tmp.connect(("192.168.178.5", 80))
    ~~~~~~~~~~~^^^^^^^^^^^^^^^^^^^^^^^
OSError: [Errno 101] Network is unreachable
Traceback (most recent call last):
  File "/home/pi/pi_trigger_2pics_BGR.py", line 273, in <module>
    main()
    ~~~~^^
  File "/home/pi/pi_trigger_2pics_BGR.py", line 155, in main
    udp_sock = setup_multicast_socket()
  File "/home/pi/pi_trigger_2pics_BGR.py", line 125, in setup_multicast_socket
    iface_ip = _get_default_ip()
  File "/home/pi/pi_trigger_2pics_BGR.py", line 120, in _get_default_ip
    tmp.connect(("192.168.178.5", 80))
    ~~~~~~~~~~~^^^^^^^^^^^^^^^^^^^^^^^
OSError: [Errno 101] Network is unreachable
Traceback (most recent call last):
  File "/home/pi/pi_trigger_2pics_BGR.py", line 273, in <module>
    main()
    ~~~~^^
  File "/home/pi/pi_trigger_2pics_BGR.py", line 155, in main
    udp_sock = setup_multicast_socket()
  File "/home/pi/pi_trigger_2pics_BGR.py", line 125, in setup_multicast_socket
    iface_ip = _get_default_ip()
  File "/home/pi/pi_trigger_2pics_BGR.py", line 120, in _get_default_ip
    tmp.connect(("192.168.178.5", 80))
    ~~~~~~~~~~~^^^^^^^^^^^^^^^^^^^^^^^
OSError: [Errno 101] Network is unreachable
Traceback (most recent call last):
  File "/home/pi/pi_trigger_2pics_BGR.py", line 273, in <module>
    main()
    ~~~~^^
  File "/home/pi/pi_trigger_2pics_BGR.py", line 155, in main
    udp_sock = setup_multicast_socket()
  File "/home/pi/pi_trigger_2pics_BGR.py", line 125, in setup_multicast_socket
    iface_ip = _get_default_ip()
  File "/home/pi/pi_trigger_2pics_BGR.py", line 120, in _get_default_ip
    tmp.connect(("192.168.178.5", 80))
    ~~~~~~~~~~~^^^^^^^^^^^^^^^^^^^^^^^
OSError: [Errno 101] Network is unreachable
Traceback (most recent call last):
  File "/home/pi/pi_trigger_2pics_BGR.py", line 273, in <module>
    main()
    ~~~~^^
  File "/home/pi/pi_trigger_2pics_BGR.py", line 155, in main
    udp_sock = setup_multicast_socket()
  File "/home/pi/pi_trigger_2pics_BGR.py", line 125, in setup_multicast_socket
    iface_ip = _get_default_ip()
  File "/home/pi/pi_trigger_2pics_BGR.py", line 120, in _get_default_ip
    tmp.connect(("192.168.178.5", 80))
    ~~~~~~~~~~~^^^^^^^^^^^^^^^^^^^^^^^
OSError: [Errno 101] Network is unreachable
Traceback (most recent call last):
  File "/home/pi/pi_trigger_2pics_BGR.py", line 273, in <module>
    main()
    ~~~~^^
  File "/home/pi/pi_trigger_2pics_BGR.py", line 155, in main
    udp_sock = setup_multicast_socket()
  File "/home/pi/pi_trigger_2pics_BGR.py", line 125, in setup_multicast_socket
    iface_ip = _get_default_ip()
  File "/home/pi/pi_trigger_2pics_BGR.py", line 120, in _get_default_ip
    tmp.connect(("192.168.178.5", 80))
    ~~~~~~~~~~~^^^^^^^^^^^^^^^^^^^^^^^
OSError: [Errno 101] Network is unreachable
Traceback (most recent call last):
  File "/home/pi/pi_trigger_2pics_BGR.py", line 273, in <module>
    main()
    ~~~~^^
  File "/home/pi/pi_trigger_2pics_BGR.py", line 155, in main
    udp_sock = setup_multicast_socket()
  File "/home/pi/pi_trigger_2pics_BGR.py", line 125, in setup_multicast_socket
    iface_ip = _get_default_ip()
  File "/home/pi/pi_trigger_2pics_BGR.py", line 120, in _get_default_ip
    tmp.connect(("192.168.178.5", 80))
    ~~~~~~~~~~~^^^^^^^^^^^^^^^^^^^^^^^
OSError: [Errno 101] Network is unreachable
Traceback (most recent call last):
  File "/home/pi/pi_trigger_2pics_BGR.py", line 273, in <module>
    main()
    ~~~~^^
  File "/home/pi/pi_trigger_2pics_BGR.py", line 155, in main
    udp_sock = setup_multicast_socket()
  File "/home/pi/pi_trigger_2pics_BGR.py", line 125, in setup_multicast_socket
    iface_ip = _get_default_ip()
  File "/home/pi/pi_trigger_2pics_BGR.py", line 120, in _get_default_ip
    tmp.connect(("192.168.178.5", 80))
    ~~~~~~~~~~~^^^^^^^^^^^^^^^^^^^^^^^
OSError: [Errno 101] Network is unreachable
Traceback (most recent call last):
  File "/home/pi/pi_trigger_2pics_BGR.py", line 273, in <module>
    main()
    ~~~~^^
  File "/home/pi/pi_trigger_2pics_BGR.py", line 155, in main
    udp_sock = setup_multicast_socket()
  File "/home/pi/pi_trigger_2pics_BGR.py", line 125, in setup_multicast_socket
    iface_ip = _get_default_ip()
  File "/home/pi/pi_trigger_2pics_BGR.py", line 120, in _get_default_ip
    tmp.connect(("192.168.178.5", 80))
    ~~~~~~~~~~~^^^^^^^^^^^^^^^^^^^^^^^
OSError: [Errno 101] Network is unreachable
Traceback (most recent call last):
  File "/home/pi/pi_trigger_2pics_BGR.py", line 273, in <module>
    main()
    ~~~~^^
  File "/home/pi/pi_trigger_2pics_BGR.py", line 155, in main
    udp_sock = setup_multicast_socket()
  File "/home/pi/pi_trigger_2pics_BGR.py", line 125, in setup_multicast_socket
    iface_ip = _get_default_ip()
  File "/home/pi/pi_trigger_2pics_BGR.py", line 120, in _get_default_ip
    tmp.connect(("192.168.178.5", 80))
    ~~~~~~~~~~~^^^^^^^^^^^^^^^^^^^^^^^
OSError: [Errno 101] Network is unreachable
Traceback (most recent call last):
  File "/home/pi/pi_trigger_2pics_BGR.py", line 273, in <module>
    main()
    ~~~~^^
  File "/home/pi/pi_trigger_2pics_BGR.py", line 155, in main
    udp_sock = setup_multicast_socket()
  File "/home/pi/pi_trigger_2pics_BGR.py", line 125, in setup_multicast_socket
    iface_ip = _get_default_ip()
  File "/home/pi/pi_trigger_2pics_BGR.py", line 120, in _get_default_ip
    tmp.connect(("192.168.178.5", 80))
    ~~~~~~~~~~~^^^^^^^^^^^^^^^^^^^^^^^
OSError: [Errno 101] Network is unreachable
Traceback (most recent call last):
  File "/home/pi/pi_trigger_2pics_BGR.py", line 273, in <module>
    main()
    ~~~~^^
  File "/home/pi/pi_trigger_2pics_BGR.py", line 155, in main
    udp_sock = setup_multicast_socket()
  File "/home/pi/pi_trigger_2pics_BGR.py", line 125, in setup_multicast_socket
    iface_ip = _get_default_ip()
  File "/home/pi/pi_trigger_2pics_BGR.py", line 120, in _get_default_ip
    tmp.connect(("192.168.178.5", 80))
    ~~~~~~~~~~~^^^^^^^^^^^^^^^^^^^^^^^
OSError: [Errno 101] Network is unreachable
Traceback (most recent call last):
  File "/home/pi/pi_trigger_2pics_BGR.py", line 273, in <module>
    main()
    ~~~~^^
  File "/home/pi/pi_trigger_2pics_BGR.py", line 155, in main
    udp_sock = setup_multicast_socket()
  File "/home/pi/pi_trigger_2pics_BGR.py", line 125, in setup_multicast_socket
    iface_ip = _get_default_ip()
  File "/home/pi/pi_trigger_2pics_BGR.py", line 120, in _get_default_ip
    tmp.connect(("192.168.178.5", 80))
    ~~~~~~~~~~~^^^^^^^^^^^^^^^^^^^^^^^
OSError: [Errno 101] Network is unreachable
Traceback (most recent call last):
  File "/home/pi/pi_trigger_2pics_BGR.py", line 273, in <module>
    main()
    ~~~~^^
  File "/home/pi/pi_trigger_2pics_BGR.py", line 155, in main
    udp_sock = setup_multicast_socket()
  File "/home/pi/pi_trigger_2pics_BGR.py", line 125, in setup_multicast_socket
    iface_ip = _get_default_ip()
  File "/home/pi/pi_trigger_2pics_BGR.py", line 120, in _get_default_ip
    tmp.connect(("192.168.178.5", 80))
    ~~~~~~~~~~~^^^^^^^^^^^^^^^^^^^^^^^
OSError: [Errno 101] Network is unreachable
Traceback (most recent call last):
  File "/home/pi/pi_trigger_2pics_BGR.py", line 273, in <module>
    main()
    ~~~~^^
  File "/home/pi/pi_trigger_2pics_BGR.py", line 155, in main
    udp_sock = setup_multicast_socket()
  File "/home/pi/pi_trigger_2pics_BGR.py", line 125, in setup_multicast_socket
    iface_ip = _get_default_ip()
  File "/home/pi/pi_trigger_2pics_BGR.py", line 120, in _get_default_ip
    tmp.connect(("192.168.178.5", 80))
    ~~~~~~~~~~~^^^^^^^^^^^^^^^^^^^^^^^
OSError: [Errno 101] Network is unreachable
Traceback (most recent call last):
  File "/home/pi/pi_trigger_2pics_BGR.py", line 273, in <module>
    main()
    ~~~~^^
  File "/home/pi/pi_trigger_2pics_BGR.py", line 155, in main
    udp_sock = setup_multicast_socket()
  File "/home/pi/pi_trigger_2pics_BGR.py", line 125, in setup_multicast_socket
    iface_ip = _get_default_ip()
  File "/home/pi/pi_trigger_2pics_BGR.py", line 120, in _get_default_ip
    tmp.connect(("192.168.178.5", 80))
    ~~~~~~~~~~~^^^^^^^^^^^^^^^^^^^^^^^
OSError: [Errno 101] Network is unreachable
Traceback (most recent call last):
  File "/home/pi/pi_trigger_2pics_BGR.py", line 273, in <module>
    main()
    ~~~~^^
  File "/home/pi/pi_trigger_2pics_BGR.py", line 155, in main
    udp_sock = setup_multicast_socket()
  File "/home/pi/pi_trigger_2pics_BGR.py", line 125, in setup_multicast_socket
    iface_ip = _get_default_ip()
  File "/home/pi/pi_trigger_2pics_BGR.py", line 120, in _get_default_ip
    tmp.connect(("192.168.178.5", 80))
    ~~~~~~~~~~~^^^^^^^^^^^^^^^^^^^^^^^
OSError: [Errno 101] Network is unreachable
Traceback (most recent call last):
  File "/home/pi/pi_trigger_2pics_BGR.py", line 273, in <module>
    main()
    ~~~~^^
  File "/home/pi/pi_trigger_2pics_BGR.py", line 155, in main
    udp_sock = setup_multicast_socket()
  File "/home/pi/pi_trigger_2pics_BGR.py", line 125, in setup_multicast_socket
    iface_ip = _get_default_ip()
  File "/home/pi/pi_trigger_2pics_BGR.py", line 120, in _get_default_ip
    tmp.connect(("192.168.178.5", 80))
    ~~~~~~~~~~~^^^^^^^^^^^^^^^^^^^^^^^
OSError: [Errno 101] Network is unreachable
Traceback (most recent call last):
  File "/home/pi/pi_trigger_2pics_BGR.py", line 273, in <module>
    main()
    ~~~~^^
  File "/home/pi/pi_trigger_2pics_BGR.py", line 155, in main
    udp_sock = setup_multicast_socket()
  File "/home/pi/pi_trigger_2pics_BGR.py", line 125, in setup_multicast_socket
    iface_ip = _get_default_ip()
  File "/home/pi/pi_trigger_2pics_BGR.py", line 120, in _get_default_ip
    tmp.connect(("192.168.178.5", 80))
    ~~~~~~~~~~~^^^^^^^^^^^^^^^^^^^^^^^
OSError: [Errno 101] Network is unreachable
Traceback (most recent call last):
  File "/home/pi/pi_trigger_2pics_BGR.py", line 273, in <module>
    main()
    ~~~~^^
  File "/home/pi/pi_trigger_2pics_BGR.py", line 155, in main
    udp_sock = setup_multicast_socket()
  File "/home/pi/pi_trigger_2pics_BGR.py", line 125, in setup_multicast_socket
    iface_ip = _get_default_ip()
  File "/home/pi/pi_trigger_2pics_BGR.py", line 120, in _get_default_ip
    tmp.connect(("192.168.178.5", 80))
    ~~~~~~~~~~~^^^^^^^^^^^^^^^^^^^^^^^
OSError: [Errno 101] Network is unreachable
Traceback (most recent call last):
  File "/home/pi/pi_trigger_2pics_BGR.py", line 273, in <module>
    main()
    ~~~~^^
  File "/home/pi/pi_trigger_2pics_BGR.py", line 155, in main
    udp_sock = setup_multicast_socket()
  File "/home/pi/pi_trigger_2pics_BGR.py", line 125, in setup_multicast_socket
    iface_ip = _get_default_ip()
  File "/home/pi/pi_trigger_2pics_BGR.py", line 120, in _get_default_ip
    tmp.connect(("192.168.178.5", 80))
    ~~~~~~~~~~~^^^^^^^^^^^^^^^^^^^^^^^
OSError: [Errno 101] Network is unreachable
Traceback (most recent call last):
  File "/home/pi/pi_trigger_2pics_BGR.py", line 273, in <module>
    main()
    ~~~~^^
  File "/home/pi/pi_trigger_2pics_BGR.py", line 155, in main
    udp_sock = setup_multicast_socket()
  File "/home/pi/pi_trigger_2pics_BGR.py", line 125, in setup_multicast_socket
    iface_ip = _get_default_ip()
  File "/home/pi/pi_trigger_2pics_BGR.py", line 120, in _get_default_ip
    tmp.connect(("192.168.178.5", 80))
    ~~~~~~~~~~~^^^^^^^^^^^^^^^^^^^^^^^
OSError: [Errno 101] Network is unreachable
Traceback (most recent call last):
  File "/home/pi/pi_trigger_2pics_BGR.py", line 273, in <module>
    main()
    ~~~~^^
  File "/home/pi/pi_trigger_2pics_BGR.py", line 155, in main
    udp_sock = setup_multicast_socket()
  File "/home/pi/pi_trigger_2pics_BGR.py", line 125, in setup_multicast_socket
    iface_ip = _get_default_ip()
  File "/home/pi/pi_trigger_2pics_BGR.py", line 120, in _get_default_ip
    tmp.connect(("192.168.178.5", 80))
    ~~~~~~~~~~~^^^^^^^^^^^^^^^^^^^^^^^
OSError: [Errno 101] Network is unreachable
Traceback (most recent call last):
  File "/home/pi/pi_trigger_2pics_BGR.py", line 273, in <module>
    main()
    ~~~~^^
  File "/home/pi/pi_trigger_2pics_BGR.py", line 155, in main
    udp_sock = setup_multicast_socket()
  File "/home/pi/pi_trigger_2pics_BGR.py", line 125, in setup_multicast_socket
    iface_ip = _get_default_ip()
  File "/home/pi/pi_trigger_2pics_BGR.py", line 120, in _get_default_ip
    tmp.connect(("192.168.178.5", 80))
    ~~~~~~~~~~~^^^^^^^^^^^^^^^^^^^^^^^
OSError: [Errno 101] Network is unreachable
Traceback (most recent call last):
  File "/home/pi/pi_trigger_2pics_BGR.py", line 273, in <module>
    main()
    ~~~~^^
  File "/home/pi/pi_trigger_2pics_BGR.py", line 155, in main
    udp_sock = setup_multicast_socket()
  File "/home/pi/pi_trigger_2pics_BGR.py", line 125, in setup_multicast_socket
    iface_ip = _get_default_ip()
  File "/home/pi/pi_trigger_2pics_BGR.py", line 120, in _get_default_ip
    tmp.connect(("192.168.178.5", 80))
    ~~~~~~~~~~~^^^^^^^^^^^^^^^^^^^^^^^
OSError: [Errno 101] Network is unreachable
Traceback (most recent call last):
  File "/home/pi/pi_trigger_2pics_BGR.py", line 273, in <module>
    main()
    ~~~~^^
  File "/home/pi/pi_trigger_2pics_BGR.py", line 155, in main
    udp_sock = setup_multicast_socket()
  File "/home/pi/pi_trigger_2pics_BGR.py", line 125, in setup_multicast_socket
    iface_ip = _get_default_ip()
  File "/home/pi/pi_trigger_2pics_BGR.py", line 120, in _get_default_ip
    tmp.connect(("192.168.178.5", 80))
    ~~~~~~~~~~~^^^^^^^^^^^^^^^^^^^^^^^
OSError: [Errno 101] Network is unreachable
Traceback (most recent call last):
  File "/home/pi/pi_trigger_2pics_BGR.py", line 273, in <module>
    main()
    ~~~~^^
  File "/home/pi/pi_trigger_2pics_BGR.py", line 155, in main
    udp_sock = setup_multicast_socket()
  File "/home/pi/pi_trigger_2pics_BGR.py", line 125, in setup_multicast_socket
    iface_ip = _get_default_ip()
  File "/home/pi/pi_trigger_2pics_BGR.py", line 120, in _get_default_ip
    tmp.connect(("192.168.178.5", 80))
    ~~~~~~~~~~~^^^^^^^^^^^^^^^^^^^^^^^
OSError: [Errno 101] Network is unreachable
Traceback (most recent call last):
  File "/home/pi/pi_trigger_2pics_BGR.py", line 273, in <module>
    main()
    ~~~~^^
  File "/home/pi/pi_trigger_2pics_BGR.py", line 155, in main
    udp_sock = setup_multicast_socket()
  File "/home/pi/pi_trigger_2pics_BGR.py", line 125, in setup_multicast_socket
    iface_ip = _get_default_ip()
  File "/home/pi/pi_trigger_2pics_BGR.py", line 120, in _get_default_ip
    tmp.connect(("192.168.178.5", 80))
    ~~~~~~~~~~~^^^^^^^^^^^^^^^^^^^^^^^
OSError: [Errno 101] Network is unreachable
Traceback (most recent call last):
  File "/home/pi/pi_trigger_2pics_BGR.py", line 273, in <module>
    main()
    ~~~~^^
  File "/home/pi/pi_trigger_2pics_BGR.py", line 155, in main
    udp_sock = setup_multicast_socket()
  File "/home/pi/pi_trigger_2pics_BGR.py", line 125, in setup_multicast_socket
    iface_ip = _get_default_ip()
  File "/home/pi/pi_trigger_2pics_BGR.py", line 120, in _get_default_ip
    tmp.connect(("192.168.178.5", 80))
    ~~~~~~~~~~~^^^^^^^^^^^^^^^^^^^^^^^
OSError: [Errno 101] Network is unreachable
Traceback (most recent call last):
  File "/home/pi/pi_trigger_2pics_BGR.py", line 273, in <module>
    main()
    ~~~~^^
  File "/home/pi/pi_trigger_2pics_BGR.py", line 155, in main
    udp_sock = setup_multicast_socket()
  File "/home/pi/pi_trigger_2pics_BGR.py", line 125, in setup_multicast_socket
    iface_ip = _get_default_ip()
  File "/home/pi/pi_trigger_2pics_BGR.py", line 120, in _get_default_ip
    tmp.connect(("192.168.178.5", 80))
    ~~~~~~~~~~~^^^^^^^^^^^^^^^^^^^^^^^
OSError: [Errno 101] Network is unreachable
Traceback (most recent call last):
  File "/home/pi/pi_trigger_2pics_BGR.py", line 273, in <module>
    main()
    ~~~~^^
  File "/home/pi/pi_trigger_2pics_BGR.py", line 155, in main
    udp_sock = setup_multicast_socket()
  File "/home/pi/pi_trigger_2pics_BGR.py", line 125, in setup_multicast_socket
    iface_ip = _get_default_ip()
  File "/home/pi/pi_trigger_2pics_BGR.py", line 120, in _get_default_ip
    tmp.connect(("192.168.178.5", 80))
    ~~~~~~~~~~~^^^^^^^^^^^^^^^^^^^^^^^
OSError: [Errno 101] Network is unreachable
Traceback (most recent call last):
  File "/home/pi/pi_trigger_2pics_BGR.py", line 273, in <module>
    main()
    ~~~~^^
  File "/home/pi/pi_trigger_2pics_BGR.py", line 155, in main
    udp_sock = setup_multicast_socket()
  File "/home/pi/pi_trigger_2pics_BGR.py", line 125, in setup_multicast_socket
    iface_ip = _get_default_ip()
  File "/home/pi/pi_trigger_2pics_BGR.py", line 120, in _get_default_ip
    tmp.connect(("192.168.178.5", 80))
    ~~~~~~~~~~~^^^^^^^^^^^^^^^^^^^^^^^
OSError: [Errno 101] Network is unreachable
Fatal Python error: _enter_buffered_busy: could not acquire lock for <_io.BufferedWriter name='<stdout>'> at interpreter shutdown, possibly due to daemon threads
Python runtime state: finalizing (tstate=0x0000000000a6c840)

Current thread 0x00007fff33e00760 (most recent call first):
  <no Python frame>

Extension modules: psutil._psutil_linux, psutil._psutil_posix, numpy._core._multiarray_umath, numpy.linalg._umath_linalg, PIL._imaging, av._core, av.logging, av.bytesource, av.buffer, av.audio.format, av.error, av.dictionary, av.container.pyio, av.utils, av.option, av.descriptor, av.format, av.stream, av.container.streams, av.sidedata.motionvectors, av.sidedata.sidedata, av.opaque, av.packet, av.container.input, av.container.output, av.container.core, av.codec.context, av.video.format, av.video.reformatter, av.plane, av.video.plane, av.video.frame, av.video.stream, av.codec.hwaccel, av.codec.codec, av.frame, av.audio.layout, av.audio.plane, av.audio.frame, av.audio.stream, av.filter.pad, av.filter.link, av.filter.context, av.filter.graph, av.filter.filter, av.audio.resampler, av.filter.loudnorm, av.audio.codeccontext, av.audio.fifo, av.bitstream, av.video.codeccontext, _prctl, simplejpeg._jpeg, markupsafe._speedups (total: 54)
Traceback (most recent call last):
  File "/home/pi/pi_trigger_2pics_BGR.py", line 273, in <module>
    main()
    ~~~~^^
  File "/home/pi/pi_trigger_2pics_BGR.py", line 155, in main
    udp_sock = setup_multicast_socket()
  File "/home/pi/pi_trigger_2pics_BGR.py", line 125, in setup_multicast_socket
    iface_ip = _get_default_ip()
  File "/home/pi/pi_trigger_2pics_BGR.py", line 120, in _get_default_ip
    tmp.connect(("192.168.178.5", 80))
    ~~~~~~~~~~~^^^^^^^^^^^^^^^^^^^^^^^
OSError: [Errno 101] Network is unreachable
Traceback (most recent call last):
  File "/home/pi/pi_trigger_2pics_BGR.py", line 273, in <module>
    main()
    ~~~~^^
  File "/home/pi/pi_trigger_2pics_BGR.py", line 155, in main
    udp_sock = setup_multicast_socket()
  File "/home/pi/pi_trigger_2pics_BGR.py", line 125, in setup_multicast_socket
    iface_ip = _get_default_ip()
  File "/home/pi/pi_trigger_2pics_BGR.py", line 120, in _get_default_ip
    tmp.connect(("192.168.178.5", 80))
    ~~~~~~~~~~~^^^^^^^^^^^^^^^^^^^^^^^
OSError: [Errno 101] Network is unreachable
Traceback (most recent call last):
  File "/home/pi/pi_trigger_2pics_BGR.py", line 273, in <module>
    main()
    ~~~~^^
  File "/home/pi/pi_trigger_2pics_BGR.py", line 155, in main
    udp_sock = setup_multicast_socket()
  File "/home/pi/pi_trigger_2pics_BGR.py", line 125, in setup_multicast_socket
    iface_ip = _get_default_ip()
  File "/home/pi/pi_trigger_2pics_BGR.py", line 120, in _get_default_ip
    tmp.connect(("192.168.178.5", 80))
    ~~~~~~~~~~~^^^^^^^^^^^^^^^^^^^^^^^
OSError: [Errno 101] Network is unreachable
Traceback (most recent call last):
  File "/home/pi/pi_trigger_2pics_BGR.py", line 273, in <module>
    main()
    ~~~~^^
  File "/home/pi/pi_trigger_2pics_BGR.py", line 155, in main
    udp_sock = setup_multicast_socket()
  File "/home/pi/pi_trigger_2pics_BGR.py", line 125, in setup_multicast_socket
    iface_ip = _get_default_ip()
  File "/home/pi/pi_trigger_2pics_BGR.py", line 120, in _get_default_ip
    tmp.connect(("192.168.178.5", 80))
    ~~~~~~~~~~~^^^^^^^^^^^^^^^^^^^^^^^
OSError: [Errno 101] Network is unreachable
Traceback (most recent call last):
  File "/home/pi/pi_trigger_2pics_BGR.py", line 273, in <module>
    main()
    ~~~~^^
  File "/home/pi/pi_trigger_2pics_BGR.py", line 155, in main
    udp_sock = setup_multicast_socket()
  File "/home/pi/pi_trigger_2pics_BGR.py", line 125, in setup_multicast_socket
    iface_ip = _get_default_ip()
  File "/home/pi/pi_trigger_2pics_BGR.py", line 120, in _get_default_ip
    tmp.connect(("192.168.178.5", 80))
    ~~~~~~~~~~~^^^^^^^^^^^^^^^^^^^^^^^
OSError: [Errno 101] Network is unreachable
Traceback (most recent call last):
  File "/home/pi/pi_trigger_2pics_BGR.py", line 273, in <module>
    main()
    ~~~~^^
  File "/home/pi/pi_trigger_2pics_BGR.py", line 155, in main
    udp_sock = setup_multicast_socket()
  File "/home/pi/pi_trigger_2pics_BGR.py", line 125, in setup_multicast_socket
    iface_ip = _get_default_ip()
  File "/home/pi/pi_trigger_2pics_BGR.py", line 120, in _get_default_ip
    tmp.connect(("192.168.178.5", 80))
    ~~~~~~~~~~~^^^^^^^^^^^^^^^^^^^^^^^
OSError: [Errno 101] Network is unreachable
Traceback (most recent call last):
  File "/home/pi/pi_trigger_2pics_BGR.py", line 273, in <module>
    main()
    ~~~~^^
  File "/home/pi/pi_trigger_2pics_BGR.py", line 155, in main
    udp_sock = setup_multicast_socket()
  File "/home/pi/pi_trigger_2pics_BGR.py", line 125, in setup_multicast_socket
    iface_ip = _get_default_ip()
  File "/home/pi/pi_trigger_2pics_BGR.py", line 120, in _get_default_ip
    tmp.connect(("192.168.178.5", 80))
    ~~~~~~~~~~~^^^^^^^^^^^^^^^^^^^^^^^
OSError: [Errno 101] Network is unreachable
Traceback (most recent call last):
  File "/home/pi/pi_trigger_2pics_BGR.py", line 273, in <module>
    main()
    ~~~~^^
  File "/home/pi/pi_trigger_2pics_BGR.py", line 155, in main
    udp_sock = setup_multicast_socket()
  File "/home/pi/pi_trigger_2pics_BGR.py", line 125, in setup_multicast_socket
    iface_ip = _get_default_ip()
  File "/home/pi/pi_trigger_2pics_BGR.py", line 120, in _get_default_ip
    tmp.connect(("192.168.178.5", 80))
    ~~~~~~~~~~~^^^^^^^^^^^^^^^^^^^^^^^
OSError: [Errno 101] Network is unreachable
Traceback (most recent call last):
  File "/home/pi/pi_trigger_2pics_BGR.py", line 273, in <module>
    main()
    ~~~~^^
  File "/home/pi/pi_trigger_2pics_BGR.py", line 155, in main
    udp_sock = setup_multicast_socket()
  File "/home/pi/pi_trigger_2pics_BGR.py", line 125, in setup_multicast_socket
    iface_ip = _get_default_ip()
  File "/home/pi/pi_trigger_2pics_BGR.py", line 120, in _get_default_ip
    tmp.connect(("192.168.178.5", 80))
    ~~~~~~~~~~~^^^^^^^^^^^^^^^^^^^^^^^
OSError: [Errno 101] Network is unreachable
Traceback (most recent call last):
  File "/home/pi/pi_trigger_2pics_BGR.py", line 273, in <module>
    main()
    ~~~~^^
  File "/home/pi/pi_trigger_2pics_BGR.py", line 155, in main
    udp_sock = setup_multicast_socket()
  File "/home/pi/pi_trigger_2pics_BGR.py", line 125, in setup_multicast_socket
    iface_ip = _get_default_ip()
  File "/home/pi/pi_trigger_2pics_BGR.py", line 120, in _get_default_ip
    tmp.connect(("192.168.178.5", 80))
    ~~~~~~~~~~~^^^^^^^^^^^^^^^^^^^^^^^
OSError: [Errno 101] Network is unreachable
Traceback (most recent call last):
  File "/home/pi/pi_trigger_2pics_BGR.py", line 273, in <module>
    main()
    ~~~~^^
  File "/home/pi/pi_trigger_2pics_BGR.py", line 155, in main
    udp_sock = setup_multicast_socket()
  File "/home/pi/pi_trigger_2pics_BGR.py", line 125, in setup_multicast_socket
    iface_ip = _get_default_ip()
  File "/home/pi/pi_trigger_2pics_BGR.py", line 120, in _get_default_ip
    tmp.connect(("192.168.178.5", 80))
    ~~~~~~~~~~~^^^^^^^^^^^^^^^^^^^^^^^
OSError: [Errno 101] Network is unreachable
Traceback (most recent call last):
  File "/home/pi/pi_trigger_2pics_BGR.py", line 273, in <module>
    main()
    ~~~~^^
  File "/home/pi/pi_trigger_2pics_BGR.py", line 155, in main
    udp_sock = setup_multicast_socket()
  File "/home/pi/pi_trigger_2pics_BGR.py", line 125, in setup_multicast_socket
    iface_ip = _get_default_ip()
  File "/home/pi/pi_trigger_2pics_BGR.py", line 120, in _get_default_ip
    tmp.connect(("192.168.178.5", 80))
    ~~~~~~~~~~~^^^^^^^^^^^^^^^^^^^^^^^
OSError: [Errno 101] Network is unreachable
Traceback (most recent call last):
  File "/home/pi/pi_trigger_2pics_BGR.py", line 273, in <module>
    main()
    ~~~~^^
  File "/home/pi/pi_trigger_2pics_BGR.py", line 155, in main
    udp_sock = setup_multicast_socket()
  File "/home/pi/pi_trigger_2pics_BGR.py", line 125, in setup_multicast_socket
    iface_ip = _get_default_ip()
  File "/home/pi/pi_trigger_2pics_BGR.py", line 120, in _get_default_ip
    tmp.connect(("192.168.178.5", 80))
    ~~~~~~~~~~~^^^^^^^^^^^^^^^^^^^^^^^
OSError: [Errno 101] Network is unreachable
Traceback (most recent call last):
  File "/home/pi/pi_trigger_2pics_BGR.py", line 273, in <module>
    main()
    ~~~~^^
  File "/home/pi/pi_trigger_2pics_BGR.py", line 155, in main
    udp_sock = setup_multicast_socket()
  File "/home/pi/pi_trigger_2pics_BGR.py", line 125, in setup_multicast_socket
    iface_ip = _get_default_ip()
  File "/home/pi/pi_trigger_2pics_BGR.py", line 120, in _get_default_ip
    tmp.connect(("192.168.178.5", 80))
    ~~~~~~~~~~~^^^^^^^^^^^^^^^^^^^^^^^
OSError: [Errno 101] Network is unreachable
Traceback (most recent call last):
  File "/home/pi/pi_trigger_2pics_BGR.py", line 273, in <module>
    main()
    ~~~~^^
  File "/home/pi/pi_trigger_2pics_BGR.py", line 155, in main
    udp_sock = setup_multicast_socket()
  File "/home/pi/pi_trigger_2pics_BGR.py", line 125, in setup_multicast_socket
    iface_ip = _get_default_ip()
  File "/home/pi/pi_trigger_2pics_BGR.py", line 120, in _get_default_ip
    tmp.connect(("192.168.178.5", 80))
    ~~~~~~~~~~~^^^^^^^^^^^^^^^^^^^^^^^
OSError: [Errno 101] Network is unreachable
Traceback (most recent call last):
  File "/home/pi/pi_trigger_2pics_BGR.py", line 273, in <module>
    main()
    ~~~~^^
  File "/home/pi/pi_trigger_2pics_BGR.py", line 155, in main
    udp_sock = setup_multicast_socket()
  File "/home/pi/pi_trigger_2pics_BGR.py", line 125, in setup_multicast_socket
    iface_ip = _get_default_ip()
  File "/home/pi/pi_trigger_2pics_BGR.py", line 120, in _get_default_ip
    tmp.connect(("192.168.178.5", 80))
    ~~~~~~~~~~~^^^^^^^^^^^^^^^^^^^^^^^
OSError: [Errno 101] Network is unreachable
Traceback (most recent call last):
  File "/home/pi/pi_trigger_2pics_BGR.py", line 273, in <module>
    main()
    ~~~~^^
  File "/home/pi/pi_trigger_2pics_BGR.py", line 155, in main
    udp_sock = setup_multicast_socket()
  File "/home/pi/pi_trigger_2pics_BGR.py", line 125, in setup_multicast_socket
    iface_ip = _get_default_ip()
  File "/home/pi/pi_trigger_2pics_BGR.py", line 120, in _get_default_ip
    tmp.connect(("192.168.178.5", 80))
    ~~~~~~~~~~~^^^^^^^^^^^^^^^^^^^^^^^
OSError: [Errno 101] Network is unreachable
Traceback (most recent call last):
  File "/home/pi/pi_trigger_2pics_BGR.py", line 273, in <module>
    main()
    ~~~~^^
  File "/home/pi/pi_trigger_2pics_BGR.py", line 155, in main
    udp_sock = setup_multicast_socket()
  File "/home/pi/pi_trigger_2pics_BGR.py", line 125, in setup_multicast_socket
    iface_ip = _get_default_ip()
  File "/home/pi/pi_trigger_2pics_BGR.py", line 120, in _get_default_ip
    tmp.connect(("192.168.178.5", 80))
    ~~~~~~~~~~~^^^^^^^^^^^^^^^^^^^^^^^
OSError: [Errno 101] Network is unreachable
Traceback (most recent call last):
  File "/home/pi/pi_trigger_2pics_BGR.py", line 273, in <module>
    main()
    ~~~~^^
  File "/home/pi/pi_trigger_2pics_BGR.py", line 155, in main
    udp_sock = setup_multicast_socket()
  File "/home/pi/pi_trigger_2pics_BGR.py", line 125, in setup_multicast_socket
    iface_ip = _get_default_ip()
  File "/home/pi/pi_trigger_2pics_BGR.py", line 120, in _get_default_ip
    tmp.connect(("192.168.178.5", 80))
    ~~~~~~~~~~~^^^^^^^^^^^^^^^^^^^^^^^
OSError: [Errno 101] Network is unreachable
Traceback (most recent call last):
  File "/home/pi/pi_trigger_2pics_BGR.py", line 273, in <module>
    main()
    ~~~~^^
  File "/home/pi/pi_trigger_2pics_BGR.py", line 155, in main
    udp_sock = setup_multicast_socket()
  File "/home/pi/pi_trigger_2pics_BGR.py", line 125, in setup_multicast_socket
    iface_ip = _get_default_ip()
  File "/home/pi/pi_trigger_2pics_BGR.py", line 120, in _get_default_ip
    tmp.connect(("192.168.178.5", 80))
    ~~~~~~~~~~~^^^^^^^^^^^^^^^^^^^^^^^
OSError: [Errno 101] Network is unreachable
Traceback (most recent call last):
  File "/home/pi/pi_trigger_2pics_BGR.py", line 273, in <module>
    main()
    ~~~~^^
  File "/home/pi/pi_trigger_2pics_BGR.py", line 155, in main
    udp_sock = setup_multicast_socket()
  File "/home/pi/pi_trigger_2pics_BGR.py", line 125, in setup_multicast_socket
    iface_ip = _get_default_ip()
  File "/home/pi/pi_trigger_2pics_BGR.py", line 120, in _get_default_ip
    tmp.connect(("192.168.178.5", 80))
    ~~~~~~~~~~~^^^^^^^^^^^^^^^^^^^^^^^
OSError: [Errno 101] Network is unreachable
Traceback (most recent call last):
  File "/home/pi/pi_trigger_2pics_BGR.py", line 273, in <module>
    main()
    ~~~~^^
  File "/home/pi/pi_trigger_2pics_BGR.py", line 155, in main
    udp_sock = setup_multicast_socket()
  File "/home/pi/pi_trigger_2pics_BGR.py", line 125, in setup_multicast_socket
    iface_ip = _get_default_ip()
  File "/home/pi/pi_trigger_2pics_BGR.py", line 120, in _get_default_ip
    tmp.connect(("192.168.178.5", 80))
    ~~~~~~~~~~~^^^^^^^^^^^^^^^^^^^^^^^
OSError: [Errno 101] Network is unreachable
Traceback (most recent call last):
  File "/home/pi/pi_trigger_2pics_BGR.py", line 273, in <module>
    main()
    ~~~~^^
  File "/home/pi/pi_trigger_2pics_BGR.py", line 155, in main
    udp_sock = setup_multicast_socket()
  File "/home/pi/pi_trigger_2pics_BGR.py", line 125, in setup_multicast_socket
    iface_ip = _get_default_ip()
  File "/home/pi/pi_trigger_2pics_BGR.py", line 120, in _get_default_ip
    tmp.connect(("192.168.178.5", 80))
    ~~~~~~~~~~~^^^^^^^^^^^^^^^^^^^^^^^
OSError: [Errno 101] Network is unreachable
Traceback (most recent call last):
  File "/home/pi/pi_trigger_2pics_BGR.py", line 273, in <module>
    main()
    ~~~~^^
  File "/home/pi/pi_trigger_2pics_BGR.py", line 155, in main
    udp_sock = setup_multicast_socket()
  File "/home/pi/pi_trigger_2pics_BGR.py", line 125, in setup_multicast_socket
    iface_ip = _get_default_ip()
  File "/home/pi/pi_trigger_2pics_BGR.py", line 120, in _get_default_ip
    tmp.connect(("192.168.178.5", 80))
    ~~~~~~~~~~~^^^^^^^^^^^^^^^^^^^^^^^
OSError: [Errno 101] Network is unreachable
Traceback (most recent call last):
  File "/home/pi/pi_trigger_2pics_BGR.py", line 273, in <module>
    main()
    ~~~~^^
  File "/home/pi/pi_trigger_2pics_BGR.py", line 155, in main
    udp_sock = setup_multicast_socket()
  File "/home/pi/pi_trigger_2pics_BGR.py", line 125, in setup_multicast_socket
    iface_ip = _get_default_ip()
  File "/home/pi/pi_trigger_2pics_BGR.py", line 120, in _get_default_ip
    tmp.connect(("192.168.178.5", 80))
    ~~~~~~~~~~~^^^^^^^^^^^^^^^^^^^^^^^
OSError: [Errno 101] Network is unreachable
Traceback (most recent call last):
  File "/home/pi/pi_trigger_2pics_BGR.py", line 273, in <module>
    main()
    ~~~~^^
  File "/home/pi/pi_trigger_2pics_BGR.py", line 155, in main
    udp_sock = setup_multicast_socket()
  File "/home/pi/pi_trigger_2pics_BGR.py", line 125, in setup_multicast_socket
    iface_ip = _get_default_ip()
  File "/home/pi/pi_trigger_2pics_BGR.py", line 120, in _get_default_ip
    tmp.connect(("192.168.178.5", 80))
    ~~~~~~~~~~~^^^^^^^^^^^^^^^^^^^^^^^
OSError: [Errno 101] Network is unreachable
Traceback (most recent call last):
  File "/home/pi/pi_trigger_2pics_BGR.py", line 273, in <module>
    main()
    ~~~~^^
  File "/home/pi/pi_trigger_2pics_BGR.py", line 155, in main
    udp_sock = setup_multicast_socket()
  File "/home/pi/pi_trigger_2pics_BGR.py", line 125, in setup_multicast_socket
    iface_ip = _get_default_ip()
  File "/home/pi/pi_trigger_2pics_BGR.py", line 120, in _get_default_ip
    tmp.connect(("192.168.178.5", 80))
    ~~~~~~~~~~~^^^^^^^^^^^^^^^^^^^^^^^
OSError: [Errno 101] Network is unreachable
Traceback (most recent call last):
  File "/home/pi/pi_trigger_2pics_BGR.py", line 273, in <module>
    main()
    ~~~~^^
  File "/home/pi/pi_trigger_2pics_BGR.py", line 155, in main
    udp_sock = setup_multicast_socket()
  File "/home/pi/pi_trigger_2pics_BGR.py", line 125, in setup_multicast_socket
    iface_ip = _get_default_ip()
  File "/home/pi/pi_trigger_2pics_BGR.py", line 120, in _get_default_ip
    tmp.connect(("192.168.178.5", 80))
    ~~~~~~~~~~~^^^^^^^^^^^^^^^^^^^^^^^
OSError: [Errno 101] Network is unreachable
Traceback (most recent call last):
  File "/home/pi/pi_trigger_2pics_BGR.py", line 273, in <module>
    main()
    ~~~~^^
  File "/home/pi/pi_trigger_2pics_BGR.py", line 155, in main
    udp_sock = setup_multicast_socket()
  File "/home/pi/pi_trigger_2pics_BGR.py", line 125, in setup_multicast_socket
    iface_ip = _get_default_ip()
  File "/home/pi/pi_trigger_2pics_BGR.py", line 120, in _get_default_ip
    tmp.connect(("192.168.178.5", 80))
    ~~~~~~~~~~~^^^^^^^^^^^^^^^^^^^^^^^
OSError: [Errno 101] Network is unreachable
Traceback (most recent call last):
  File "/home/pi/pi_trigger_2pics_BGR.py", line 273, in <module>
    main()
    ~~~~^^
  File "/home/pi/pi_trigger_2pics_BGR.py", line 155, in main
    udp_sock = setup_multicast_socket()
  File "/home/pi/pi_trigger_2pics_BGR.py", line 125, in setup_multicast_socket
    iface_ip = _get_default_ip()
  File "/home/pi/pi_trigger_2pics_BGR.py", line 120, in _get_default_ip
    tmp.connect(("192.168.178.5", 80))
    ~~~~~~~~~~~^^^^^^^^^^^^^^^^^^^^^^^
OSError: [Errno 101] Network is unreachable
Traceback (most recent call last):
  File "/home/pi/pi_trigger_2pics_BGR.py", line 273, in <module>
    main()
    ~~~~^^
  File "/home/pi/pi_trigger_2pics_BGR.py", line 155, in main
    udp_sock = setup_multicast_socket()
  File "/home/pi/pi_trigger_2pics_BGR.py", line 125, in setup_multicast_socket
    iface_ip = _get_default_ip()
  File "/home/pi/pi_trigger_2pics_BGR.py", line 120, in _get_default_ip
    tmp.connect(("192.168.178.5", 80))
    ~~~~~~~~~~~^^^^^^^^^^^^^^^^^^^^^^^
OSError: [Errno 101] Network is unreachable
Traceback (most recent call last):
  File "/home/pi/pi_trigger_2pics_BGR.py", line 273, in <module>
    main()
    ~~~~^^
  File "/home/pi/pi_trigger_2pics_BGR.py", line 155, in main
    udp_sock = setup_multicast_socket()
  File "/home/pi/pi_trigger_2pics_BGR.py", line 125, in setup_multicast_socket
    iface_ip = _get_default_ip()
  File "/home/pi/pi_trigger_2pics_BGR.py", line 120, in _get_default_ip
    tmp.connect(("192.168.178.5", 80))
    ~~~~~~~~~~~^^^^^^^^^^^^^^^^^^^^^^^
OSError: [Errno 101] Network is unreachable
Traceback (most recent call last):
  File "/home/pi/pi_trigger_2pics_BGR.py", line 273, in <module>
    main()
    ~~~~^^
  File "/home/pi/pi_trigger_2pics_BGR.py", line 155, in main
    udp_sock = setup_multicast_socket()
  File "/home/pi/pi_trigger_2pics_BGR.py", line 125, in setup_multicast_socket
    iface_ip = _get_default_ip()
  File "/home/pi/pi_trigger_2pics_BGR.py", line 120, in _get_default_ip
    tmp.connect(("192.168.178.5", 80))
    ~~~~~~~~~~~^^^^^^^^^^^^^^^^^^^^^^^
OSError: [Errno 101] Network is unreachable
Traceback (most recent call last):
  File "/home/pi/pi_trigger_2pics_BGR.py", line 273, in <module>
    main()
    ~~~~^^
  File "/home/pi/pi_trigger_2pics_BGR.py", line 155, in main
    udp_sock = setup_multicast_socket()
  File "/home/pi/pi_trigger_2pics_BGR.py", line 125, in setup_multicast_socket
    iface_ip = _get_default_ip()
  File "/home/pi/pi_trigger_2pics_BGR.py", line 120, in _get_default_ip
    tmp.connect(("192.168.178.5", 80))
    ~~~~~~~~~~~^^^^^^^^^^^^^^^^^^^^^^^
OSError: [Errno 101] Network is unreachable
Traceback (most recent call last):
  File "/home/pi/pi_trigger_2pics_BGR.py", line 273, in <module>
    main()
    ~~~~^^
  File "/home/pi/pi_trigger_2pics_BGR.py", line 155, in main
    udp_sock = setup_multicast_socket()
  File "/home/pi/pi_trigger_2pics_BGR.py", line 125, in setup_multicast_socket
    iface_ip = _get_default_ip()
  File "/home/pi/pi_trigger_2pics_BGR.py", line 120, in _get_default_ip
    tmp.connect(("192.168.178.5", 80))
    ~~~~~~~~~~~^^^^^^^^^^^^^^^^^^^^^^^
OSError: [Errno 101] Network is unreachable
Traceback (most recent call last):
  File "/home/pi/pi_trigger_2pics_BGR.py", line 273, in <module>
    main()
    ~~~~^^
  File "/home/pi/pi_trigger_2pics_BGR.py", line 155, in main
    udp_sock = setup_multicast_socket()
  File "/home/pi/pi_trigger_2pics_BGR.py", line 125, in setup_multicast_socket
    iface_ip = _get_default_ip()
  File "/home/pi/pi_trigger_2pics_BGR.py", line 120, in _get_default_ip
    tmp.connect(("192.168.178.5", 80))
    ~~~~~~~~~~~^^^^^^^^^^^^^^^^^^^^^^^
OSError: [Errno 101] Network is unreachable
Traceback (most recent call last):
  File "/home/pi/pi_trigger_2pics_BGR.py", line 273, in <module>
    main()
    ~~~~^^
  File "/home/pi/pi_trigger_2pics_BGR.py", line 155, in main
    udp_sock = setup_multicast_socket()
  File "/home/pi/pi_trigger_2pics_BGR.py", line 125, in setup_multicast_socket
    iface_ip = _get_default_ip()
  File "/home/pi/pi_trigger_2pics_BGR.py", line 120, in _get_default_ip
    tmp.connect(("192.168.178.5", 80))
    ~~~~~~~~~~~^^^^^^^^^^^^^^^^^^^^^^^
OSError: [Errno 101] Network is unreachable
Traceback (most recent call last):
  File "/home/pi/pi_trigger_2pics_BGR.py", line 273, in <module>
    main()
    ~~~~^^
  File "/home/pi/pi_trigger_2pics_BGR.py", line 155, in main
    udp_sock = setup_multicast_socket()
  File "/home/pi/pi_trigger_2pics_BGR.py", line 125, in setup_multicast_socket
    iface_ip = _get_default_ip()
  File "/home/pi/pi_trigger_2pics_BGR.py", line 120, in _get_default_ip
    tmp.connect(("192.168.178.5", 80))
    ~~~~~~~~~~~^^^^^^^^^^^^^^^^^^^^^^^
OSError: [Errno 101] Network is unreachable
Traceback (most recent call last):
  File "/home/pi/pi_trigger_2pics_BGR.py", line 273, in <module>
    main()
    ~~~~^^
  File "/home/pi/pi_trigger_2pics_BGR.py", line 155, in main
    udp_sock = setup_multicast_socket()
  File "/home/pi/pi_trigger_2pics_BGR.py", line 125, in setup_multicast_socket
    iface_ip = _get_default_ip()
  File "/home/pi/pi_trigger_2pics_BGR.py", line 120, in _get_default_ip
    tmp.connect(("192.168.178.5", 80))
    ~~~~~~~~~~~^^^^^^^^^^^^^^^^^^^^^^^
OSError: [Errno 101] Network is unreachable
Traceback (most recent call last):
  File "/home/pi/pi_trigger_2pics_BGR.py", line 273, in <module>
    main()
    ~~~~^^
  File "/home/pi/pi_trigger_2pics_BGR.py", line 155, in main
    udp_sock = setup_multicast_socket()
  File "/home/pi/pi_trigger_2pics_BGR.py", line 125, in setup_multicast_socket
    iface_ip = _get_default_ip()
  File "/home/pi/pi_trigger_2pics_BGR.py", line 120, in _get_default_ip
    tmp.connect(("192.168.178.5", 80))
    ~~~~~~~~~~~^^^^^^^^^^^^^^^^^^^^^^^
OSError: [Errno 101] Network is unreachable
Traceback (most recent call last):
  File "/home/pi/pi_trigger_2pics_BGR.py", line 273, in <module>
    main()
    ~~~~^^
  File "/home/pi/pi_trigger_2pics_BGR.py", line 155, in main
    udp_sock = setup_multicast_socket()
  File "/home/pi/pi_trigger_2pics_BGR.py", line 125, in setup_multicast_socket
    iface_ip = _get_default_ip()
  File "/home/pi/pi_trigger_2pics_BGR.py", line 120, in _get_default_ip
    tmp.connect(("192.168.178.5", 80))
    ~~~~~~~~~~~^^^^^^^^^^^^^^^^^^^^^^^
OSError: [Errno 101] Network is unreachable
Fatal Python error: _enter_buffered_busy: could not acquire lock for <_io.BufferedWriter name='<stdout>'> at interpreter shutdown, possibly due to daemon threads
Python runtime state: finalizing (tstate=0x0000000000a6c840)

Current thread 0x00007fff8fe34760 (most recent call first):
  <no Python frame>

Extension modules: psutil._psutil_linux, psutil._psutil_posix, numpy._core._multiarray_umath, numpy.linalg._umath_linalg, PIL._imaging, av._core, av.logging, av.bytesource, av.buffer, av.audio.format, av.error, av.dictionary, av.container.pyio, av.utils, av.option, av.descriptor, av.format, av.stream, av.container.streams, av.sidedata.motionvectors, av.sidedata.sidedata, av.opaque, av.packet, av.container.input, av.container.output, av.container.core, av.codec.context, av.video.format, av.video.reformatter, av.plane, av.video.plane, av.video.frame, av.video.stream, av.codec.hwaccel, av.codec.codec, av.frame, av.audio.layout, av.audio.plane, av.audio.frame, av.audio.stream, av.filter.pad, av.filter.link, av.filter.context, av.filter.graph, av.filter.filter, av.audio.resampler, av.filter.loudnorm, av.audio.codeccontext, av.audio.fifo, av.bitstream, av.video.codeccontext, _prctl, simplejpeg._jpeg, markupsafe._speedups (total: 54)
Traceback (most recent call last):
  File "/home/pi/pi_trigger_2pics_BGR.py", line 273, in <module>
    main()
    ~~~~^^
  File "/home/pi/pi_trigger_2pics_BGR.py", line 155, in main
    udp_sock = setup_multicast_socket()
  File "/home/pi/pi_trigger_2pics_BGR.py", line 125, in setup_multicast_socket
    iface_ip = _get_default_ip()
  File "/home/pi/pi_trigger_2pics_BGR.py", line 120, in _get_default_ip
    tmp.connect(("192.168.178.5", 80))
    ~~~~~~~~~~~^^^^^^^^^^^^^^^^^^^^^^^
OSError: [Errno 101] Network is unreachable
Traceback (most recent call last):
  File "/home/pi/pi_trigger_2pics_BGR.py", line 273, in <module>
    main()
    ~~~~^^
  File "/home/pi/pi_trigger_2pics_BGR.py", line 155, in main
    udp_sock = setup_multicast_socket()
  File "/home/pi/pi_trigger_2pics_BGR.py", line 125, in setup_multicast_socket
    iface_ip = _get_default_ip()
  File "/home/pi/pi_trigger_2pics_BGR.py", line 120, in _get_default_ip
    tmp.connect(("192.168.178.5", 80))
    ~~~~~~~~~~~^^^^^^^^^^^^^^^^^^^^^^^
OSError: [Errno 101] Network is unreachable
Traceback (most recent call last):
  File "/home/pi/pi_trigger_2pics_BGR.py", line 273, in <module>
    main()
    ~~~~^^
  File "/home/pi/pi_trigger_2pics_BGR.py", line 155, in main
    udp_sock = setup_multicast_socket()
  File "/home/pi/pi_trigger_2pics_BGR.py", line 125, in setup_multicast_socket
    iface_ip = _get_default_ip()
  File "/home/pi/pi_trigger_2pics_BGR.py", line 120, in _get_default_ip
    tmp.connect(("192.168.178.5", 80))
    ~~~~~~~~~~~^^^^^^^^^^^^^^^^^^^^^^^
OSError: [Errno 101] Network is unreachable
Traceback (most recent call last):
  File "/home/pi/pi_trigger_2pics_BGR.py", line 273, in <module>
    main()
    ~~~~^^
  File "/home/pi/pi_trigger_2pics_BGR.py", line 155, in main
    udp_sock = setup_multicast_socket()
  File "/home/pi/pi_trigger_2pics_BGR.py", line 125, in setup_multicast_socket
    iface_ip = _get_default_ip()
  File "/home/pi/pi_trigger_2pics_BGR.py", line 120, in _get_default_ip
    tmp.connect(("192.168.178.5", 80))
    ~~~~~~~~~~~^^^^^^^^^^^^^^^^^^^^^^^
OSError: [Errno 101] Network is unreachable
Traceback (most recent call last):
  File "/home/pi/pi_trigger_2pics_BGR.py", line 273, in <module>
    main()
    ~~~~^^
  File "/home/pi/pi_trigger_2pics_BGR.py", line 155, in main
    udp_sock = setup_multicast_socket()
  File "/home/pi/pi_trigger_2pics_BGR.py", line 125, in setup_multicast_socket
    iface_ip = _get_default_ip()
  File "/home/pi/pi_trigger_2pics_BGR.py", line 120, in _get_default_ip
    tmp.connect(("192.168.178.5", 80))
    ~~~~~~~~~~~^^^^^^^^^^^^^^^^^^^^^^^
OSError: [Errno 101] Network is unreachable
Traceback (most recent call last):
  File "/home/pi/pi_trigger_2pics_BGR.py", line 273, in <module>
    main()
    ~~~~^^
  File "/home/pi/pi_trigger_2pics_BGR.py", line 155, in main
    udp_sock = setup_multicast_socket()
  File "/home/pi/pi_trigger_2pics_BGR.py", line 125, in setup_multicast_socket
    iface_ip = _get_default_ip()
  File "/home/pi/pi_trigger_2pics_BGR.py", line 120, in _get_default_ip
    tmp.connect(("192.168.178.5", 80))
    ~~~~~~~~~~~^^^^^^^^^^^^^^^^^^^^^^^
OSError: [Errno 101] Network is unreachable
Traceback (most recent call last):
  File "/home/pi/pi_trigger_2pics_BGR.py", line 273, in <module>
    main()
    ~~~~^^
  File "/home/pi/pi_trigger_2pics_BGR.py", line 155, in main
    udp_sock = setup_multicast_socket()
  File "/home/pi/pi_trigger_2pics_BGR.py", line 125, in setup_multicast_socket
    iface_ip = _get_default_ip()
  File "/home/pi/pi_trigger_2pics_BGR.py", line 120, in _get_default_ip
    tmp.connect(("192.168.178.5", 80))
    ~~~~~~~~~~~^^^^^^^^^^^^^^^^^^^^^^^
OSError: [Errno 101] Network is unreachable
Traceback (most recent call last):
  File "/home/pi/pi_trigger_2pics_BGR.py", line 273, in <module>
    main()
    ~~~~^^
  File "/home/pi/pi_trigger_2pics_BGR.py", line 155, in main
    udp_sock = setup_multicast_socket()
  File "/home/pi/pi_trigger_2pics_BGR.py", line 125, in setup_multicast_socket
    iface_ip = _get_default_ip()
  File "/home/pi/pi_trigger_2pics_BGR.py", line 120, in _get_default_ip
    tmp.connect(("192.168.178.5", 80))
    ~~~~~~~~~~~^^^^^^^^^^^^^^^^^^^^^^^
OSError: [Errno 101] Network is unreachable
Traceback (most recent call last):
  File "/home/pi/pi_trigger_2pics_BGR.py", line 273, in <module>
    main()
    ~~~~^^
  File "/home/pi/pi_trigger_2pics_BGR.py", line 155, in main
    udp_sock = setup_multicast_socket()
  File "/home/pi/pi_trigger_2pics_BGR.py", line 125, in setup_multicast_socket
    iface_ip = _get_default_ip()
  File "/home/pi/pi_trigger_2pics_BGR.py", line 120, in _get_default_ip
    tmp.connect(("192.168.178.5", 80))
    ~~~~~~~~~~~^^^^^^^^^^^^^^^^^^^^^^^
OSError: [Errno 101] Network is unreachable
Traceback (most recent call last):
  File "/home/pi/pi_trigger_2pics_BGR.py", line 273, in <module>
    main()
    ~~~~^^
  File "/home/pi/pi_trigger_2pics_BGR.py", line 155, in main
    udp_sock = setup_multicast_socket()
  File "/home/pi/pi_trigger_2pics_BGR.py", line 125, in setup_multicast_socket
    iface_ip = _get_default_ip()
  File "/home/pi/pi_trigger_2pics_BGR.py", line 120, in _get_default_ip
    tmp.connect(("192.168.178.5", 80))
    ~~~~~~~~~~~^^^^^^^^^^^^^^^^^^^^^^^
OSError: [Errno 101] Network is unreachable
Traceback (most recent call last):
  File "/home/pi/pi_trigger_2pics_BGR.py", line 273, in <module>
    main()
    ~~~~^^
  File "/home/pi/pi_trigger_2pics_BGR.py", line 155, in main
    udp_sock = setup_multicast_socket()
  File "/home/pi/pi_trigger_2pics_BGR.py", line 125, in setup_multicast_socket
    iface_ip = _get_default_ip()
  File "/home/pi/pi_trigger_2pics_BGR.py", line 120, in _get_default_ip
    tmp.connect(("192.168.178.5", 80))
    ~~~~~~~~~~~^^^^^^^^^^^^^^^^^^^^^^^
OSError: [Errno 101] Network is unreachable
Traceback (most recent call last):
  File "/home/pi/pi_trigger_2pics_BGR.py", line 273, in <module>
    main()
    ~~~~^^
  File "/home/pi/pi_trigger_2pics_BGR.py", line 155, in main
    udp_sock = setup_multicast_socket()
  File "/home/pi/pi_trigger_2pics_BGR.py", line 125, in setup_multicast_socket
    iface_ip = _get_default_ip()
  File "/home/pi/pi_trigger_2pics_BGR.py", line 120, in _get_default_ip
    tmp.connect(("192.168.178.5", 80))
    ~~~~~~~~~~~^^^^^^^^^^^^^^^^^^^^^^^
OSError: [Errno 101] Network is unreachable
Traceback (most recent call last):
  File "/home/pi/pi_trigger_2pics_BGR.py", line 273, in <module>
    main()
    ~~~~^^
  File "/home/pi/pi_trigger_2pics_BGR.py", line 155, in main
    udp_sock = setup_multicast_socket()
  File "/home/pi/pi_trigger_2pics_BGR.py", line 125, in setup_multicast_socket
    iface_ip = _get_default_ip()
  File "/home/pi/pi_trigger_2pics_BGR.py", line 120, in _get_default_ip
    tmp.connect(("192.168.178.5", 80))
    ~~~~~~~~~~~^^^^^^^^^^^^^^^^^^^^^^^
OSError: [Errno 101] Network is unreachable
Traceback (most recent call last):
  File "/home/pi/pi_trigger_2pics_BGR.py", line 273, in <module>
    main()
    ~~~~^^
  File "/home/pi/pi_trigger_2pics_BGR.py", line 155, in main
    udp_sock = setup_multicast_socket()
  File "/home/pi/pi_trigger_2pics_BGR.py", line 125, in setup_multicast_socket
    iface_ip = _get_default_ip()
  File "/home/pi/pi_trigger_2pics_BGR.py", line 120, in _get_default_ip
    tmp.connect(("192.168.178.5", 80))
    ~~~~~~~~~~~^^^^^^^^^^^^^^^^^^^^^^^
OSError: [Errno 101] Network is unreachable
Traceback (most recent call last):
  File "/home/pi/pi_trigger_2pics_BGR.py", line 273, in <module>
    main()
    ~~~~^^
  File "/home/pi/pi_trigger_2pics_BGR.py", line 155, in main
    udp_sock = setup_multicast_socket()
  File "/home/pi/pi_trigger_2pics_BGR.py", line 125, in setup_multicast_socket
    iface_ip = _get_default_ip()
  File "/home/pi/pi_trigger_2pics_BGR.py", line 120, in _get_default_ip
    tmp.connect(("192.168.178.5", 80))
    ~~~~~~~~~~~^^^^^^^^^^^^^^^^^^^^^^^
OSError: [Errno 101] Network is unreachable
Traceback (most recent call last):
  File "/home/pi/pi_trigger_2pics_BGR.py", line 273, in <module>
    main()
    ~~~~^^
  File "/home/pi/pi_trigger_2pics_BGR.py", line 155, in main
    udp_sock = setup_multicast_socket()
  File "/home/pi/pi_trigger_2pics_BGR.py", line 125, in setup_multicast_socket
    iface_ip = _get_default_ip()
  File "/home/pi/pi_trigger_2pics_BGR.py", line 120, in _get_default_ip
    tmp.connect(("192.168.178.5", 80))
    ~~~~~~~~~~~^^^^^^^^^^^^^^^^^^^^^^^
OSError: [Errno 101] Network is unreachable
Traceback (most recent call last):
  File "/home/pi/pi_trigger_2pics_BGR.py", line 273, in <module>
    main()
    ~~~~^^
  File "/home/pi/pi_trigger_2pics_BGR.py", line 155, in main
    udp_sock = setup_multicast_socket()
  File "/home/pi/pi_trigger_2pics_BGR.py", line 125, in setup_multicast_socket
    iface_ip = _get_default_ip()
  File "/home/pi/pi_trigger_2pics_BGR.py", line 120, in _get_default_ip
    tmp.connect(("192.168.178.5", 80))
    ~~~~~~~~~~~^^^^^^^^^^^^^^^^^^^^^^^
OSError: [Errno 101] Network is unreachable
Traceback (most recent call last):
  File "/home/pi/pi_trigger_2pics_BGR.py", line 273, in <module>
    main()
    ~~~~^^
  File "/home/pi/pi_trigger_2pics_BGR.py", line 155, in main
    udp_sock = setup_multicast_socket()
  File "/home/pi/pi_trigger_2pics_BGR.py", line 125, in setup_multicast_socket
    iface_ip = _get_default_ip()
  File "/home/pi/pi_trigger_2pics_BGR.py", line 120, in _get_default_ip
    tmp.connect(("192.168.178.5", 80))
    ~~~~~~~~~~~^^^^^^^^^^^^^^^^^^^^^^^
OSError: [Errno 101] Network is unreachable
Traceback (most recent call last):
  File "/home/pi/pi_trigger_2pics_BGR.py", line 273, in <module>
    main()
    ~~~~^^
  File "/home/pi/pi_trigger_2pics_BGR.py", line 155, in main
    udp_sock = setup_multicast_socket()
  File "/home/pi/pi_trigger_2pics_BGR.py", line 125, in setup_multicast_socket
    iface_ip = _get_default_ip()
  File "/home/pi/pi_trigger_2pics_BGR.py", line 120, in _get_default_ip
    tmp.connect(("192.168.178.5", 80))
    ~~~~~~~~~~~^^^^^^^^^^^^^^^^^^^^^^^
OSError: [Errno 101] Network is unreachable
Traceback (most recent call last):
  File "/home/pi/pi_trigger_2pics_BGR.py", line 273, in <module>
    main()
    ~~~~^^
  File "/home/pi/pi_trigger_2pics_BGR.py", line 155, in main
    udp_sock = setup_multicast_socket()
  File "/home/pi/pi_trigger_2pics_BGR.py", line 125, in setup_multicast_socket
    iface_ip = _get_default_ip()
  File "/home/pi/pi_trigger_2pics_BGR.py", line 120, in _get_default_ip
    tmp.connect(("192.168.178.5", 80))
    ~~~~~~~~~~~^^^^^^^^^^^^^^^^^^^^^^^
OSError: [Errno 101] Network is unreachable
Traceback (most recent call last):
  File "/home/pi/pi_trigger_2pics_BGR.py", line 273, in <module>
    main()
    ~~~~^^
  File "/home/pi/pi_trigger_2pics_BGR.py", line 155, in main
    udp_sock = setup_multicast_socket()
  File "/home/pi/pi_trigger_2pics_BGR.py", line 125, in setup_multicast_socket
    iface_ip = _get_default_ip()
  File "/home/pi/pi_trigger_2pics_BGR.py", line 120, in _get_default_ip
    tmp.connect(("192.168.178.5", 80))
    ~~~~~~~~~~~^^^^^^^^^^^^^^^^^^^^^^^
OSError: [Errno 101] Network is unreachable
Traceback (most recent call last):
  File "/home/pi/pi_trigger_2pics_BGR.py", line 273, in <module>
    main()
    ~~~~^^
  File "/home/pi/pi_trigger_2pics_BGR.py", line 155, in main
    udp_sock = setup_multicast_socket()
  File "/home/pi/pi_trigger_2pics_BGR.py", line 125, in setup_multicast_socket
    iface_ip = _get_default_ip()
  File "/home/pi/pi_trigger_2pics_BGR.py", line 120, in _get_default_ip
    tmp.connect(("192.168.178.5", 80))
    ~~~~~~~~~~~^^^^^^^^^^^^^^^^^^^^^^^
OSError: [Errno 101] Network is unreachable
Traceback (most recent call last):
  File "/home/pi/pi_trigger_2pics_BGR.py", line 273, in <module>
    main()
    ~~~~^^
  File "/home/pi/pi_trigger_2pics_BGR.py", line 155, in main
    udp_sock = setup_multicast_socket()
  File "/home/pi/pi_trigger_2pics_BGR.py", line 125, in setup_multicast_socket
    iface_ip = _get_default_ip()
  File "/home/pi/pi_trigger_2pics_BGR.py", line 120, in _get_default_ip
    tmp.connect(("192.168.178.5", 80))
    ~~~~~~~~~~~^^^^^^^^^^^^^^^^^^^^^^^
OSError: [Errno 101] Network is unreachable
Traceback (most recent call last):
  File "/home/pi/pi_trigger_2pics_BGR.py", line 273, in <module>
    main()
    ~~~~^^
  File "/home/pi/pi_trigger_2pics_BGR.py", line 155, in main
    udp_sock = setup_multicast_socket()
  File "/home/pi/pi_trigger_2pics_BGR.py", line 125, in setup_multicast_socket
    iface_ip = _get_default_ip()
  File "/home/pi/pi_trigger_2pics_BGR.py", line 120, in _get_default_ip
    tmp.connect(("192.168.178.5", 80))
    ~~~~~~~~~~~^^^^^^^^^^^^^^^^^^^^^^^
OSError: [Errno 101] Network is unreachable
Traceback (most recent call last):
  File "/home/pi/pi_trigger_2pics_BGR.py", line 273, in <module>
    main()
    ~~~~^^
  File "/home/pi/pi_trigger_2pics_BGR.py", line 155, in main
    udp_sock = setup_multicast_socket()
  File "/home/pi/pi_trigger_2pics_BGR.py", line 125, in setup_multicast_socket
    iface_ip = _get_default_ip()
  File "/home/pi/pi_trigger_2pics_BGR.py", line 120, in _get_default_ip
    tmp.connect(("192.168.178.5", 80))
    ~~~~~~~~~~~^^^^^^^^^^^^^^^^^^^^^^^
OSError: [Errno 101] Network is unreachable
Traceback (most recent call last):
  File "/home/pi/pi_trigger_2pics_BGR.py", line 273, in <module>
    main()
    ~~~~^^
  File "/home/pi/pi_trigger_2pics_BGR.py", line 155, in main
    udp_sock = setup_multicast_socket()
  File "/home/pi/pi_trigger_2pics_BGR.py", line 125, in setup_multicast_socket
    iface_ip = _get_default_ip()
  File "/home/pi/pi_trigger_2pics_BGR.py", line 120, in _get_default_ip
    tmp.connect(("192.168.178.5", 80))
    ~~~~~~~~~~~^^^^^^^^^^^^^^^^^^^^^^^
OSError: [Errno 101] Network is unreachable
Traceback (most recent call last):
  File "/home/pi/pi_trigger_2pics_BGR.py", line 273, in <module>
    main()
    ~~~~^^
  File "/home/pi/pi_trigger_2pics_BGR.py", line 155, in main
    udp_sock = setup_multicast_socket()
  File "/home/pi/pi_trigger_2pics_BGR.py", line 125, in setup_multicast_socket
    iface_ip = _get_default_ip()
  File "/home/pi/pi_trigger_2pics_BGR.py", line 120, in _get_default_ip
    tmp.connect(("192.168.178.5", 80))
    ~~~~~~~~~~~^^^^^^^^^^^^^^^^^^^^^^^
OSError: [Errno 101] Network is unreachable
Traceback (most recent call last):
  File "/home/pi/pi_trigger_2pics_BGR.py", line 273, in <module>
    main()
    ~~~~^^
  File "/home/pi/pi_trigger_2pics_BGR.py", line 155, in main
    udp_sock = setup_multicast_socket()
  File "/home/pi/pi_trigger_2pics_BGR.py", line 125, in setup_multicast_socket
    iface_ip = _get_default_ip()
  File "/home/pi/pi_trigger_2pics_BGR.py", line 120, in _get_default_ip
    tmp.connect(("192.168.178.5", 80))
    ~~~~~~~~~~~^^^^^^^^^^^^^^^^^^^^^^^
OSError: [Errno 101] Network is unreachable
Traceback (most recent call last):
  File "/home/pi/pi_trigger_2pics_BGR.py", line 273, in <module>
    main()
    ~~~~^^
  File "/home/pi/pi_trigger_2pics_BGR.py", line 155, in main
    udp_sock = setup_multicast_socket()
  File "/home/pi/pi_trigger_2pics_BGR.py", line 125, in setup_multicast_socket
    iface_ip = _get_default_ip()
  File "/home/pi/pi_trigger_2pics_BGR.py", line 120, in _get_default_ip
    tmp.connect(("192.168.178.5", 80))
    ~~~~~~~~~~~^^^^^^^^^^^^^^^^^^^^^^^
OSError: [Errno 101] Network is unreachable
Traceback (most recent call last):
  File "/home/pi/pi_trigger_2pics_BGR.py", line 273, in <module>
    main()
    ~~~~^^
  File "/home/pi/pi_trigger_2pics_BGR.py", line 155, in main
    udp_sock = setup_multicast_socket()
  File "/home/pi/pi_trigger_2pics_BGR.py", line 125, in setup_multicast_socket
    iface_ip = _get_default_ip()
  File "/home/pi/pi_trigger_2pics_BGR.py", line 120, in _get_default_ip
    tmp.connect(("192.168.178.5", 80))
    ~~~~~~~~~~~^^^^^^^^^^^^^^^^^^^^^^^
OSError: [Errno 101] Network is unreachable
Traceback (most recent call last):
  File "/home/pi/pi_trigger_2pics_BGR.py", line 273, in <module>
    main()
    ~~~~^^
  File "/home/pi/pi_trigger_2pics_BGR.py", line 155, in main
    udp_sock = setup_multicast_socket()
  File "/home/pi/pi_trigger_2pics_BGR.py", line 125, in setup_multicast_socket
    iface_ip = _get_default_ip()
  File "/home/pi/pi_trigger_2pics_BGR.py", line 120, in _get_default_ip
    tmp.connect(("192.168.178.5", 80))
    ~~~~~~~~~~~^^^^^^^^^^^^^^^^^^^^^^^
OSError: [Errno 101] Network is unreachable
Traceback (most recent call last):
  File "/home/pi/pi_trigger_2pics_BGR.py", line 273, in <module>
    main()
    ~~~~^^
  File "/home/pi/pi_trigger_2pics_BGR.py", line 155, in main
    udp_sock = setup_multicast_socket()
  File "/home/pi/pi_trigger_2pics_BGR.py", line 125, in setup_multicast_socket
    iface_ip = _get_default_ip()
  File "/home/pi/pi_trigger_2pics_BGR.py", line 120, in _get_default_ip
    tmp.connect(("192.168.178.5", 80))
    ~~~~~~~~~~~^^^^^^^^^^^^^^^^^^^^^^^
OSError: [Errno 101] Network is unreachable
Traceback (most recent call last):
  File "/home/pi/pi_trigger_2pics_BGR.py", line 273, in <module>
    main()
    ~~~~^^
  File "/home/pi/pi_trigger_2pics_BGR.py", line 155, in main
    udp_sock = setup_multicast_socket()
  File "/home/pi/pi_trigger_2pics_BGR.py", line 125, in setup_multicast_socket
    iface_ip = _get_default_ip()
  File "/home/pi/pi_trigger_2pics_BGR.py", line 120, in _get_default_ip
    tmp.connect(("192.168.178.5", 80))
    ~~~~~~~~~~~^^^^^^^^^^^^^^^^^^^^^^^
OSError: [Errno 101] Network is unreachable
Traceback (most recent call last):
  File "/home/pi/pi_trigger_2pics_BGR.py", line 273, in <module>
    main()
    ~~~~^^
  File "/home/pi/pi_trigger_2pics_BGR.py", line 155, in main
    udp_sock = setup_multicast_socket()
  File "/home/pi/pi_trigger_2pics_BGR.py", line 125, in setup_multicast_socket
    iface_ip = _get_default_ip()
  File "/home/pi/pi_trigger_2pics_BGR.py", line 120, in _get_default_ip
    tmp.connect(("192.168.178.5", 80))
    ~~~~~~~~~~~^^^^^^^^^^^^^^^^^^^^^^^
OSError: [Errno 101] Network is unreachable
Traceback (most recent call last):
  File "/home/pi/pi_trigger_2pics_BGR.py", line 273, in <module>
    main()
    ~~~~^^
  File "/home/pi/pi_trigger_2pics_BGR.py", line 155, in main
    udp_sock = setup_multicast_socket()
  File "/home/pi/pi_trigger_2pics_BGR.py", line 125, in setup_multicast_socket
    iface_ip = _get_default_ip()
  File "/home/pi/pi_trigger_2pics_BGR.py", line 120, in _get_default_ip
    tmp.connect(("192.168.178.5", 80))
    ~~~~~~~~~~~^^^^^^^^^^^^^^^^^^^^^^^
OSError: [Errno 101] Network is unreachable
Traceback (most recent call last):
  File "/home/pi/pi_trigger_2pics_BGR.py", line 273, in <module>
    main()
    ~~~~^^
  File "/home/pi/pi_trigger_2pics_BGR.py", line 155, in main
    udp_sock = setup_multicast_socket()
  File "/home/pi/pi_trigger_2pics_BGR.py", line 125, in setup_multicast_socket
    iface_ip = _get_default_ip()
  File "/home/pi/pi_trigger_2pics_BGR.py", line 120, in _get_default_ip
    tmp.connect(("192.168.178.5", 80))
    ~~~~~~~~~~~^^^^^^^^^^^^^^^^^^^^^^^
OSError: [Errno 101] Network is unreachable
Traceback (most recent call last):
  File "/home/pi/pi_trigger_2pics_BGR.py", line 273, in <module>
    main()
    ~~~~^^
  File "/home/pi/pi_trigger_2pics_BGR.py", line 155, in main
    udp_sock = setup_multicast_socket()
  File "/home/pi/pi_trigger_2pics_BGR.py", line 125, in setup_multicast_socket
    iface_ip = _get_default_ip()
  File "/home/pi/pi_trigger_2pics_BGR.py", line 120, in _get_default_ip
    tmp.connect(("192.168.178.5", 80))
    ~~~~~~~~~~~^^^^^^^^^^^^^^^^^^^^^^^
OSError: [Errno 101] Network is unreachable
Traceback (most recent call last):
  File "/home/pi/pi_trigger_2pics_BGR.py", line 273, in <module>
    main()
    ~~~~^^
  File "/home/pi/pi_trigger_2pics_BGR.py", line 155, in main
    udp_sock = setup_multicast_socket()
  File "/home/pi/pi_trigger_2pics_BGR.py", line 125, in setup_multicast_socket
    iface_ip = _get_default_ip()
  File "/home/pi/pi_trigger_2pics_BGR.py", line 120, in _get_default_ip
    tmp.connect(("192.168.178.5", 80))
    ~~~~~~~~~~~^^^^^^^^^^^^^^^^^^^^^^^
OSError: [Errno 101] Network is unreachable
Traceback (most recent call last):
  File "/home/pi/pi_trigger_2pics_BGR.py", line 273, in <module>
    main()
    ~~~~^^
  File "/home/pi/pi_trigger_2pics_BGR.py", line 155, in main
    udp_sock = setup_multicast_socket()
  File "/home/pi/pi_trigger_2pics_BGR.py", line 125, in setup_multicast_socket
    iface_ip = _get_default_ip()
  File "/home/pi/pi_trigger_2pics_BGR.py", line 120, in _get_default_ip
    tmp.connect(("192.168.178.5", 80))
    ~~~~~~~~~~~^^^^^^^^^^^^^^^^^^^^^^^
OSError: [Errno 101] Network is unreachable
Traceback (most recent call last):
  File "/home/pi/pi_trigger_2pics_BGR.py", line 273, in <module>
    main()
    ~~~~^^
  File "/home/pi/pi_trigger_2pics_BGR.py", line 155, in main
    udp_sock = setup_multicast_socket()
  File "/home/pi/pi_trigger_2pics_BGR.py", line 125, in setup_multicast_socket
    iface_ip = _get_default_ip()
  File "/home/pi/pi_trigger_2pics_BGR.py", line 120, in _get_default_ip
    tmp.connect(("192.168.178.5", 80))
    ~~~~~~~~~~~^^^^^^^^^^^^^^^^^^^^^^^
OSError: [Errno 101] Network is unreachable
Traceback (most recent call last):
  File "/home/pi/pi_trigger_2pics_BGR.py", line 273, in <module>
    main()
    ~~~~^^
  File "/home/pi/pi_trigger_2pics_BGR.py", line 155, in main
    udp_sock = setup_multicast_socket()
  File "/home/pi/pi_trigger_2pics_BGR.py", line 125, in setup_multicast_socket
    iface_ip = _get_default_ip()
  File "/home/pi/pi_trigger_2pics_BGR.py", line 120, in _get_default_ip
    tmp.connect(("192.168.178.5", 80))
    ~~~~~~~~~~~^^^^^^^^^^^^^^^^^^^^^^^
OSError: [Errno 101] Network is unreachable
Traceback (most recent call last):
  File "/home/pi/pi_trigger_2pics_BGR.py", line 273, in <module>
    main()
    ~~~~^^
  File "/home/pi/pi_trigger_2pics_BGR.py", line 155, in main
    udp_sock = setup_multicast_socket()
  File "/home/pi/pi_trigger_2pics_BGR.py", line 125, in setup_multicast_socket
    iface_ip = _get_default_ip()
  File "/home/pi/pi_trigger_2pics_BGR.py", line 120, in _get_default_ip
    tmp.connect(("192.168.178.5", 80))
    ~~~~~~~~~~~^^^^^^^^^^^^^^^^^^^^^^^
OSError: [Errno 101] Network is unreachable
Traceback (most recent call last):
  File "/home/pi/pi_trigger_2pics_BGR.py", line 273, in <module>
    main()
    ~~~~^^
  File "/home/pi/pi_trigger_2pics_BGR.py", line 155, in main
    udp_sock = setup_multicast_socket()
  File "/home/pi/pi_trigger_2pics_BGR.py", line 125, in setup_multicast_socket
    iface_ip = _get_default_ip()
  File "/home/pi/pi_trigger_2pics_BGR.py", line 120, in _get_default_ip
    tmp.connect(("192.168.178.5", 80))
    ~~~~~~~~~~~^^^^^^^^^^^^^^^^^^^^^^^
OSError: [Errno 101] Network is unreachable
Traceback (most recent call last):
  File "/home/pi/pi_trigger_2pics_BGR.py", line 273, in <module>
    main()
    ~~~~^^
  File "/home/pi/pi_trigger_2pics_BGR.py", line 155, in main
    udp_sock = setup_multicast_socket()
  File "/home/pi/pi_trigger_2pics_BGR.py", line 125, in setup_multicast_socket
    iface_ip = _get_default_ip()
  File "/home/pi/pi_trigger_2pics_BGR.py", line 120, in _get_default_ip
    tmp.connect(("192.168.178.5", 80))
    ~~~~~~~~~~~^^^^^^^^^^^^^^^^^^^^^^^
OSError: [Errno 101] Network is unreachable
Traceback (most recent call last):
  File "/home/pi/pi_trigger_2pics_BGR.py", line 273, in <module>
    main()
    ~~~~^^
  File "/home/pi/pi_trigger_2pics_BGR.py", line 155, in main
    udp_sock = setup_multicast_socket()
  File "/home/pi/pi_trigger_2pics_BGR.py", line 125, in setup_multicast_socket
    iface_ip = _get_default_ip()
  File "/home/pi/pi_trigger_2pics_BGR.py", line 120, in _get_default_ip
    tmp.connect(("192.168.178.5", 80))
    ~~~~~~~~~~~^^^^^^^^^^^^^^^^^^^^^^^
OSError: [Errno 101] Network is unreachable
Traceback (most recent call last):
  File "/home/pi/pi_trigger_2pics_BGR.py", line 273, in <module>
    main()
    ~~~~^^
  File "/home/pi/pi_trigger_2pics_BGR.py", line 155, in main
    udp_sock = setup_multicast_socket()
  File "/home/pi/pi_trigger_2pics_BGR.py", line 125, in setup_multicast_socket
    iface_ip = _get_default_ip()
  File "/home/pi/pi_trigger_2pics_BGR.py", line 120, in _get_default_ip
    tmp.connect(("192.168.178.5", 80))
    ~~~~~~~~~~~^^^^^^^^^^^^^^^^^^^^^^^
OSError: [Errno 101] Network is unreachable
Traceback (most recent call last):
  File "/home/pi/pi_trigger_2pics_BGR.py", line 273, in <module>
    main()
    ~~~~^^
  File "/home/pi/pi_trigger_2pics_BGR.py", line 155, in main
    udp_sock = setup_multicast_socket()
  File "/home/pi/pi_trigger_2pics_BGR.py", line 125, in setup_multicast_socket
    iface_ip = _get_default_ip()
  File "/home/pi/pi_trigger_2pics_BGR.py", line 120, in _get_default_ip
    tmp.connect(("192.168.178.5", 80))
    ~~~~~~~~~~~^^^^^^^^^^^^^^^^^^^^^^^
OSError: [Errno 101] Network is unreachable
Traceback (most recent call last):
  File "/home/pi/pi_trigger_2pics_BGR.py", line 273, in <module>
    main()
    ~~~~^^
  File "/home/pi/pi_trigger_2pics_BGR.py", line 155, in main
    udp_sock = setup_multicast_socket()
  File "/home/pi/pi_trigger_2pics_BGR.py", line 125, in setup_multicast_socket
    iface_ip = _get_default_ip()
  File "/home/pi/pi_trigger_2pics_BGR.py", line 120, in _get_default_ip
    tmp.connect(("192.168.178.5", 80))
    ~~~~~~~~~~~^^^^^^^^^^^^^^^^^^^^^^^
OSError: [Errno 101] Network is unreachable
Traceback (most recent call last):
  File "/home/pi/pi_trigger_2pics_BGR.py", line 273, in <module>
    main()
    ~~~~^^
  File "/home/pi/pi_trigger_2pics_BGR.py", line 155, in main
    udp_sock = setup_multicast_socket()
  File "/home/pi/pi_trigger_2pics_BGR.py", line 125, in setup_multicast_socket
    iface_ip = _get_default_ip()
  File "/home/pi/pi_trigger_2pics_BGR.py", line 120, in _get_default_ip
    tmp.connect(("192.168.178.5", 80))
    ~~~~~~~~~~~^^^^^^^^^^^^^^^^^^^^^^^
OSError: [Errno 101] Network is unreachable
Traceback (most recent call last):
  File "/home/pi/pi_trigger_2pics_BGR.py", line 273, in <module>
    main()
    ~~~~^^
  File "/home/pi/pi_trigger_2pics_BGR.py", line 155, in main
    udp_sock = setup_multicast_socket()
  File "/home/pi/pi_trigger_2pics_BGR.py", line 125, in setup_multicast_socket
    iface_ip = _get_default_ip()
  File "/home/pi/pi_trigger_2pics_BGR.py", line 120, in _get_default_ip
    tmp.connect(("192.168.178.5", 80))
    ~~~~~~~~~~~^^^^^^^^^^^^^^^^^^^^^^^
OSError: [Errno 101] Network is unreachable
Traceback (most recent call last):
  File "/home/pi/pi_trigger_2pics_BGR.py", line 273, in <module>
    main()
    ~~~~^^
  File "/home/pi/pi_trigger_2pics_BGR.py", line 155, in main
    udp_sock = setup_multicast_socket()
  File "/home/pi/pi_trigger_2pics_BGR.py", line 125, in setup_multicast_socket
    iface_ip = _get_default_ip()
  File "/home/pi/pi_trigger_2pics_BGR.py", line 120, in _get_default_ip
    tmp.connect(("192.168.178.5", 80))
    ~~~~~~~~~~~^^^^^^^^^^^^^^^^^^^^^^^
OSError: [Errno 101] Network is unreachable
Traceback (most recent call last):
  File "/home/pi/pi_trigger_2pics_BGR.py", line 273, in <module>
    main()
    ~~~~^^
  File "/home/pi/pi_trigger_2pics_BGR.py", line 155, in main
    udp_sock = setup_multicast_socket()
  File "/home/pi/pi_trigger_2pics_BGR.py", line 125, in setup_multicast_socket
    iface_ip = _get_default_ip()
  File "/home/pi/pi_trigger_2pics_BGR.py", line 120, in _get_default_ip
    tmp.connect(("192.168.178.5", 80))
    ~~~~~~~~~~~^^^^^^^^^^^^^^^^^^^^^^^
OSError: [Errno 101] Network is unreachable
Fatal Python error: _enter_buffered_busy: could not acquire lock for <_io.BufferedWriter name='<stdout>'> at interpreter shutdown, possibly due to daemon threads
Python runtime state: finalizing (tstate=0x0000000000a6c840)

Current thread 0x00007fff887c0760 (most recent call first):
  <no Python frame>

Extension modules: psutil._psutil_linux, psutil._psutil_posix, numpy._core._multiarray_umath, numpy.linalg._umath_linalg, PIL._imaging, av._core, av.logging, av.bytesource, av.buffer, av.audio.format, av.error, av.dictionary, av.container.pyio, av.utils, av.option, av.descriptor, av.format, av.stream, av.container.streams, av.sidedata.motionvectors, av.sidedata.sidedata, av.opaque, av.packet, av.container.input, av.container.output, av.container.core, av.codec.context, av.video.format, av.video.reformatter, av.plane, av.video.plane, av.video.frame, av.video.stream, av.codec.hwaccel, av.codec.codec, av.frame, av.audio.layout, av.audio.plane, av.audio.frame, av.audio.stream, av.filter.pad, av.filter.link, av.filter.context, av.filter.graph, av.filter.filter, av.audio.resampler, av.filter.loudnorm, av.audio.codeccontext, av.audio.fifo, av.bitstream, av.video.codeccontext, _prctl, simplejpeg._jpeg, markupsafe._speedups (total: 54)
Traceback (most recent call last):
  File "/home/pi/pi_trigger_2pics_BGR.py", line 273, in <module>
    main()
    ~~~~^^
  File "/home/pi/pi_trigger_2pics_BGR.py", line 155, in main
    udp_sock = setup_multicast_socket()
  File "/home/pi/pi_trigger_2pics_BGR.py", line 125, in setup_multicast_socket
    iface_ip = _get_default_ip()
  File "/home/pi/pi_trigger_2pics_BGR.py", line 120, in _get_default_ip
    tmp.connect(("192.168.178.5", 80))
    ~~~~~~~~~~~^^^^^^^^^^^^^^^^^^^^^^^
OSError: [Errno 101] Network is unreachable
Traceback (most recent call last):
  File "/home/pi/pi_trigger_2pics_BGR.py", line 273, in <module>
    main()
    ~~~~^^
  File "/home/pi/pi_trigger_2pics_BGR.py", line 155, in main
    udp_sock = setup_multicast_socket()
  File "/home/pi/pi_trigger_2pics_BGR.py", line 125, in setup_multicast_socket
    iface_ip = _get_default_ip()
  File "/home/pi/pi_trigger_2pics_BGR.py", line 120, in _get_default_ip
    tmp.connect(("192.168.178.5", 80))
    ~~~~~~~~~~~^^^^^^^^^^^^^^^^^^^^^^^
OSError: [Errno 101] Network is unreachable
Traceback (most recent call last):
  File "/home/pi/pi_trigger_2pics_BGR.py", line 273, in <module>
    main()
    ~~~~^^
  File "/home/pi/pi_trigger_2pics_BGR.py", line 155, in main
    udp_sock = setup_multicast_socket()
  File "/home/pi/pi_trigger_2pics_BGR.py", line 125, in setup_multicast_socket
    iface_ip = _get_default_ip()
  File "/home/pi/pi_trigger_2pics_BGR.py", line 120, in _get_default_ip
    tmp.connect(("192.168.178.5", 80))
    ~~~~~~~~~~~^^^^^^^^^^^^^^^^^^^^^^^
OSError: [Errno 101] Network is unreachable
Traceback (most recent call last):
  File "/home/pi/pi_trigger_2pics_BGR.py", line 273, in <module>
    main()
    ~~~~^^
  File "/home/pi/pi_trigger_2pics_BGR.py", line 155, in main
    udp_sock = setup_multicast_socket()
  File "/home/pi/pi_trigger_2pics_BGR.py", line 125, in setup_multicast_socket
    iface_ip = _get_default_ip()
  File "/home/pi/pi_trigger_2pics_BGR.py", line 120, in _get_default_ip
    tmp.connect(("192.168.178.5", 80))
    ~~~~~~~~~~~^^^^^^^^^^^^^^^^^^^^^^^
OSError: [Errno 101] Network is unreachable
Traceback (most recent call last):
  File "/home/pi/pi_trigger_2pics_BGR.py", line 273, in <module>
    main()
    ~~~~^^
  File "/home/pi/pi_trigger_2pics_BGR.py", line 155, in main
    udp_sock = setup_multicast_socket()
  File "/home/pi/pi_trigger_2pics_BGR.py", line 125, in setup_multicast_socket
    iface_ip = _get_default_ip()
  File "/home/pi/pi_trigger_2pics_BGR.py", line 120, in _get_default_ip
    tmp.connect(("192.168.178.5", 80))
    ~~~~~~~~~~~^^^^^^^^^^^^^^^^^^^^^^^
OSError: [Errno 101] Network is unreachable
Traceback (most recent call last):
  File "/home/pi/pi_trigger_2pics_BGR.py", line 273, in <module>
    main()
    ~~~~^^
  File "/home/pi/pi_trigger_2pics_BGR.py", line 155, in main
    udp_sock = setup_multicast_socket()
  File "/home/pi/pi_trigger_2pics_BGR.py", line 125, in setup_multicast_socket
    iface_ip = _get_default_ip()
  File "/home/pi/pi_trigger_2pics_BGR.py", line 120, in _get_default_ip
    tmp.connect(("192.168.178.5", 80))
    ~~~~~~~~~~~^^^^^^^^^^^^^^^^^^^^^^^
OSError: [Errno 101] Network is unreachable
Traceback (most recent call last):
  File "/home/pi/pi_trigger_2pics_BGR.py", line 273, in <module>
    main()
    ~~~~^^
  File "/home/pi/pi_trigger_2pics_BGR.py", line 155, in main
    udp_sock = setup_multicast_socket()
  File "/home/pi/pi_trigger_2pics_BGR.py", line 125, in setup_multicast_socket
    iface_ip = _get_default_ip()
  File "/home/pi/pi_trigger_2pics_BGR.py", line 120, in _get_default_ip
    tmp.connect(("192.168.178.5", 80))
    ~~~~~~~~~~~^^^^^^^^^^^^^^^^^^^^^^^
OSError: [Errno 101] Network is unreachable
Traceback (most recent call last):
  File "/home/pi/pi_trigger_2pics_BGR.py", line 273, in <module>
    main()
    ~~~~^^
  File "/home/pi/pi_trigger_2pics_BGR.py", line 155, in main
    udp_sock = setup_multicast_socket()
  File "/home/pi/pi_trigger_2pics_BGR.py", line 125, in setup_multicast_socket
    iface_ip = _get_default_ip()
  File "/home/pi/pi_trigger_2pics_BGR.py", line 120, in _get_default_ip
    tmp.connect(("192.168.178.5", 80))
    ~~~~~~~~~~~^^^^^^^^^^^^^^^^^^^^^^^
OSError: [Errno 101] Network is unreachable
Traceback (most recent call last):
  File "/home/pi/pi_trigger_2pics_BGR.py", line 273, in <module>
    main()
    ~~~~^^
  File "/home/pi/pi_trigger_2pics_BGR.py", line 155, in main
    udp_sock = setup_multicast_socket()
  File "/home/pi/pi_trigger_2pics_BGR.py", line 125, in setup_multicast_socket
    iface_ip = _get_default_ip()
  File "/home/pi/pi_trigger_2pics_BGR.py", line 120, in _get_default_ip
    tmp.connect(("192.168.178.5", 80))
    ~~~~~~~~~~~^^^^^^^^^^^^^^^^^^^^^^^
OSError: [Errno 101] Network is unreachable
Traceback (most recent call last):
  File "/home/pi/pi_trigger_2pics_BGR.py", line 273, in <module>
    main()
    ~~~~^^
  File "/home/pi/pi_trigger_2pics_BGR.py", line 155, in main
    udp_sock = setup_multicast_socket()
  File "/home/pi/pi_trigger_2pics_BGR.py", line 125, in setup_multicast_socket
    iface_ip = _get_default_ip()
  File "/home/pi/pi_trigger_2pics_BGR.py", line 120, in _get_default_ip
    tmp.connect(("192.168.178.5", 80))
    ~~~~~~~~~~~^^^^^^^^^^^^^^^^^^^^^^^
OSError: [Errno 101] Network is unreachable
Traceback (most recent call last):
  File "/home/pi/pi_trigger_2pics_BGR.py", line 273, in <module>
    main()
    ~~~~^^
  File "/home/pi/pi_trigger_2pics_BGR.py", line 155, in main
    udp_sock = setup_multicast_socket()
  File "/home/pi/pi_trigger_2pics_BGR.py", line 125, in setup_multicast_socket
    iface_ip = _get_default_ip()
  File "/home/pi/pi_trigger_2pics_BGR.py", line 120, in _get_default_ip
    tmp.connect(("192.168.178.5", 80))
    ~~~~~~~~~~~^^^^^^^^^^^^^^^^^^^^^^^
OSError: [Errno 101] Network is unreachable
Traceback (most recent call last):
  File "/home/pi/pi_trigger_2pics_BGR.py", line 273, in <module>
    main()
    ~~~~^^
  File "/home/pi/pi_trigger_2pics_BGR.py", line 155, in main
    udp_sock = setup_multicast_socket()
  File "/home/pi/pi_trigger_2pics_BGR.py", line 125, in setup_multicast_socket
    iface_ip = _get_default_ip()
  File "/home/pi/pi_trigger_2pics_BGR.py", line 120, in _get_default_ip
    tmp.connect(("192.168.178.5", 80))
    ~~~~~~~~~~~^^^^^^^^^^^^^^^^^^^^^^^
OSError: [Errno 101] Network is unreachable
Traceback (most recent call last):
  File "/home/pi/pi_trigger_2pics_BGR.py", line 273, in <module>
    main()
    ~~~~^^
  File "/home/pi/pi_trigger_2pics_BGR.py", line 155, in main
    udp_sock = setup_multicast_socket()
  File "/home/pi/pi_trigger_2pics_BGR.py", line 125, in setup_multicast_socket
    iface_ip = _get_default_ip()
  File "/home/pi/pi_trigger_2pics_BGR.py", line 120, in _get_default_ip
    tmp.connect(("192.168.178.5", 80))
    ~~~~~~~~~~~^^^^^^^^^^^^^^^^^^^^^^^
OSError: [Errno 101] Network is unreachable
Traceback (most recent call last):
  File "/home/pi/pi_trigger_2pics_BGR.py", line 273, in <module>
    main()
    ~~~~^^
  File "/home/pi/pi_trigger_2pics_BGR.py", line 155, in main
    udp_sock = setup_multicast_socket()
  File "/home/pi/pi_trigger_2pics_BGR.py", line 125, in setup_multicast_socket
    iface_ip = _get_default_ip()
  File "/home/pi/pi_trigger_2pics_BGR.py", line 120, in _get_default_ip
    tmp.connect(("192.168.178.5", 80))
    ~~~~~~~~~~~^^^^^^^^^^^^^^^^^^^^^^^
OSError: [Errno 101] Network is unreachable
Traceback (most recent call last):
  File "/home/pi/pi_trigger_2pics_BGR.py", line 273, in <module>
    main()
    ~~~~^^
  File "/home/pi/pi_trigger_2pics_BGR.py", line 155, in main
    udp_sock = setup_multicast_socket()
  File "/home/pi/pi_trigger_2pics_BGR.py", line 125, in setup_multicast_socket
    iface_ip = _get_default_ip()
  File "/home/pi/pi_trigger_2pics_BGR.py", line 120, in _get_default_ip
    tmp.connect(("192.168.178.5", 80))
    ~~~~~~~~~~~^^^^^^^^^^^^^^^^^^^^^^^
OSError: [Errno 101] Network is unreachable
Traceback (most recent call last):
  File "/home/pi/pi_trigger_2pics_BGR.py", line 273, in <module>
    main()
    ~~~~^^
  File "/home/pi/pi_trigger_2pics_BGR.py", line 155, in main
    udp_sock = setup_multicast_socket()
  File "/home/pi/pi_trigger_2pics_BGR.py", line 125, in setup_multicast_socket
    iface_ip = _get_default_ip()
  File "/home/pi/pi_trigger_2pics_BGR.py", line 120, in _get_default_ip
    tmp.connect(("192.168.178.5", 80))
    ~~~~~~~~~~~^^^^^^^^^^^^^^^^^^^^^^^
OSError: [Errno 101] Network is unreachable
Traceback (most recent call last):
  File "/home/pi/pi_trigger_2pics_BGR.py", line 273, in <module>
    main()
    ~~~~^^
  File "/home/pi/pi_trigger_2pics_BGR.py", line 155, in main
    udp_sock = setup_multicast_socket()
  File "/home/pi/pi_trigger_2pics_BGR.py", line 125, in setup_multicast_socket
    iface_ip = _get_default_ip()
  File "/home/pi/pi_trigger_2pics_BGR.py", line 120, in _get_default_ip
    tmp.connect(("192.168.178.5", 80))
    ~~~~~~~~~~~^^^^^^^^^^^^^^^^^^^^^^^
OSError: [Errno 101] Network is unreachable
Traceback (most recent call last):
  File "/home/pi/pi_trigger_2pics_BGR.py", line 273, in <module>
    main()
    ~~~~^^
  File "/home/pi/pi_trigger_2pics_BGR.py", line 155, in main
    udp_sock = setup_multicast_socket()
  File "/home/pi/pi_trigger_2pics_BGR.py", line 125, in setup_multicast_socket
    iface_ip = _get_default_ip()
  File "/home/pi/pi_trigger_2pics_BGR.py", line 120, in _get_default_ip
    tmp.connect(("192.168.178.5", 80))
    ~~~~~~~~~~~^^^^^^^^^^^^^^^^^^^^^^^
OSError: [Errno 101] Network is unreachable
Traceback (most recent call last):
  File "/home/pi/pi_trigger_2pics_BGR.py", line 273, in <module>
    main()
    ~~~~^^
  File "/home/pi/pi_trigger_2pics_BGR.py", line 155, in main
    udp_sock = setup_multicast_socket()
  File "/home/pi/pi_trigger_2pics_BGR.py", line 125, in setup_multicast_socket
    iface_ip = _get_default_ip()
  File "/home/pi/pi_trigger_2pics_BGR.py", line 120, in _get_default_ip
    tmp.connect(("192.168.178.5", 80))
    ~~~~~~~~~~~^^^^^^^^^^^^^^^^^^^^^^^
OSError: [Errno 101] Network is unreachable
Traceback (most recent call last):
  File "/home/pi/pi_trigger_2pics_BGR.py", line 273, in <module>
    main()
    ~~~~^^
  File "/home/pi/pi_trigger_2pics_BGR.py", line 155, in main
    udp_sock = setup_multicast_socket()
  File "/home/pi/pi_trigger_2pics_BGR.py", line 125, in setup_multicast_socket
    iface_ip = _get_default_ip()
  File "/home/pi/pi_trigger_2pics_BGR.py", line 120, in _get_default_ip
    tmp.connect(("192.168.178.5", 80))
    ~~~~~~~~~~~^^^^^^^^^^^^^^^^^^^^^^^
OSError: [Errno 101] Network is unreachable
Traceback (most recent call last):
  File "/home/pi/pi_trigger_2pics_BGR.py", line 273, in <module>
    main()
    ~~~~^^
  File "/home/pi/pi_trigger_2pics_BGR.py", line 155, in main
    udp_sock = setup_multicast_socket()
  File "/home/pi/pi_trigger_2pics_BGR.py", line 125, in setup_multicast_socket
    iface_ip = _get_default_ip()
  File "/home/pi/pi_trigger_2pics_BGR.py", line 120, in _get_default_ip
    tmp.connect(("192.168.178.5", 80))
    ~~~~~~~~~~~^^^^^^^^^^^^^^^^^^^^^^^
OSError: [Errno 101] Network is unreachable
Traceback (most recent call last):
  File "/home/pi/pi_trigger_2pics_BGR.py", line 273, in <module>
    main()
    ~~~~^^
  File "/home/pi/pi_trigger_2pics_BGR.py", line 155, in main
    udp_sock = setup_multicast_socket()
  File "/home/pi/pi_trigger_2pics_BGR.py", line 125, in setup_multicast_socket
    iface_ip = _get_default_ip()
  File "/home/pi/pi_trigger_2pics_BGR.py", line 120, in _get_default_ip
    tmp.connect(("192.168.178.5", 80))
    ~~~~~~~~~~~^^^^^^^^^^^^^^^^^^^^^^^
OSError: [Errno 101] Network is unreachable
Traceback (most recent call last):
  File "/home/pi/pi_trigger_2pics_BGR.py", line 273, in <module>
    main()
    ~~~~^^
  File "/home/pi/pi_trigger_2pics_BGR.py", line 155, in main
    udp_sock = setup_multicast_socket()
  File "/home/pi/pi_trigger_2pics_BGR.py", line 125, in setup_multicast_socket
    iface_ip = _get_default_ip()
  File "/home/pi/pi_trigger_2pics_BGR.py", line 120, in _get_default_ip
    tmp.connect(("192.168.178.5", 80))
    ~~~~~~~~~~~^^^^^^^^^^^^^^^^^^^^^^^
OSError: [Errno 101] Network is unreachable
Traceback (most recent call last):
  File "/home/pi/pi_trigger_2pics_BGR.py", line 273, in <module>
    main()
    ~~~~^^
  File "/home/pi/pi_trigger_2pics_BGR.py", line 155, in main
    udp_sock = setup_multicast_socket()
  File "/home/pi/pi_trigger_2pics_BGR.py", line 125, in setup_multicast_socket
    iface_ip = _get_default_ip()
  File "/home/pi/pi_trigger_2pics_BGR.py", line 120, in _get_default_ip
    tmp.connect(("192.168.178.5", 80))
    ~~~~~~~~~~~^^^^^^^^^^^^^^^^^^^^^^^
OSError: [Errno 101] Network is unreachable
Traceback (most recent call last):
  File "/home/pi/pi_trigger_2pics_BGR.py", line 273, in <module>
    main()
    ~~~~^^
  File "/home/pi/pi_trigger_2pics_BGR.py", line 155, in main
    udp_sock = setup_multicast_socket()
  File "/home/pi/pi_trigger_2pics_BGR.py", line 125, in setup_multicast_socket
    iface_ip = _get_default_ip()
  File "/home/pi/pi_trigger_2pics_BGR.py", line 120, in _get_default_ip
    tmp.connect(("192.168.178.5", 80))
    ~~~~~~~~~~~^^^^^^^^^^^^^^^^^^^^^^^
OSError: [Errno 101] Network is unreachable
Traceback (most recent call last):
  File "/home/pi/pi_trigger_2pics_BGR.py", line 273, in <module>
    main()
    ~~~~^^
  File "/home/pi/pi_trigger_2pics_BGR.py", line 155, in main
    udp_sock = setup_multicast_socket()
  File "/home/pi/pi_trigger_2pics_BGR.py", line 125, in setup_multicast_socket
    iface_ip = _get_default_ip()
  File "/home/pi/pi_trigger_2pics_BGR.py", line 120, in _get_default_ip
    tmp.connect(("192.168.178.5", 80))
    ~~~~~~~~~~~^^^^^^^^^^^^^^^^^^^^^^^
OSError: [Errno 101] Network is unreachable
Traceback (most recent call last):
  File "/home/pi/pi_trigger_2pics_BGR.py", line 273, in <module>
    main()
    ~~~~^^
  File "/home/pi/pi_trigger_2pics_BGR.py", line 155, in main
    udp_sock = setup_multicast_socket()
  File "/home/pi/pi_trigger_2pics_BGR.py", line 125, in setup_multicast_socket
    iface_ip = _get_default_ip()
  File "/home/pi/pi_trigger_2pics_BGR.py", line 120, in _get_default_ip
    tmp.connect(("192.168.178.5", 80))
    ~~~~~~~~~~~^^^^^^^^^^^^^^^^^^^^^^^
OSError: [Errno 101] Network is unreachable
Traceback (most recent call last):
  File "/home/pi/pi_trigger_2pics_BGR.py", line 273, in <module>
    main()
    ~~~~^^
  File "/home/pi/pi_trigger_2pics_BGR.py", line 155, in main
    udp_sock = setup_multicast_socket()
  File "/home/pi/pi_trigger_2pics_BGR.py", line 125, in setup_multicast_socket
    iface_ip = _get_default_ip()
  File "/home/pi/pi_trigger_2pics_BGR.py", line 120, in _get_default_ip
    tmp.connect(("192.168.178.5", 80))
    ~~~~~~~~~~~^^^^^^^^^^^^^^^^^^^^^^^
OSError: [Errno 101] Network is unreachable
Traceback (most recent call last):
  File "/home/pi/pi_trigger_2pics_BGR.py", line 273, in <module>
    main()
    ~~~~^^
  File "/home/pi/pi_trigger_2pics_BGR.py", line 155, in main
    udp_sock = setup_multicast_socket()
  File "/home/pi/pi_trigger_2pics_BGR.py", line 125, in setup_multicast_socket
    iface_ip = _get_default_ip()
  File "/home/pi/pi_trigger_2pics_BGR.py", line 120, in _get_default_ip
    tmp.connect(("192.168.178.5", 80))
    ~~~~~~~~~~~^^^^^^^^^^^^^^^^^^^^^^^
OSError: [Errno 101] Network is unreachable
[0:00:49.660548647] [2064] [1;32m INFO [1;37mCamera [1;34mcamera_manager.cpp:340 [0mlibcamera v0.6.0+rpt20251202
[0:00:49.669734811] [2082] [1;32m INFO [1;37mRPI [1;34mpisp.cpp:720 [0mlibpisp version 1.3.0
[0:00:49.672344821] [2082] [1;32m INFO [1;37mIPAProxy [1;34mipa_proxy.cpp:180 [0mUsing tuning file /usr/share/libcamera/ipa/rpi/pisp/imx477.json
[0:00:49.679643678] [2082] [1;32m INFO [1;37mCamera [1;34mcamera_manager.cpp:223 [0mAdding camera '/base/axi/pcie@1000120000/rp1/i2c@88000/imx477@1a' for pipeline handler rpi/pisp
[0:00:49.679672126] [2082] [1;32m INFO [1;37mRPI [1;34mpisp.cpp:1181 [0mRegistered camera /base/axi/pcie@1000120000/rp1/i2c@88000/imx477@1a to CFE device /dev/media0 and ISP device /dev/media2 using PiSP variant BCM2712_D0
[0:00:49.682904892] [2064] [1;32m INFO [1;37mCamera [1;34mcamera.cpp:1215 [0mconfiguring streams: (0) 4056x3040-BGR888/sRGB (1) 4056x3040-BGGR_PISP_COMP1/RAW
[0:00:49.683009855] [2082] [1;32m INFO [1;37mRPI [1;34mpisp.cpp:1485 [0mSensor: /base/axi/pcie@1000120000/rp1/i2c@88000/imx477@1a - Selected sensor format: 4056x3040-SBGGR12_1X12/RAW - Selected CFE format: 4056x3040-PC1B/RAW
[0:00:56.870879163] [2248] [1;32m INFO [1;37mCamera [1;34mcamera_manager.cpp:340 [0mlibcamera v0.6.0+rpt20251202
[0:00:56.879136153] [2264] [1;32m INFO [1;37mRPI [1;34mpisp.cpp:720 [0mlibpisp version 1.3.0
[0:00:56.881508150] [2264] [1;32m INFO [1;37mIPAProxy [1;34mipa_proxy.cpp:180 [0mUsing tuning file /usr/share/libcamera/ipa/rpi/pisp/imx477.json
[0:00:56.888195605] [2264] [1;32m INFO [1;37mCamera [1;34mcamera_manager.cpp:223 [0mAdding camera '/base/axi/pcie@1000120000/rp1/i2c@88000/imx477@1a' for pipeline handler rpi/pisp
[0:00:56.888224530] [2264] [1;32m INFO [1;37mRPI [1;34mpisp.cpp:1181 [0mRegistered camera /base/axi/pcie@1000120000/rp1/i2c@88000/imx477@1a to CFE device /dev/media0 and ISP device /dev/media2 using PiSP variant BCM2712_D0
[0:00:56.891267286] [2248] [1;32m INFO [1;37mCamera [1;34mcamera.cpp:1215 [0mconfiguring streams: (0) 4056x3040-BGR888/sRGB (1) 4056x3040-BGGR_PISP_COMP1/RAW
[0:00:56.891354323] [2264] [1;32m INFO [1;37mRPI [1;34mpisp.cpp:1485 [0mSensor: /base/axi/pcie@1000120000/rp1/i2c@88000/imx477@1a - Selected sensor format: 4056x3040-SBGGR12_1X12/RAW - Selected CFE format: 4056x3040-PC1B/RAW
Traceback (most recent call last):
  File "/home/pi/pi_trigger_2pics_BGR.py", line 273, in <module>
    main()
    ~~~~^^
  File "/home/pi/pi_trigger_2pics_BGR.py", line 155, in main
    udp_sock = setup_multicast_socket()
  File "/home/pi/pi_trigger_2pics_BGR.py", line 125, in setup_multicast_socket
    iface_ip = _get_default_ip()
  File "/home/pi/pi_trigger_2pics_BGR.py", line 120, in _get_default_ip
    tmp.connect(("192.168.178.5", 80))
    ~~~~~~~~~~~^^^^^^^^^^^^^^^^^^^^^^^
OSError: [Errno 101] Network is unreachable
Traceback (most recent call last):
  File "/home/pi/pi_trigger_2pics_BGR.py", line 273, in <module>
    main()
    ~~~~^^
  File "/home/pi/pi_trigger_2pics_BGR.py", line 155, in main
    udp_sock = setup_multicast_socket()
  File "/home/pi/pi_trigger_2pics_BGR.py", line 125, in setup_multicast_socket
    iface_ip = _get_default_ip()
  File "/home/pi/pi_trigger_2pics_BGR.py", line 120, in _get_default_ip
    tmp.connect(("192.168.178.5", 80))
    ~~~~~~~~~~~^^^^^^^^^^^^^^^^^^^^^^^
OSError: [Errno 101] Network is unreachable
Traceback (most recent call last):
  File "/home/pi/pi_trigger_2pics_BGR.py", line 273, in <module>
    main()
    ~~~~^^
  File "/home/pi/pi_trigger_2pics_BGR.py", line 155, in main
    udp_sock = setup_multicast_socket()
  File "/home/pi/pi_trigger_2pics_BGR.py", line 125, in setup_multicast_socket
    iface_ip = _get_default_ip()
  File "/home/pi/pi_trigger_2pics_BGR.py", line 120, in _get_default_ip
    tmp.connect(("192.168.178.5", 80))
    ~~~~~~~~~~~^^^^^^^^^^^^^^^^^^^^^^^
OSError: [Errno 101] Network is unreachable
Traceback (most recent call last):
  File "/home/pi/pi_trigger_2pics_BGR.py", line 273, in <module>
    main()
    ~~~~^^
  File "/home/pi/pi_trigger_2pics_BGR.py", line 155, in main
    udp_sock = setup_multicast_socket()
  File "/home/pi/pi_trigger_2pics_BGR.py", line 125, in setup_multicast_socket
    iface_ip = _get_default_ip()
  File "/home/pi/pi_trigger_2pics_BGR.py", line 120, in _get_default_ip
    tmp.connect(("192.168.178.5", 80))
    ~~~~~~~~~~~^^^^^^^^^^^^^^^^^^^^^^^
OSError: [Errno 101] Network is unreachable
Traceback (most recent call last):
  File "/home/pi/pi_trigger_2pics_BGR.py", line 273, in <module>
    main()
    ~~~~^^
  File "/home/pi/pi_trigger_2pics_BGR.py", line 155, in main
    udp_sock = setup_multicast_socket()
  File "/home/pi/pi_trigger_2pics_BGR.py", line 125, in setup_multicast_socket
    iface_ip = _get_default_ip()
  File "/home/pi/pi_trigger_2pics_BGR.py", line 120, in _get_default_ip
    tmp.connect(("192.168.178.5", 80))
    ~~~~~~~~~~~^^^^^^^^^^^^^^^^^^^^^^^
OSError: [Errno 101] Network is unreachable
Traceback (most recent call last):
  File "/home/pi/pi_trigger_2pics_BGR.py", line 273, in <module>
    main()
    ~~~~^^
  File "/home/pi/pi_trigger_2pics_BGR.py", line 155, in main
    udp_sock = setup_multicast_socket()
  File "/home/pi/pi_trigger_2pics_BGR.py", line 125, in setup_multicast_socket
    iface_ip = _get_default_ip()
  File "/home/pi/pi_trigger_2pics_BGR.py", line 120, in _get_default_ip
    tmp.connect(("192.168.178.5", 80))
    ~~~~~~~~~~~^^^^^^^^^^^^^^^^^^^^^^^
OSError: [Errno 101] Network is unreachable
Traceback (most recent call last):
  File "/home/pi/pi_trigger_2pics_BGR.py", line 273, in <module>
    main()
    ~~~~^^
  File "/home/pi/pi_trigger_2pics_BGR.py", line 155, in main
    udp_sock = setup_multicast_socket()
  File "/home/pi/pi_trigger_2pics_BGR.py", line 125, in setup_multicast_socket
    iface_ip = _get_default_ip()
  File "/home/pi/pi_trigger_2pics_BGR.py", line 120, in _get_default_ip
    tmp.connect(("192.168.178.5", 80))
    ~~~~~~~~~~~^^^^^^^^^^^^^^^^^^^^^^^
OSError: [Errno 101] Network is unreachable
[0:00:50.012807512] [2085] [1;32m INFO [1;37mCamera [1;34mcamera_manager.cpp:340 [0mlibcamera v0.6.0+rpt20251202
[0:00:50.021022973] [2101] [1;32m INFO [1;37mRPI [1;34mpisp.cpp:720 [0mlibpisp version 1.3.0
[0:00:50.023367140] [2101] [1;32m INFO [1;37mIPAProxy [1;34mipa_proxy.cpp:180 [0mUsing tuning file /usr/share/libcamera/ipa/rpi/pisp/imx477.json
[0:00:50.030045972] [2101] [1;32m INFO [1;37mCamera [1;34mcamera_manager.cpp:223 [0mAdding camera '/base/axi/pcie@1000120000/rp1/i2c@88000/imx477@1a' for pipeline handler rpi/pisp
[0:00:50.030071139] [2101] [1;32m INFO [1;37mRPI [1;34mpisp.cpp:1181 [0mRegistered camera /base/axi/pcie@1000120000/rp1/i2c@88000/imx477@1a to CFE device /dev/media2 and ISP device /dev/media0 using PiSP variant BCM2712_D0
[0:00:50.033073916] [2085] [1;32m INFO [1;37mCamera [1;34mcamera.cpp:1215 [0mconfiguring streams: (0) 4056x3040-BGR888/sRGB (1) 4056x3040-BGGR_PISP_COMP1/RAW
[0:00:50.033169675] [2101] [1;32m INFO [1;37mRPI [1;34mpisp.cpp:1485 [0mSensor: /base/axi/pcie@1000120000/rp1/i2c@88000/imx477@1a - Selected sensor format: 4056x3040-SBGGR12_1X12/RAW - Selected CFE format: 4056x3040-PC1B/RAW
